State,StateID,Year,MurderPer100K,DeathPenalty,Population,UrbanPct,AvgEducation,SchoolSpendEq,AvgIdeol,CitizenIdeol,EliteIdeol
Alabama,1,1985,9.8000002,1,4021,60,11.60314,89,33.349998,27.877131,38.416672
Alabama,1,1986,10.1,1,4051,60,11.71014,89,34.799999,37.791248,49.75
Alabama,1,1987,9.3000002,1,4084,60,11.81713,89,34.799999,38.516708,34.42857
Alabama,1,1988,9.8999996,1,4102,60,11.92413,89,35.990002,45.029911,40.94643
Alabama,1,1989,10.2,1,4030,60,12.03113,89,35.990002,37.472172,31.73214
Alabama,1,1990,11.6,1,4041,56.799999,12.13812,89,38.119999,33.83577,29.285721
Alabama,1,1991,11.5,1,4089,56.799999,12.24607,89,38.119999,39.809151,33.01786
Alabama,1,1992,11,1,4131,56.799999,12.35498,89,39.299999,39.622028,34.57143
Alabama,1,1993,11.6,1,4181,56.799999,12.46485,89,39.299999,39.01672,55.133331
Alabama,1,1994,11.9,1,4219,56.799999,12.57571,89,40.299999,39.415359,60.25
Alaska,2,1985,9.8000002,0,533,64.300003,13.14187,69,42.380001,38.52906,51.861858
Alaska,2,1986,8.6000004,0,544,64.300003,13.19961,69,42.380001,44.195381,56.450878
Alaska,2,1987,10.1,0,539,64.300003,13.25734,69,42.380001,47.606869,60.937241
Alaska,2,1988,5.6999998,0,542,64.300003,13.31507,69,42.380001,48.03413,63.18869
Alaska,2,1989,8,0,547,64.300003,13.37281,69,42.380001,39.92857,54.861069
Alaska,2,1990,7.5,0,550,61,13.43054,69,42.380001,50.346779,61.29348
Alaska,2,1991,7.4000001,0,570,61,13.48852,69,42.380001,42.252609,49.828159
Alaska,2,1992,7.5,0,587,61,13.54675,69,42.380001,46.582512,54.597309
Alaska,2,1993,9,0,598,61,13.60524,69,42.380001,46.05986,50.895229
Alaska,2,1994,6.3000002,0,606,61,13.66397,69,41.77,32.85638,40.55368
Arizona,3,1985,8,1,3161,83.800003,12.65567,74,31.379999,33.112549,36.875
Arizona,3,1986,9.3000002,1,3280,83.800003,12.73412,74,31.379999,35.244091,39.049999
Arizona,3,1987,7.5,1,3400,83.800003,12.81257,74,31.379999,38.00145,6.900002
Arizona,3,1988,8.5,1,3489,83.800003,12.89102,74,37.41,37.737202,36.380001
Arizona,3,1989,6.6999998,1,3622,83.800003,12.96947,74,37.41,37.225971,48.31834
Arizona,3,1990,7.6999998,1,3665,86.5,13.04791,74,29.809999,38.652012,47.330002
Arizona,3,1991,7.8000002,1,3750,86.5,13.12684,74,29.809999,35.661991,31.42667
Arizona,3,1992,8.1000004,1,3835,86.5,13.20624,74,29.809999,43.210171,33.959999
Arizona,3,1993,8.6000004,1,3945,86.5,13.28612,74,29.809999,39.20747,7.618753
Arizona,3,1994,10.5,1,4075,86.5,13.36648,74,25.32,33.25238,7.5500031
Arkansas,4,1985,7.9000001,1,2360,51.599998,11.52834,83,41.459999,46.153221,66.599998
Arkansas,4,1986,8.1000004,1,2371,51.599998,11.6349,83,46.439999,40.696671,62.400002
Arkansas,4,1987,7.5999999,1,2388,51.599998,11.74147,83,46.439999,50.925331,74
Arkansas,4,1988,8.6999998,1,2395,51.599998,11.84803,83,50.029999,56.596329,80.599998
Arkansas,4,1989,8.3999996,1,2346,51.599998,11.9546,83,50.029999,53.948101,78.75
Arkansas,4,1990,10.3,1,2351,52,12.06116,83,50.029999,41.137539,62.375
Arkansas,4,1991,11.1,1,2372,52,12.16867,83,50.029999,40.27739,63.900002
Arkansas,4,1992,10.8,1,2395,52,12.27715,83,51.200001,45.694469,76
Arkansas,4,1993,10.2,1,2426,52,12.38659,83,51.200001,42.232029,70.75
Arkansas,4,1994,12,1,2453,52,12.497,83,51.200001,40.295879,64.875
California,5,1985,10.5,1,26353,91.300003,12.80108,65,75.650002,50.979271,47.7327
California,5,1986,11.3,1,26977,91.300003,12.86666,65,63.93,51.10915,47.407169
California,5,1987,10.6,1,27653,91.300003,12.93224,65,63.93,53.229679,45.614189
California,5,1988,10.4,1,28314,91.300003,12.99782,65,42,56.605179,48.8797
California,5,1989,10.9,1,28218,91.300003,13.0634,65,42,55.777328,50.86441
California,5,1990,11.9,1,29760,93.699997,13.12898,65,42.18,53.49765,48.844292
California,5,1991,12.7,1,30380,93.699997,13.19489,65,42.18,51.67017,48.406559
California,5,1992,12.7,1,30909,93.699997,13.26113,65,42.400002,52.472,48.919651
California,5,1993,13.1,1,31217,93.699997,13.3277,65,42.400002,53.25452,49.397018
California,5,1994,11.8,1,31431,93.699997,13.39461,65,33.59,48.930889,43.749199
Colorado,6,1985,5.8000002,1,3232,80.599998,13.22339,82,40.540001,39.416199,45.133331
Colorado,6,1986,7,1,3265,80.599998,13.29315,82,44.990002,42.599709,48.01667
Colorado,6,1987,5.8000002,1,3293,80.599998,13.3629,82,44.990002,42.35664,45.375
Colorado,6,1988,5.6999998,1,3301,80.599998,13.43265,82,44.799999,51.123871,52.9375
Colorado,6,1989,4.4000001,1,3276,80.599998,13.50241,82,44.799999,45.977489,46.75
Colorado,6,1990,4.1999998,1,3294,83.800003,13.57216,82,44.799999,44.102509,44.1875
Colorado,6,1991,5.9000001,1,3377,83.800003,13.64228,82,44.799999,46.33654,46.834621
Colorado,6,1992,6.1999998,1,3463,83.800003,13.71275,82,44.799999,47.75729,48.104809
Colorado,6,1993,5.8000002,1,3564,83.800003,13.78359,82,44.799999,42.86269,56.388062
Colorado,6,1994,5.4000001,1,3656,83.800003,13.8548,82,46.5,41.300812,54.141102
Connecticut,7,1985,3.8,1,3175,78.800003,12.80575,72,66.980003,70.426033,71.418877
Connecticut,7,1986,4.5999999,1,3194,78.800003,12.9047,72,76.889999,79.121964,79.204643
Connecticut,7,1987,4.9000001,1,3212,78.800003,13.00364,72,76.889999,77.973579,90.125
Connecticut,7,1988,5.4000001,1,3233,78.800003,13.10259,72,76.889999,81.913742,93.5
Connecticut,7,1989,5.9000001,1,3283,78.800003,13.20153,72,64.830002,72.487221,91.019287
Connecticut,7,1990,5.0999999,1,3287,87,13.30048,72,67.18,66.988129,85.626183
Connecticut,7,1991,5.6999998,1,3291,87,13.40016,72,67.18,61.638069,70.900497
Connecticut,7,1992,5.0999999,1,3279,87,13.5006,72,67.580002,66.204002,73.457512
Connecticut,7,1993,6.3000002,1,3278,87,13.60178,72,67.580002,62.474499,71.138313
Connecticut,7,1994,6.5999999,1,3275,87,13.70373,72,57.869999,55.51228,61.482552
Delaware,8,1985,4.8000002,1,618,70.599998,12.56744,92,52.349998,46.20871,33.767681
Delaware,8,1986,4.9000001,1,626,70.599998,12.65357,92,36.810001,48.824249,33.745121
Delaware,8,1987,5.0999999,1,637,70.599998,12.73971,92,36.810001,59.77681,48.868599
Delaware,8,1988,5.1999998,1,648,70.599998,12.82585,92,27.379999,48.765591,40.980789
Delaware,8,1989,5.0999999,1,660,70.599998,12.91199,92,27.379999,49.569771,25.506399
Delaware,8,1990,5,1,658,79.199997,12.99812,92,27.379999,57.284389,42.673779
Delaware,8,1991,5.4000001,1,666,79.199997,13.08484,92,27.379999,55.069382,37.716461
Delaware,8,1992,4.5999999,1,690,79.199997,13.17212,92,27.299999,59.661789,41.745731
Delaware,8,1993,5,1,698,79.199997,13.26,92,27.299999,54.858509,73.263412
Delaware,8,1994,4.6999998,1,706,79.199997,13.34846,92,38.07,54.824108,72.134758
Florida,9,1985,11.4,1,11367,84.300003,12.31098,79,40.970001,38.587479,60
Florida,9,1986,11.7,1,11688,84.300003,12.39747,79,43.639999,35.669258,56.846149
Florida,9,1987,11.4,1,12022,84.300003,12.48395,79,43.639999,40.333389,37.35714
Florida,9,1988,11.4,1,12335,84.300003,12.57043,79,40.5,41.697769,39.10714
Florida,9,1989,11.1,1,12638,84.300003,12.65691,79,40.5,43.43346,41.22744
Florida,9,1990,10.7,1,12938,88,12.74339,79,40.5,41.88308,40.13055
Florida,9,1991,9.3999996,1,13277,88,12.83047,79,40.5,42.77663,66.560677
Florida,9,1992,9,1,13510,88,12.91814,79,43.049999,44.751598,67.29409
Florida,9,1993,8.8999996,1,13726,88,13.0064,79,43.049999,46.800961,70.402603
Florida,9,1994,8.3000002,1,13953,88,13.09527,79,43.049999,42.85112,62.02034
Georgia,10,1985,10.4,1,5975,62.400002,11.85983,86,33.220001,25.48201,34.388889
Georgia,10,1986,11.2,1,6101,62.400002,11.9851,86,33.220001,23.633261,32.111111
Georgia,10,1987,11.8,1,6227,62.400002,12.11036,86,33.220001,39.64835,55.25
Georgia,10,1988,11.7,1,6342,62.400002,12.23562,86,33.669998,40.535549,57.950001
Georgia,10,1989,12.7,1,6411,62.400002,12.36089,86,33.669998,31.893881,47.772732
Georgia,10,1990,11.8,1,6478,68.699997,12.48615,86,35.599998,37.840889,47.409088
Georgia,10,1991,12.8,1,6623,68.699997,12.61269,86,35.599998,36.408508,51.772732
Georgia,10,1992,11,1,6765,68.699997,12.7405,86,35.599998,44.470661,61.81818
Georgia,10,1993,11.4,1,6902,68.699997,12.86961,86,35.599998,38.067669,63.5625
Georgia,10,1994,10,1,7055,68.699997,13.00003,86,43.369999,33.722832,57.4375
Hawaii,11,1985,4.0999999,0,1050,86.5,12.62593,100,79.040001,66.762337,78.375
Hawaii,11,1986,4.8000002,0,1064,86.5,12.69996,100,79.040001,48.54842,62.333328
Hawaii,11,1987,4.8000002,0,1082,86.5,12.77399,100,79.040001,66.814774,86.166656
Hawaii,11,1988,4,0,1098,86.5,12.84801,100,79.040001,81.086906,89.5
Hawaii,11,1989,4.8000002,0,1095,86.5,12.92204,100,79.040001,69.372833,84.833344
Hawaii,11,1990,4,0,1108,90.5,12.99607,100,80.160004,72.074043,89.735626
Hawaii,11,1991,4,0,1135,90.5,13.07053,100,80.160004,77.952217,94.25
Hawaii,11,1992,3.5999999,0,1153,90.5,13.14541,100,70.849998,74.957977,90.625
Hawaii,11,1993,3.8,0,1166,90.5,13.22071,100,70.849998,82.22216,95.75
Hawaii,11,1994,4.1999998,0,1179,90.5,13.29646,100,82.209999,76.733513,90.625
Idaho,12,1985,2.2,1,1005,54,12.74766,77,34.57,16.34495,20.16667
Idaho,12,1986,3.2,1,1003,54,12.81308,77,34.57,23.564569,27.66667
Idaho,12,1987,3.0999999,1,1000,54,12.87849,77,34.57,26.04162,29.66667
Idaho,12,1988,3.5999999,1,1003,54,12.94391,77,37.919998,29.32123,32.916672
Idaho,12,1989,2.5999999,1,994,54,13.00933,77,37.919998,20.98237,24.85714
Idaho,12,1990,2.7,1,1007,62.200001,13.07475,77,35.150002,21.926929,23.22698
Idaho,12,1991,1.8,1,1039,62.200001,13.14049,77,35.150002,34.27623,39.40625
Idaho,12,1992,3.5,1,1066,62.200001,13.20657,77,35.150002,40.724609,48.8125
Idaho,12,1993,2.9000001,1,1100,62.200001,13.27298,77,35.150002,35.139061,39.916672
Idaho,12,1994,3.5,1,1133,62.200001,13.33972,77,38.650002,22.917299,27
Illinois,13,1985,8,1,11539,83.300003,12.4908,70,37.189999,52.00581,41.712761
Illinois,13,1986,8.8999996,1,11553,83.300003,12.59038,70,37.23,52.2901,40.288792
Illinois,13,1987,8.3000002,1,11584,83.300003,12.68996,70,37.23,53.427841,42.072201
Illinois,13,1988,8.6000004,1,11614,83.300003,12.78954,70,37.23,58.42329,48.334019
Illinois,13,1989,9,1,11410,83.300003,12.88911,70,37.23,53.544289,41.383469
Illinois,13,1990,10.3,1,11431,86.400002,12.98869,70,43.91,51.47366,38.205078
Illinois,13,1991,11.3,1,11543,86.400002,13.08904,70,43.91,50.713749,39.48737
Illinois,13,1992,11.4,1,11610,86.400002,13.19016,70,43.25,57.434761,47.805199
Illinois,13,1993,11.4,1,11686,86.400002,13.29206,70,43.25,51.635681,29.23657
Illinois,13,1994,11.7,1,11752,86.400002,13.39476,70,44.93,47.117691,28.70059
Indiana,14,1985,5.8000002,1,5500,64.199997,12.2613,85,9.5799999,38.602791,9.7142878
Indiana,14,1986,6,1,5503,64.199997,12.35117,85,9.4899998,42.607029,11.92857
Indiana,14,1987,5.5999999,1,5530,64.199997,12.44104,85,9.4899998,47.429581,14.59
Indiana,14,1988,6.4000001,1,5556,64.199997,12.5309,85,9.4899998,52.341339,17.466669
Indiana,14,1989,6.3000002,1,5524,64.199997,12.62077,85,9.4899998,47.27039,61.01685
Indiana,14,1990,6.1999998,1,5544,69.099998,12.71064,85,9.4899998,43.918308,53.856998
Indiana,14,1991,7.5,1,5610,69.099998,12.80115,85,9.4899998,46.148129,60.34375
Indiana,14,1992,8.1999998,1,5652,69.099998,12.89231,85,20.969999,49.886261,64.140633
Indiana,14,1993,7.5,1,5706,69.099998,12.98411,85,20.969999,46.361679,62.787998
Indiana,14,1994,7.9000001,1,5752,69.099998,13.07657,85,21.280001,35.487141,51.28743
Iowa,15,1985,1.9,0,2873,58.599998,12.49591,85,18.17,57.651749,58.108002
Iowa,15,1986,1.8,0,2840,58.599998,12.57324,85,18.1,52.207699,52.639999
Iowa,15,1987,2.0999999,0,2823,58.599998,12.65057,85,18.1,54.326061,55.023998
Iowa,15,1988,1.7,0,2834,58.599998,12.72791,85,20.459999,61.033119,61.880001
Iowa,15,1989,1.9,0,2771,58.599998,12.80524,85,20.459999,49.645592,52.066669
Iowa,15,1990,1.9,0,2777,59.400002,12.88257,85,23.030001,49.97662,52.083328
Iowa,15,1991,2,0,2795,59.400002,12.96037,85,23.030001,50.021721,46.948002
Iowa,15,1992,1.6,0,2808,59.400002,13.03863,85,23.030001,53.04253,51.438332
Iowa,15,1993,2.3,0,2821,59.400002,13.11737,85,23.030001,46.271858,36.799999
Iowa,15,1994,1.7,0,2829,59.400002,13.19659,85,22.35,42.37067,33.138
Kansas,16,1985,4.9000001,1,2448,66.699997,12.75828,75,28.42,30.491859,34.650002
Kansas,16,1986,4.4000001,1,2459,66.699997,12.83782,75,28.42,30.18224,34.474998
Kansas,16,1987,4.4000001,1,2475,66.699997,12.91736,75,28.42,35.771919,12.2896
Kansas,16,1988,3.4000001,1,2495,66.699997,12.9969,75,28.540001,44.158649,23.725599
Kansas,16,1989,5.5,1,2473,66.699997,13.07644,75,28.540001,33.905418,16.2229
Kansas,16,1990,4,1,2478,69.5,13.15599,75,21.309999,37.608219,21.342501
Kansas,16,1991,6.0999999,1,2495,69.5,13.23601,75,21.309999,33.406219,43.863998
Kansas,16,1992,6,1,2518,69.5,13.31652,75,21.280001,44.992069,58.636002
Kansas,16,1993,6.4000001,1,2535,69.5,13.39753,75,21.280001,37.52972,48.373501
Kansas,16,1994,5.8000002,1,2554,69.5,13.47902,75,22.16,31.99003,41.492001
Kentucky,17,1985,6.9000001,1,3724,50.900002,11.48456,88,47.700001,40.282558,62.5
Kentucky,17,1986,6.6999998,1,3722,50.900002,11.59614,88,44.279999,43.955502,68.800003
Kentucky,17,1987,7.5,1,3723,50.900002,11.70772,88,44.279999,45.55233,77
Kentucky,17,1988,6.1999998,1,3727,50.900002,11.81929,88,48.52,48.79615,80.599998
Kentucky,17,1989,7.9000001,1,3677,50.900002,11.93087,88,48.52,38.977741,64
Kentucky,17,1990,7.1999998,1,3685,55.900002,12.04245,88,47.130001,39.090939,68.400002
Kentucky,17,1991,6.8000002,1,3713,55.900002,12.15508,88,47.130001,38.34515,71.400002
Kentucky,17,1992,5.8000002,1,3753,55.900002,12.26875,88,44.720001,49.22155,77.800003
Kentucky,17,1993,6.5999999,1,3794,55.900002,12.38349,88,44.720001,44.370811,72.599998
Kentucky,17,1994,6.4000001,1,3827,55.900002,12.4993,88,45.400002,38.21991,62.5
Louisiana,18,1985,10.9,1,4484,68.599998,11.63935,74,35.459999,31.698,51.5
Louisiana,18,1986,12.8,1,4497,68.599998,11.74104,74,35.459999,34.928669,54.75
Louisiana,18,1987,11.1,1,4448,68.599998,11.84272,74,35.459999,35.380669,59.92857
Louisiana,18,1988,11.6,1,4408,68.599998,11.9444,74,37.080002,42.740311,69.25
Louisiana,18,1989,14.9,1,4253,68.599998,12.04609,74,37.080002,31.28883,48.5
Louisiana,18,1990,17.200001,1,4220,72.900002,12.14777,74,37.080002,29.79122,47
Louisiana,18,1991,16.9,1,4252,72.900002,12.25031,74,37.080002,26.69841,27.78125
Louisiana,18,1992,17.4,1,4273,72.900002,12.35372,74,37.82,37.882931,58.166672
Louisiana,18,1993,20.299999,1,4290,72.900002,12.458,74,37.82,33.116501,64.083344
Louisiana,18,1994,19.799999,1,4315,72.900002,12.56316,74,38,34.559849,59.333328
Maine,19,1985,2.4000001,0,1164,47.5,12.67415,84,53.98,54.62582,74.177261
Maine,19,1986,2,0,1171,47.5,12.80629,84,64.959999,63.299591,84.491829
Maine,19,1987,2.5,0,1186,47.5,12.93843,84,64.959999,70.652473,69.034393
Maine,19,1988,3.0999999,0,1205,47.5,13.07057,84,65.519997,78.231979,75.705467
Maine,19,1989,3.2,0,1220,47.5,13.20271,84,65.519997,64.333908,61.092861
Maine,19,1990,2.4000001,0,1228,42.599998,13.33486,84,58.07,59.14975,57.01786
Maine,19,1991,1.2,0,1235,42.599998,13.46832,84,58.07,72.868027,71.75
Maine,19,1992,1.7,0,1237,42.599998,13.60312,84,57.43,69.503731,68.875
Maine,19,1993,1.6,0,1240,42.599998,13.73927,84,57.43,65.819862,64.132141
Maine,19,1994,2.3,0,1240,42.599998,13.87678,84,57.66,64.173859,63.73571
Maryland,20,1985,7.9000001,1,4391,80.300003,12.59033,90,69.120003,63.335732,77.5
Maryland,20,1986,9,1,4461,80.300003,12.73279,90,68.940002,64.842102,78
Maryland,20,1987,9.6000004,1,4536,80.300003,12.87525,90,70.440002,73.536972,85.75
Maryland,20,1988,9.6999998,1,4622,80.300003,13.01771,90,70.440002,77.68512,86.6875
Maryland,20,1989,11.6,1,4727,80.300003,13.16017,90,76.379997,69.462181,78.6875
Maryland,20,1990,11.5,1,4781,85,13.30263,90,77.769997,62.238689,75.625
Maryland,20,1991,11.7,1,4860,85,13.44664,90,77.769997,64.214211,79.428574
Maryland,20,1992,12.1,1,4914,85,13.5922,90,76.949997,66.264542,81.714287
Maryland,20,1993,12.7,1,4958,85,13.73933,90,76.949997,67.71006,92.916656
Maryland,20,1994,11.6,1,5006,85,13.88806,90,78.040001,62.335781,86.166656
Massachusetts,21,1985,3.5,0,5823,83.300003,12.60199,67,76.580002,90.101936,91.454536
Massachusetts,21,1986,3.5999999,0,5835,83.300003,12.6521,67,76.580002,88.162231,88.545464
Massachusetts,21,1987,3,0,5856,83.300003,12.70221,67,76.580002,89.101913,93.458344
Massachusetts,21,1988,3.5,0,5889,83.300003,12.75233,67,76.580002,93.911911,95.041656
Massachusetts,21,1989,4.3000002,0,6016,83.300003,12.80244,67,76.580002,89.569992,92.875
Massachusetts,21,1990,4,0,6016,90.5,12.85255,67,79.120003,88.297478,90.625
Massachusetts,21,1991,4.1999998,0,5996,90.5,12.90286,67,79.120003,81.329468,78.061371
Massachusetts,21,1992,3.5999999,0,5999,90.5,12.95337,67,79.120003,82.394272,80.383301
Massachusetts,21,1993,3.9000001,0,6018,90.5,13.00407,67,79.120003,72.336143,65.050003
Massachusetts,21,1994,3.5,0,6041,90.5,13.05497,67,79.120003,68.445587,60.575001
Michigan,22,1985,11.2,0,9088,70.699997,12.44021,84,53.18,56.14579,68.551353
Michigan,22,1986,11.3,0,9143,70.699997,12.52702,84,50.240002,63.248859,77.680382
Michigan,22,1987,12.2,0,9205,70.699997,12.61384,84,50.41,64.020882,80.03257
Michigan,22,1988,10.8,0,9240,70.699997,12.70066,84,48.330002,73.277863,84.815826
Michigan,22,1989,10.7,0,9253,70.699997,12.78748,84,48.330002,59.964401,75.493668
Michigan,22,1990,10.4,0,9295,75.199997,12.8743,84,48.330002,62.285801,74.443542
Michigan,22,1991,10.8,0,9368,75.199997,12.9617,84,48.330002,60.901058,40.81361
Michigan,22,1992,9.8999996,0,9423,75.199997,13.0497,84,48.029999,60.996651,43.106281
Michigan,22,1993,9.8000002,0,9460,75.199997,13.1383,84,48.029999,52.387451,22.6451
Michigan,22,1994,9.8000002,0,9496,75.199997,13.2275,84,48.029999,50.616581,24.119249
Minnesota,23,1985,2.0999999,0,4191,66.900002,12.77464,82,37.200001,54.567139,73.800522
Minnesota,23,1986,2.5,0,4213,66.900002,12.86104,82,37.200001,57.622978,76.200523
Minnesota,23,1987,2.5999999,0,4244,66.900002,12.94744,82,37.200001,62.522388,87.800003
Minnesota,23,1988,2.9000001,0,4307,66.900002,13.03384,82,30.82,65.037033,90.099998
Minnesota,23,1989,2.5,0,4338,66.900002,13.12024,82,30.82,53.544579,84.285957
Minnesota,23,1990,2.7,0,4375,69,13.20664,82,35.689999,58.374401,87.596718
Minnesota,23,1991,3,0,4432,69,13.29361,82,35.689999,55.568409,51.449181
Minnesota,23,1992,3.3,0,4474,69,13.38116,82,45.84,60.748371,56.189411
Minnesota,23,1993,3.4000001,0,4524,69,13.46928,82,45.84,59.09016,56.845242
Minnesota,23,1994,3.2,0,4567,69,13.55797,82,46.470001,46.81448,45.214291
Mississippi,24,1985,10.6,1,2613,47.299999,11.50815,87,28.559999,28.269939,45
Mississippi,24,1986,11.2,1,2624,47.299999,11.61323,87,31.040001,29.860041,45.625
Mississippi,24,1987,10.2,1,2624,47.299999,11.7183,87,31.040001,41.2738,60.200001
Mississippi,24,1988,8.6000004,1,2620,47.299999,11.82338,87,37.110001,45.656158,69.800003
Mississippi,24,1989,9.6999998,1,2574,47.299999,11.92846,87,37.110001,39.357121,46.375
Mississippi,24,1990,12.2,1,2573,49.099998,12.03354,87,36.279999,33.040989,44.099998
Mississippi,24,1991,12.8,1,2592,49.099998,12.13954,87,36.279999,28.97686,36.299999
Mississippi,24,1992,12.3,1,2613,49.099998,12.24648,87,35.34,35.79567,30.549999
Mississippi,24,1993,13.5,1,2640,49.099998,12.35435,87,32.990002,31.38043,28.525
Mississippi,24,1994,15.3,1,2669,49.099998,12.46318,87,33.169998,30.17848,28.950001
Missouri,25,1985,8.1000004,1,5036,68.099998,12.20663,72,49.23,48.12841,46.14286
Missouri,25,1986,9.1999998,1,5066,68.099998,12.30267,72,45.509998,50.539089,48.410709
Missouri,25,1987,8.3000002,1,5107,68.099998,12.39872,72,45.509998,52.589951,49.941669
Missouri,25,1988,8,1,5141,68.099998,12.49476,72,45.509998,56.531448,54.299999
Missouri,25,1989,7.9000001,1,5096,68.099998,12.59081,72,45.509998,48.436359,46.35833
Missouri,25,1990,8.8000002,1,5117,69.599998,12.68685,72,38.84,51.10075,49.575001
Missouri,25,1991,10.5,1,5158,69.599998,12.78363,72,38.84,49.387451,48.291672
Missouri,25,1992,10.5,1,5193,69.599998,12.88115,72,32.860001,56.2407,55.450001
Missouri,25,1993,11.3,1,5235,69.599998,12.97941,72,32.860001,50.417931,81.824409
Missouri,25,1994,10.5,1,5278,69.599998,13.07842,72,24.02,40.20359,69.451759
Montana,26,1985,5.8000002,1,825,52.900002,12.75638,80,46.169998,52.402828,73.145844
Montana,26,1986,2.9000001,1,817,52.900002,12.81929,80,51.439999,46.60358,69.186661
Montana,26,1987,4.0999999,1,809,52.900002,12.8822,80,51.439999,51.95388,62.834999
Montana,26,1988,2.5999999,1,805,52.900002,12.94511,80,52.259998,49.455002,62.845001
Montana,26,1989,2.9000001,1,800,52.900002,13.00802,80,52.259998,47.544411,20.182501
Montana,26,1990,4.9000001,1,799,56.400002,13.07093,80,51.540001,38.578701,20.01
Montana,26,1991,2.5999999,1,808,56.400002,13.13415,80,51.540001,40.7272,38.419998
Montana,26,1992,2.9000001,1,823,56.400002,13.19767,80,47.18,52.43169,50.09
Montana,26,1993,3,1,841,56.400002,13.2615,80,47.18,52.890091,39.959999
Montana,26,1994,3.3,1,856,56.400002,13.32563,80,42.450001,46.401711,31.459999
Nevada,28,1985,10.3,1,939,85.300003,12.69508,86,24.030001,36.11092,53.458729
Nevada,28,1986,12.6,1,966,85.300003,12.75122,86,20.790001,37.834061,58.025398
Nevada,28,1987,8.3999996,1,1006,85.300003,12.80736,86,20.790001,50.997471,68.441071
Nevada,28,1988,10.5,1,1054,85.300003,12.8635,86,20.790001,44.837769,60.939289
Nevada,28,1989,8.1999998,1,1137,85.300003,12.91965,86,20.790001,42.578709,57.875
Nevada,28,1990,9.6999998,1,1202,87.400002,12.97579,86,22.16,37.252258,50.125
Nevada,28,1991,11.8,1,1284,87.400002,13.03217,86,22.16,40.80777,63.5508
Nevada,28,1992,10.9,1,1331,87.400002,13.0888,86,22.16,44.16613,64.541283
Nevada,28,1993,10.4,1,1382,87.400002,13.14568,86,22.16,44.75106,62.933731
Nevada,28,1994,11.7,1,1457,87.400002,13.2028,86,27.139999,46.02177,68.971031
New Hampshire,29,1985,2.0999999,1,998,52.200001,12.81556,80,28.790001,33.859772,13.5
New Hampshire,29,1986,2.2,1,1027,52.200001,12.90129,80,24.34,31.873751,8.125
New Hampshire,29,1987,3,1,1056,52.200001,12.98701,80,24.34,39.739422,14.625
New Hampshire,29,1988,2.3,1,1085,52.200001,13.07274,80,14.57,40.498249,13.875
New Hampshire,29,1989,3.3,1,1105,52.200001,13.15847,80,14.57,41.309509,14.375
New Hampshire,29,1990,1.9,1,1109,57.200001,13.24419,80,14.57,38.683929,14.75
New Hampshire,29,1991,3.5999999,1,1105,57.200001,13.33048,80,14.57,37.789291,16.080549
New Hampshire,29,1992,1.6,1,1114,57.200001,13.41732,80,14.77,48.09837,21.69306
New Hampshire,29,1993,2,1,1124,57.200001,13.50474,80,14.77,38.838791,12.63472
New Hampshire,29,1994,1.4,1,1137,57.200001,13.59272,80,14.77,31.144779,9.8250008
New Jersey,30,1985,5.4000001,1,7568,89,12.48269,67,60.650002,67.213142,61.82975
New Jersey,30,1986,5.1999998,1,7625,89,12.57071,67,59.77,71.431427,59.692921
New Jersey,30,1987,4.5999999,1,7674,89,12.65873,67,59.77,69.921959,56.172279
New Jersey,30,1988,5.3000002,1,7721,89,12.74675,67,59.77,72.591164,65.586113
New Jersey,30,1989,5.0999999,1,7726,89,12.83477,67,59.77,62.412899,54.888851
New Jersey,30,1990,5.5999999,1,7730,93.5,12.9228,67,59.77,59.238331,81.389587
New Jersey,30,1991,5.1999998,1,7760,93.5,13.01142,67,59.77,60.451191,77.361458
New Jersey,30,1992,5.0999999,1,7813,93.5,13.10066,67,59.77,64.978317,64.891663
New Jersey,30,1993,5.3000002,1,7859,93.5,13.1905,67,59.77,61.49353,61.777779
New Jersey,30,1994,5,1,7904,93.5,13.28096,67,59.77,49.117142,19.58334
New Mexico,31,1985,10.9,1,1450,72.099998,12.45262,71,35.32,37.271629,66.21875
New Mexico,31,1986,11.5,1,1477,72.099998,12.5517,71,35.32,39.876308,66.329567
New Mexico,31,1987,10.1,1,1496,72.099998,12.65078,71,35.32,46.89851,41.21875
New Mexico,31,1988,11.5,1,1507,72.099998,12.74987,71,51.290001,49.02607,42.96875
New Mexico,31,1989,8.6000004,1,1504,72.099998,12.84895,71,51.290001,42.87447,44.708328
New Mexico,31,1990,9.1999998,1,1515,75,12.94803,71,51.290001,43.988731,45.192059
New Mexico,31,1991,10.5,1,1548,75,13.04787,71,51.290001,39.72353,68.5
New Mexico,31,1992,8.8999996,1,1581,75,13.14849,71,47.5,51.294601,78.75
New Mexico,31,1993,8,1,1616,75,13.24988,71,47.5,41.211819,77.5
New Mexico,31,1994,10.7,1,1654,75,13.35205,71,50.290001,39.57156,67
New York,32,1985,9.5,0,17767,84.599998,12.48372,75,50.48,64.881317,76.260437
New York,32,1986,10.7,0,17805,84.599998,12.58234,75,56.68,66.617683,76.288643
New York,32,1987,11.3,0,17835,84.599998,12.68096,75,56.68,67.800957,76.843536
New York,32,1988,12.5,0,17909,84.599998,12.77958,75,58.59,73.504494,80.664413
New York,32,1989,12.5,0,17983,84.599998,12.8782,75,58.59,68.620033,80.427727
New York,32,1990,14.5,0,17990,87.400002,12.97682,75,57.450001,71.249573,82.163162
New York,32,1991,14.2,0,18058,87.400002,13.0762,75,57.450001,72.024963,81.324623
New York,32,1992,13.2,0,18095,87.400002,13.17633,75,57.450001,72.005524,80.207191
New York,32,1993,13.3,0,18153,87.400002,13.27724,75,57.450001,70.730942,81.767174
New York,32,1994,11.1,0,18169,87.400002,13.37891,75,57.720001,62.308022,74.895233
North Carolina,33,1985,8.3000002,1,6258,48,11.78146,90,30.41,28.79924,27.113091
North Carolina,33,1986,8.1000004,1,6327,48,11.90814,90,31.540001,38.984459,36.5
North Carolina,33,1987,8.1000004,1,6409,48,12.03483,90,31.540001,43.52301,40.534721
North Carolina,33,1988,7.8000002,1,6489,48,12.16151,90,36.630001,47.96064,45.493061
North Carolina,33,1989,8.8999996,1,6565,48,12.28819,90,36.630001,39.189751,37.847221
North Carolina,33,1990,10.7,1,6629,57.799999,12.41487,90,39.049999,34.765759,33.444439
North Carolina,33,1991,11.4,1,6737,57.799999,12.54286,90,39.049999,43.93531,42.418751
North Carolina,33,1992,10.6,1,6838,57.799999,12.67217,90,41.439999,42.731468,41.424999
North Carolina,33,1993,11.3,1,6952,57.799999,12.80281,90,41.439999,41.9207,73.8125
North Carolina,33,1994,10.9,1,7070,57.799999,12.9348,90,41.439999,40.626652,72.75
North Dakota,34,1985,1,0,685,48.799999,12.39667,81,34.130001,65.008347,63.243401
North Dakota,34,1986,1,0,678,48.799999,12.48261,81,46.740002,74.933296,74.109444
North Dakota,34,1987,1.5,0,671,48.799999,12.56855,81,46.740002,68.70697,72.08699
North Dakota,34,1988,1.8,0,667,48.799999,12.65448,81,46.740002,69.118362,72.121513
North Dakota,34,1989,0.60000002,0,646,48.799999,12.74042,81,46.740002,59.91975,69.834824
North Dakota,34,1990,0.80000001,0,639,53.400002,12.82636,81,46.740002,55.160172,62.101429
North Dakota,34,1991,1.1,0,635,53.400002,12.91287,81,46.740002,59.274658,64.016441
North Dakota,34,1992,1.9,0,635,53.400002,12.99997,81,54.889999,65.360603,69.611549
North Dakota,34,1993,1.7,0,637,53.400002,13.08766,81,54.889999,58.5639,38.430229
North Dakota,34,1994,0.2,0,638,53.400002,13.17594,81,45.91,53.382751,34.876671
Ohio,35,1985,5.1999998,1,10774,73.300003,12.3174,79,51.290001,46.926151,67.16243
Ohio,35,1986,5.5,1,10778,73.300003,12.40148,79,41.459999,51.303501,71.355408
Ohio,35,1987,5.8000002,1,10816,73.300003,12.48555,79,41.459999,49.42025,71.92881
Ohio,35,1988,5.4000001,1,10855,73.300003,12.56962,79,37.610001,56.9991,76.285652
Ohio,35,1989,6,1,10829,73.300003,12.65369,79,37.610001,50.37664,69.506821
Ohio,35,1990,6.0999999,1,10847,77.5,12.73777,79,37.59,50.585579,67.808228
Ohio,35,1991,7.1999998,1,10939,77.5,12.8224,79,37.59,50.903881,31.164419
Ohio,35,1992,6.5999999,1,11005,77.5,12.90759,79,37.59,54.721951,37.838459
Ohio,35,1993,6,1,11061,77.5,12.99335,79,37.59,47.978161,26.66782
Ohio,35,1994,6,1,11102,77.5,13.07968,79,37.75,43.270409,24.027889
Oklahoma (Criminal),36,1985,7.6999998,1,3302,67.300003,12.30831,81,36.580002,25.836599,41.333328
Oklahoma (Criminal),36,1986,8.1000004,1,3300,67.300003,12.39535,81,37.779999,29.925671,46
Oklahoma (Criminal),36,1987,7.5,1,3259,67.300003,12.48239,81,37.779999,36.017391,30.41667
Oklahoma (Criminal),36,1988,7.4000001,1,3242,67.300003,12.56943,81,37.779999,45.55534,40.26667
Oklahoma (Criminal),36,1989,6.5,1,3150,67.300003,12.65648,81,37.779999,30.50436,26.33333
Oklahoma (Criminal),36,1990,8,1,3146,65.199997,12.74352,81,33.43,38.888691,32.933331
Oklahoma (Criminal),36,1991,7.1999998,1,3175,65.199997,12.83116,81,33.23,36.307232,53.5
Oklahoma (Criminal),36,1992,6.5,1,3206,65.199997,12.9194,81,32.279999,44.5154,65.400002
Oklahoma (Criminal),36,1993,8.3999996,1,3233,65.199997,13.00825,81,33.389999,31.62369,55.099998
Oklahoma (Criminal),36,1994,6.9000001,1,3258,65.199997,13.09771,81,35.810001,25.295441,48.25
Oregon,37,1985,4.6999998,1,2688,67.900002,12.90701,79,45.369999,51.86124,50.34444
Oregon,37,1986,5,1,2703,67.900002,12.97532,79,44.130001,58.701771,56.577782
Oregon,37,1987,5.5999999,1,2723,67.900002,13.04362,79,44.130001,65.177368,82.22361
Oregon,37,1988,5.0999999,1,2767,67.900002,13.11192,79,44.130001,64.695053,81.313889
Oregon,37,1989,4.8000002,1,2791,67.900002,13.18022,79,44.130001,64.125504,85.166656
Oregon,37,1990,3.8,1,2842,74.900002,13.24852,79,49.990002,63.74012,81.275002
Oregon,37,1991,4.5999999,1,2922,74.900002,13.31717,79,49.990002,67.401787,78.596527
Oregon,37,1992,4.6999998,1,2975,74.900002,13.38618,79,56.25,69.016029,78.839577
Oregon,37,1993,4.5999999,1,3035,74.900002,13.45555,79,56.25,66.767883,79.239594
Oregon,37,1994,4.9000001,1,3086,74.900002,13.52528,79,61.669998,59.54076,68.03125
Pennsylvania,38,1985,4.5999999,1,11865,69.300003,12.17783,79,49.93,57.097591,44.44138
Pennsylvania,38,1986,5.5,1,11895,69.300003,12.2704,79,49.93,64.719238,52.744678
Pennsylvania,38,1987,5.4000001,1,11942,69.300003,12.36298,79,49.93,63.529411,74.951553
Pennsylvania,38,1988,5.5,1,12001,69.300003,12.45556,79,49.93,65.743134,74.606552
Pennsylvania,38,1989,6.3000002,1,11866,69.300003,12.54814,79,49.93,57.362019,69.572166
Pennsylvania,38,1990,6.6999998,1,11882,76.800003,12.64071,79,53.84,54.548149,66.826134
Pennsylvania,38,1991,6.3000002,1,11961,76.800003,12.73397,79,53.84,53.691669,66.373253
Pennsylvania,38,1992,6.1999998,1,11990,76.800003,12.82792,79,54.759998,57.380051,71.210831
Pennsylvania,38,1993,6.8000002,1,12030,76.800003,12.92257,79,54.759998,53.14867,71.458168
Pennsylvania,38,1994,5.9000001,1,12052,76.800003,13.01791,79,55.860001,47.93869,57.558739
Rhode Island,39,1985,3.5999999,0,967,87,12.22204,65,76.349998,69.458412,67.125
Rhode Island,39,1986,3.5,0,975,87,12.3339,65,76.349998,76.039978,75
Rhode Island,39,1987,3.5,0,986,87,12.44576,65,76.349998,79.122772,79.5
Rhode Island,39,1988,4.0999999,0,993,87,12.55762,65,75.470001,91.56649,91.375
Rhode Island,39,1989,4.9000001,0,1001,87,12.66948,65,75.470001,66.607307,67
Rhode Island,39,1990,4.8000002,0,1003,89.900002,12.78135,65,75.470001,68.34465,68.666656
Rhode Island,39,1991,3.7,0,1004,89.900002,12.89419,65,75.470001,71.6931,90
Rhode Island,39,1992,3.5999999,0,1002,89.900002,13.00804,65,75.470001,63.803989,86
Rhode Island,39,1993,3.9000001,0,1000,89.900002,13.12289,65,75.470001,69.371117,89.25
Rhode Island,39,1994,4.0999999,0,997,89.900002,13.23875,65,63.720001,62.01086,83.25
South Carolina,40,1985,9.1000004,1,3333,54.099998,11.63463,89,36.200001,29.782829,48.875
South Carolina,40,1986,8.6000004,1,3381,54.099998,11.75565,89,47.279999,37.95269,56.875
South Carolina,40,1987,9.3000002,1,3426,54.099998,11.87667,89,47.279999,46.08828,43.200001
South Carolina,40,1988,9.3000002,1,3470,54.099998,11.99769,89,47.279999,48.263378,46.716671
South Carolina,40,1989,9.1000004,1,3457,54.099998,12.11871,89,47.279999,35.77919,34.099998
South Carolina,40,1990,11.2,1,3487,61.5,12.23973,89,51.400002,39.15638,37.700001
South Carolina,40,1991,11.3,1,3560,61.5,12.36196,89,51.400002,45.765839,44.25
South Carolina,40,1992,10.4,1,3595,61.5,12.4854,89,54.990002,48.209709,46
South Carolina,40,1993,10.3,1,3630,61.5,12.61009,89,54.990002,44.775501,45.762291
South Carolina,40,1994,9.6000004,1,3664,61.5,12.73601,89,54.990002,41.654129,42.81036
South Dakota,41,1985,1.8,1,708,46.400002,12.4157,82,42.759998,36.087059,12.25
South Dakota,41,1986,4,1,708,46.400002,12.49598,82,40.220001,44.433189,20.25
South Dakota,41,1987,1.8,1,709,46.400002,12.57626,82,40.220001,60.743591,37.5
South Dakota,41,1988,3.0999999,1,713,46.400002,12.65654,82,35.709999,52.295231,14.5
South Dakota,41,1989,1.3,1,697,46.400002,12.73682,82,35.709999,63.953522,38.842861
South Dakota,41,1990,2,1,696,50.299999,12.8171,82,35.709999,46.352428,12.75
South Dakota,41,1991,1.7,1,703,50.299999,12.89789,82,35.709999,49.238171,12.71429
South Dakota,41,1992,0.60000002,1,709,50.299999,12.97918,82,29.98,53.37595,23.492861
South Dakota,41,1993,3.4000001,1,716,50.299999,13.06099,82,29.98,51.225208,22.85536
South Dakota,41,1994,1.4,1,721,50.299999,13.14331,82,29.98,42.3568,19.73036
Tennessee,42,1985,9,1,4766,60.400002,11.65823,86,40.880001,45.506451,42.291672
Tennessee,42,1986,10.4,1,4800,60.400002,11.76611,86,40.880001,48.384281,44.21875
Tennessee,42,1987,9.1000004,1,4855,60.400002,11.87398,86,40.880001,48.74958,69.785713
Tennessee,42,1988,9.3999996,1,4895,60.400002,11.98186,86,40.880001,52.447899,75.5625
Tennessee,42,1989,8.3999996,1,4854,60.400002,12.08973,86,40.880001,48.130878,70.54158
Tennessee,42,1990,10.5,1,4877,62.700001,12.19761,86,44.16,45.139938,69.709473
Tennessee,42,1991,11,1,4953,62.700001,12.30645,86,44.16,43.880531,64.40947
Tennessee,42,1992,10.4,1,5021,62.700001,12.41626,86,51.540001,48.56403,70.954674
Tennessee,42,1993,10.2,1,5094,62.700001,12.52705,86,51.540001,43.014099,68.682823
Tennessee,42,1994,9.3000002,1,5175,62.700001,12.63882,86,51.16,33.35421,49.224239
Texas (Criminal),43,1985,13,1,16382,79.599998,12.17745,65,36.889999,33.685379,59.558819
Texas (Criminal),43,1986,13.5,1,16682,79.599998,12.27816,65,38.220001,36.531269,63.277779
Texas (Criminal),43,1987,11.7,1,16781,79.599998,12.37887,65,38.220001,39.029549,36.68449
Texas (Criminal),43,1988,12.1,1,16841,79.599998,12.47958,65,38.82,41.220119,38.782089
Texas (Criminal),43,1989,11.9,1,16807,79.599998,12.58029,65,38.82,31.08058,29.42243
Texas (Criminal),43,1990,14.1,1,16987,81.199997,12.68099,65,35.5,35.842941,33.636108
Texas (Criminal),43,1991,15.3,1,17349,81.199997,12.78251,65,35.5,32.214809,55.775002
Texas (Criminal),43,1992,12.7,1,17667,81.199997,12.88484,65,35.27,42.26667,67.724998
Texas (Criminal),43,1993,11.9,1,18022,81.199997,12.98798,65,34.549999,34.067841,64.046272
Texas (Criminal),43,1994,11,1,18378,81.199997,13.09196,65,32.32,29.57403,55.170658
Utah,44,1985,3,1,1644,84.400002,13.19597,89,36.470001,27.56373,8.1999998
Utah,44,1986,3.2,1,1664,84.400002,13.25511,89,36.470001,27.12192,4.4000001
Utah,44,1987,3.3,1,1680,84.400002,13.31426,89,36.470001,37.891491,7
Utah,44,1988,2.8,1,1690,84.400002,13.37341,89,37.27,38.844311,9.25
Utah,44,1989,2.5999999,1,1706,84.400002,13.43256,89,37.27,33.02317,5.75
Utah,44,1990,3,1,1723,86.800003,13.49171,89,37.27,40.100651,12.75
Utah,44,1991,2.9000001,1,1770,86.800003,13.55112,89,37.27,30.26314,12.18778
Utah,44,1992,3,1,1811,86.800003,13.61079,89,37.27,34.243599,10.51889
Utah,44,1993,3.0999999,1,1860,86.800003,13.67072,89,37.27,29.53467,3
Utah,44,1994,2.9000001,1,1908,86.800003,13.73092,89,28.66,21.50691,1.666667
Vermont,45,1985,3.4000001,0,535,33.799999,12.78871,80,27.030001,63.576729,73.663757
Vermont,45,1986,2,0,540,33.799999,12.87516,80,43.360001,71.466537,81.705452
Vermont,45,1987,2.7,0,547,33.799999,12.96161,80,43.360001,78.285507,87.726669
Vermont,45,1988,2,0,557,33.799999,13.04805,80,43.360001,85.275993,91.763344
Vermont,45,1989,1.9,0,558,33.799999,13.1345,80,43.360001,71.357719,90.177094
Vermont,45,1990,2.3,0,563,40.200001,13.22095,80,57.200001,64.262619,70.974998
Vermont,45,1991,2.0999999,0,567,40.200001,13.30797,80,57.200001,76.992203,67.693237
Vermont,45,1992,2.0999999,0,571,40.200001,13.39556,80,66.849998,80.202377,87.972809
Vermont,45,1993,3.5999999,0,576,40.200001,13.48372,80,66.849998,72.538452,85.116669
Vermont,45,1994,1,0,580,40.200001,13.57247,80,66.849998,84.066208,93.020828
Virginia,46,1985,7.0999999,1,5704,66,12.33956,87,23.389999,27.312731,42.75
Virginia,46,1986,7.0999999,1,5798,66,12.45773,87,23.389999,28.23979,49.125
Virginia,46,1987,7.4000001,1,5914,66,12.5759,87,28.389999,39.804749,62.299999
Virginia,46,1988,7.8000002,1,6015,66,12.69406,87,22.860001,45.682621,74.125
Virginia,46,1989,7.9000001,1,6120,66,12.81223,87,22.860001,33.014851,57.5
Virginia,46,1990,8.8000002,1,6187,71.5,12.9304,87,37.970001,37.416309,57.833328
Virginia,46,1991,9.3000002,1,6286,71.5,13.04965,87,37.970001,38.18021,57.285709
Virginia,46,1992,8.8000002,1,6389,71.5,13.17001,87,37.970001,42.30402,59.144001
Virginia,46,1993,8.3000002,1,6473,71.5,13.29148,87,37.970001,40.010639,66.93985
Virginia,46,1994,8.6999998,1,6552,71.5,13.41406,87,38.16,35.97356,30.48826
Washington,47,1985,5.1999998,1,4407,73.5,13.04914,78,37.009998,55.03355,75.545303
Washington,47,1986,5,1,4461,73.5,13.12052,78,29.290001,58.799301,74.729797
Washington,47,1987,5.5999999,1,4542,73.5,13.19189,78,29.290001,64.708939,83.479591
Washington,47,1988,5.6999998,1,4648,73.5,13.26326,78,29.290001,69.204521,84.11055
Washington,47,1989,4.4000001,1,4746,73.5,13.33464,78,29.290001,59.02803,81.620163
Washington,47,1990,4.9000001,1,4867,79.900002,13.40601,78,38.41,54.983528,77.621643
Washington,47,1991,4.1999998,1,5018,79.900002,13.47777,78,38.41,59.05965,77.981483
Washington,47,1992,5,1,5146,79.900002,13.54991,78,42.73,64.992477,79.731003
Washington,47,1993,5.1999998,1,5259,79.900002,13.62244,78,42.73,52.014568,83.698418
Washington,47,1994,5.5,1,5343,79.900002,13.69535,78,43.290001,47.923199,77.326187
West Virginia,48,1985,3.8,0,1936,36.200001,11.5281,93,58.93,51.641029,43.077301
West Virginia,48,1986,5.9000001,0,1917,36.200001,11.62222,93,59.93,62.594391,53.144581
West Virginia,48,1987,4.8000002,0,1898,36.200001,11.71634,93,59.93,63.305981,49.951611
West Virginia,48,1988,4.9000001,0,1876,36.200001,11.81046,93,59.93,62.978649,53.636429
West Virginia,48,1989,6.5,0,1807,36.200001,11.90458,93,59.93,58.287319,82.583344
West Virginia,48,1990,5.6999998,0,1793,46.900002,11.9987,93,62.150002,58.414711,81
West Virginia,48,1991,6.1999998,0,1801,46.900002,12.09356,93,62.150002,56.861118,80.166656
West Virginia,48,1992,6.3000002,0,1807,46.900002,12.18918,93,62.150002,75.207764,88.333344
West Virginia,48,1993,6.9000001,0,1818,46.900002,12.28555,93,62.150002,63.29884,80.099998
West Virginia,48,1994,5.4000001,0,1822,46.900002,12.38268,93,62.150002,63.023201,80.800003
Wisconsin,49,1985,2.8,0,4775,64.199997,12.43445,83,46.27,51.95657,76.044907
Wisconsin,49,1986,3.0999999,0,4784,64.199997,12.51484,83,46.27,47.146389,72.327133
Wisconsin,49,1987,3.5,0,4807,64.199997,12.59522,83,46.27,51.166901,47.188641
Wisconsin,49,1988,3,0,4855,64.199997,12.67561,83,46.27,63.137859,59.98394
Wisconsin,49,1989,3.5999999,0,4857,64.199997,12.75599,83,46.27,50.46653,47.998009
Wisconsin,49,1990,4.5999999,0,4892,67.300003,12.83638,83,46.27,50.101269,47.464291
Wisconsin,49,1991,4.8000002,0,4955,67.300003,12.91727,83,46.27,51.912022,49.239239
Wisconsin,49,1992,4.4000001,0,4997,67.300003,12.99867,83,46.27,57.890461,54.671539
Wisconsin,49,1993,4.4000001,0,5044,67.300003,13.08058,83,46.27,57.003368,45.351021
Wisconsin,49,1994,4.5,0,5082,67.300003,13.16302,83,46.509998,51.33007,38.919949
Wyoming,50,1985,4.3000002,1,509,62.700001,12.89594,82,38.91,26.338381,38.276569
Wyoming,50,1986,5.3000002,1,507,62.700001,12.95303,82,37.029999,26.467251,37.404888
Wyoming,50,1987,2,1,490,62.700001,13.01013,82,37.029999,30.107981,39.106499
Wyoming,50,1988,2.5,1,479,62.700001,13.06722,82,37.029999,32.71949,41.417511
Wyoming,50,1989,4.4000001,1,458,62.700001,13.12432,82,37.029999,29.981501,37.64983
Wyoming,50,1990,4.9000001,1,454,67.099998,13.18142,82,36.950001,32.46978,37.97855
Wyoming,50,1991,3.3,1,460,67.099998,13.23876,82,36.950001,34.535419,38.71096
Wyoming,50,1992,3.5999999,1,464,67.099998,13.29635,82,36.950001,45.907459,50.18124
Wyoming,50,1993,3.4000001,1,470,67.099998,13.3542,82,36.950001,37.008438,42.529709
Wyoming,50,1994,3.4000001,1,476,67.099998,13.4123,82,37.860001,34.18689,39.557011