namici,term,civlibs
0,53,1
0,53,0
0,53,0
0,53,0
0,53,0
0,53,0
0,53,0
1,53,0
0,53,0
0,53,0
0,53,0
0,53,0
0,53,1
0,53,1
0,53,1
0,53,1
0,53,1
0,53,0
0,53,1
0,53,0
0,53,0
1,53,0
0,53,1
0,53,1
0,53,1
0,53,0
0,53,0
3,53,0
0,53,1
0,53,0
0,53,0
0,53,1
0,53,0
0,53,0
0,53,0
2,53,1
0,53,1
0,53,1
0,53,1
0,53,1
0,53,1
0,53,0
0,53,1
0,53,1
0,53,0
0,53,1
0,53,0
1,53,0
0,53,0
0,53,1
0,53,0
0,53,0
1,53,0
0,53,0
0,53,0
0,53,0
0,53,0
0,53,1
0,53,0
0,53,0
0,53,0
0,53,0
0,53,0
0,53,1
0,53,0
0,53,0
1,53,0
0,53,1
0,53,1
0,53,0
1,53,0
0,53,1
0,53,0
0,53,0
0,53,0
0,53,0
0,53,0
0,53,0
0,53,0
0,53,0
0,53,0
0,53,0
0,53,0
0,53,0
3,53,0
0,53,1
0,53,0
0,53,0
0,53,0
0,53,0
0,53,0
0,53,1
0,53,1
0,53,1
0,53,1
3,53,1
0,53,1
6,53,1
1,53,1
4,53,1
0,53,0
0,53,0
0,53,0
0,53,0
0,53,1
0,53,0
0,53,1
0,53,0
0,53,0
0,53,1
0,53,1
0,53,0
0,53,0
0,53,0
0,53,0
3,53,0
0,53,0
0,53,0
0,53,1
0,53,0
0,53,0
0,53,0
0,53,0
0,53,0
0,53,0
0,53,0
0,54,0
0,54,1
0,54,1
0,54,0
0,54,0
0,54,1
0,54,0
2,54,0
0,54,0
0,54,1
3,54,0
0,54,1
0,54,1
0,54,0
0,54,1
0,54,1
0,54,1
0,54,0
0,54,1
0,54,0
0,54,0
0,54,0
0,54,0
0,54,0
0,54,0
0,54,0
1,54,0
0,54,0
0,54,0
3,54,0
0,54,0
1,54,0
1,54,0
0,54,0
0,54,0
0,54,0
0,54,1
0,54,1
0,54,1
0,54,1
0,54,1
0,54,1
0,54,0
0,54,0
0,54,0
2,54,0
5,54,0
6,54,0
0,54,0
0,54,1
1,54,0
0,54,1
0,54,1
0,54,0
0,54,1
0,54,1
0,54,1
0,54,0
0,54,1
0,54,0
0,54,0
0,54,0
0,54,0
0,54,0
0,54,0
0,54,1
0,54,0
0,54,0
0,54,0
0,54,0
0,54,0
0,54,0
0,54,0
0,54,1
1,54,1
0,54,0
0,54,1
1,54,0
0,54,0
0,54,0
0,54,0
1,54,0
0,54,0
0,54,1
1,54,1
0,54,1
0,54,0
0,54,0
0,54,0
2,54,0
0,54,1
0,54,1
0,54,1
0,54,1
8,54,1
0,54,1
0,54,1
0,54,0
3,54,1
0,54,0
1,54,0
0,54,1
0,54,0
0,54,0
2,54,0
1,54,0
0,54,1
0,54,0
0,54,0
0,55,1
0,55,1
0,55,0
1,55,1
0,55,0
0,55,0
0,55,0
0,55,0
0,55,0
0,55,1
0,55,1
0,55,1
0,55,0
0,55,0
0,55,1
1,55,0
0,55,1
0,55,0
0,55,0
0,55,0
0,55,0
0,55,0
0,55,1
0,55,1
0,55,0
0,55,1
0,55,0
0,55,0
0,55,0
1,55,0
0,55,0
0,55,0
0,55,0
0,55,0
1,55,0
1,55,0
0,55,0
0,55,0
0,55,0
0,55,1
0,55,1
0,55,1
0,55,1
1,55,0
0,55,1
0,55,0
0,55,1
0,55,1
1,55,1
0,55,0
0,55,0
2,55,0
0,55,0
0,55,0
0,55,0
0,55,0
6,55,0
0,55,0
0,55,0
0,55,0
0,55,0
0,55,0
0,55,0
1,55,1
0,55,0
0,55,0
0,55,0
0,55,0
0,55,0
0,55,0
0,55,1
0,55,0
0,55,0
0,55,0
1,55,1
0,55,1
0,55,0
0,55,0
0,55,0
0,55,0
0,55,0
0,55,0
0,55,0
0,55,0
1,55,0
0,55,0
0,55,1
0,55,0
0,55,0
0,55,0
3,55,1
0,55,1
1,55,0
0,55,0
1,55,0
0,55,0
0,55,1
0,55,0
0,55,1
0,55,1
14,55,0
0,55,0
2,55,0
3,55,0
0,55,0
3,55,0
0,55,0
0,55,0
0,55,0
0,55,0
0,55,0
0,55,0
0,55,0
1,55,1
0,55,0
0,55,0
0,55,0
0,55,1
0,55,1
0,55,1
0,55,0
0,55,0
0,55,0
0,55,0
0,55,0
0,55,1
5,55,0
0,55,0
0,56,1
0,56,0
0,56,0
0,56,0
0,56,0
0,56,0
0,56,0
0,56,0
0,56,0
0,56,0
0,56,0
0,56,0
0,56,0
0,56,0
0,56,1
1,56,0
0,56,1
0,56,1
0,56,0
0,56,0
0,56,1
0,56,0
0,56,0
0,56,0
0,56,0
0,56,0
0,56,0
0,56,0
0,56,0
0,56,1
0,56,1
0,56,1
0,56,0
4,56,1
0,56,1
0,56,1
0,56,0
0,56,1
0,56,0
0,56,0
3,56,0
0,56,0
0,56,0
0,56,0
0,56,0
0,56,1
0,56,1
0,56,1
0,56,0
0,56,0
0,56,1
0,56,0
0,56,1
0,56,1
0,56,0
0,56,1
0,56,0
0,56,0
0,56,0
0,56,1
0,56,0
0,56,0
0,56,0
0,56,0
0,56,0
0,56,0
0,56,0
5,56,0
7,56,0
2,56,0
3,56,0
0,56,0
0,56,1
0,56,1
0,56,0
4,56,0
0,56,0
0,56,0
0,56,0
0,56,0
0,56,0
1,56,0
0,56,0
0,56,1
0,56,0
0,56,0
0,56,1
0,56,0
2,56,0
1,56,0
0,56,0
1,56,0
0,56,1
0,56,0
0,56,0
0,56,0
0,56,1
0,56,1
1,56,0
0,56,1
0,56,1
0,56,1
0,56,1
0,56,0
0,56,0
0,56,0
0,56,0
0,56,0
2,56,0
0,56,1
0,56,1
0,56,0
0,56,1
0,56,1
0,56,1
0,56,0
0,56,0
0,56,0
0,56,0
0,56,1
0,56,1
0,56,1
0,56,1
0,56,0
0,56,0
0,56,1
0,56,0
0,56,0
0,56,0
2,56,1
0,56,1
0,56,1
0,56,0
1,56,1
0,56,1
0,56,1
1,56,1
0,56,0
0,56,1
0,56,0
0,56,0
0,56,1
0,56,0
2,56,1
0,56,1
0,56,0
1,56,1
4,56,1
1,56,0
0,56,0
0,56,1
0,56,1
0,56,1
0,56,0
0,56,0
0,56,0
0,56,1
0,56,1
0,56,1
0,56,1
0,56,1
0,56,1
1,57,1
1,57,1
0,57,0
0,57,0
0,57,0
0,57,1
0,57,0
0,57,0
0,57,0
0,57,1
0,57,0
1,57,0
0,57,1
0,57,1
0,57,1
0,57,0
0,57,0
1,57,0
0,57,1
0,57,1
0,57,0
0,57,0
0,57,0
0,57,0
0,57,0
0,57,0
0,57,0
0,57,0
0,57,1
0,57,0
0,57,0
0,57,1
0,57,0
0,57,0
0,57,0
0,57,1
0,57,0
0,57,0
0,57,1
0,57,0
0,57,0
0,57,0
2,57,0
0,57,1
0,57,1
0,57,0
0,57,0
0,57,0
0,57,0
2,57,0
0,57,1
0,57,1
2,57,0
0,57,0
0,57,0
0,57,0
0,57,0
0,57,0
0,57,0
0,57,0
0,57,0
0,57,0
0,57,0
1,57,0
0,57,0
0,57,0
2,57,0
4,57,0
0,57,0
0,57,0
0,57,0
1,57,0
2,57,0
0,57,0
0,57,1
1,57,0
0,57,0
0,57,0
0,57,0
0,57,0
0,57,1
0,57,0
0,57,0
0,57,0
0,57,0
0,57,0
0,57,1
0,57,1
0,57,1
0,57,1
0,57,1
0,57,0
0,57,0
0,57,1
0,57,1
0,57,1
0,57,0
0,57,1
0,57,0
0,57,0
4,57,0
0,57,0
0,57,0
1,57,0
0,57,0
0,57,0
0,57,0
0,57,0
1,57,0
0,57,1
0,57,1
0,57,1
0,57,1
0,57,1
0,57,0
0,57,0
0,57,1
0,57,0
1,57,0
0,57,0
0,57,1
0,57,1
0,57,1
0,57,1
0,57,0
0,57,0
0,57,0
0,57,0
0,57,0
1,57,1
0,57,1
0,57,1
0,57,0
0,57,1
0,57,0
0,57,0
0,57,0
0,57,0
0,57,0
1,57,0
0,57,0
0,57,0
0,57,0
0,57,0
0,57,0
3,57,0
3,57,0
1,57,0
1,57,1
2,57,1
0,57,0
0,57,1
0,57,1
0,57,0
0,57,1
0,57,0
0,57,0
0,57,0
0,57,0
1,57,1
4,57,0
4,57,0
4,57,0
4,57,0
0,57,1
0,57,0
0,57,0
0,57,0
0,57,0
0,57,0
0,57,1
0,57,1
0,57,1
0,57,1
1,57,1
0,57,0
1,57,1
0,57,1
0,57,1
0,57,1
1,57,1
0,57,1
0,57,1
0,57,1
0,57,1
0,57,1
0,57,0
4,57,0
0,57,1
0,57,1
0,57,1
0,57,1
0,57,0
0,57,0
1,57,1
0,57,1
0,58,0
0,58,0
0,58,0
0,58,0
0,58,0
0,58,0
0,58,0
0,58,0
0,58,0
0,58,0
0,58,1
0,58,0
1,58,0
0,58,1
0,58,0
0,58,0
7,58,0
0,58,0
0,58,0
0,58,0
0,58,0
0,58,1
1,58,0
0,58,1
2,58,0
0,58,1
1,58,0
1,58,0
0,58,0
0,58,1
0,58,0
0,58,0
0,58,0
1,58,0
0,58,1
0,58,0
0,58,1
0,58,1
0,58,0
0,58,0
0,58,0
3,58,0
0,58,1
0,58,0
1,58,0
0,58,0
2,58,0
1,58,0
0,58,0
1,58,0
0,58,0
0,58,0
0,58,0
0,58,0
0,58,1
0,58,0
1,58,0
0,58,0
0,58,1
1,58,0
0,58,0
2,58,1
0,58,1
0,58,0
2,58,0
0,58,1
0,58,0
0,58,0
1,58,0
0,58,1
0,58,0
2,58,0
0,58,0
0,58,0
0,58,1
1,58,0
1,58,0
0,58,1
1,58,0
1,58,0
0,58,0
0,58,0
0,58,0
2,58,0
0,58,0
0,58,0
0,58,0
0,58,0
2,58,0
0,58,0
0,58,0
0,58,0
0,58,1
1,58,0
1,58,1
0,58,0
0,58,0
0,58,1
0,58,0
0,58,0
0,58,0
0,58,0
0,58,0
0,58,1
0,58,0
0,58,1
0,58,0
0,58,0
0,58,1
0,58,0
0,58,0
1,58,1
0,58,0
0,58,0
1,58,1
2,58,1
0,58,0
0,58,0
0,58,0
0,58,0
0,58,1
0,58,1
0,58,0
0,58,0
0,58,1
0,58,1
0,58,1
0,58,1
0,58,1
0,58,0
0,58,1
0,58,1
0,58,0
2,58,0
0,58,1
0,58,1
0,58,0
1,58,0
0,58,1
0,58,1
0,58,0
0,58,1
0,58,1
1,58,0
0,58,0
0,58,0
0,58,0
0,58,0
0,58,0
0,58,0
1,58,1
3,58,1
0,58,0
0,58,0
0,58,0
0,58,0
1,58,1
0,58,1
0,58,1
1,58,1
0,58,0
0,58,0
0,58,0
0,58,0
0,58,1
0,59,0
0,59,0
0,59,0
0,59,0
0,59,0
0,59,1
0,59,0
0,59,0
0,59,0
0,59,0
0,59,0
0,59,0
1,59,1
0,59,0
0,59,0
0,59,0
8,59,0
0,59,0
0,59,1
0,59,1
0,59,1
1,59,0
0,59,1
0,59,1
0,59,1
0,59,1
0,59,0
0,59,0
0,59,0
0,59,0
0,59,0
5,59,0
1,59,0
2,59,0
0,59,0
0,59,0
0,59,1
0,59,0
0,59,0
0,59,0
1,59,0
0,59,1
0,59,1
0,59,0
0,59,1
0,59,1
0,59,1
0,59,1
1,59,1
0,59,1
0,59,0
0,59,1
1,59,1
0,59,0
0,59,0
0,59,0
0,59,0
0,59,0
0,59,0
0,59,0
0,59,0
0,59,1
0,59,1
0,59,1
0,59,0
3,59,0
0,59,0
0,59,0
0,59,0
0,59,0
5,59,0
1,59,0
0,59,0
1,59,1
0,59,0
1,59,1
0,59,0
0,59,0
0,59,0
1,59,0
0,59,0
0,59,0
0,59,0
0,59,0
0,59,1
0,59,0
0,59,0
0,59,1
0,59,1
0,59,1
1,59,0
0,59,0
0,59,0
0,59,1
0,59,0
0,59,1
0,59,1
1,59,0
0,59,0
0,59,0
0,59,0
2,59,0
1,59,0
0,59,1
0,59,1
0,59,0
0,59,0
0,59,0
0,59,0
0,59,0
0,59,0
0,59,0
0,59,0
0,59,0
0,59,0
0,59,0
0,59,0
0,59,0
0,59,1
0,59,1
0,59,0
0,59,0
0,59,0
0,59,0
2,59,0
0,59,0
1,59,0
0,59,0
0,59,0
0,59,0
0,59,0
0,59,1
0,59,0
0,59,0
0,59,0
0,59,1
0,59,0
0,59,0
0,59,0
0,59,0
0,59,1
0,59,1
1,59,0
0,59,0
0,59,0
0,59,0
0,59,0
0,59,0
0,59,0
0,59,1
0,59,1
0,59,1
1,59,1
0,59,1
0,59,0
0,59,1
0,59,1
0,60,0
0,60,0
0,60,0
0,60,0
0,60,1
0,60,1
0,60,0
0,60,1
0,60,1
0,60,0
0,60,0
0,60,1
0,60,0
0,60,0
0,60,0
0,60,1
0,60,1
0,60,0
0,60,1
0,60,1
0,60,1
0,60,1
0,60,1
0,60,0
0,60,1
0,60,0
0,60,0
0,60,1
0,60,0
0,60,1
0,60,1
0,60,0
0,60,0
0,60,0
0,60,1
0,60,1
0,60,0
4,60,0
0,60,0
0,60,1
0,60,1
0,60,1
1,60,0
0,60,0
0,60,0
0,60,0
0,60,0
0,60,1
0,60,0
0,60,1
0,60,1
0,60,0
0,60,0
0,60,1
0,60,1
0,60,1
0,60,0
1,60,0
1,60,1
0,60,1
3,60,1
0,60,0
0,60,1
0,60,1
1,60,0
0,60,1
0,60,1
0,60,1
0,60,1
0,60,0
0,60,1
0,60,0
1,60,1
1,60,0
0,60,0
0,60,0
0,60,0
1,60,0
0,60,1
0,60,1
1,60,1
0,60,0
1,60,0
0,60,0
0,60,1
0,60,0
0,60,1
0,60,0
2,60,1
2,60,1
5,60,1
0,60,0
0,60,0
1,60,0
0,60,0
0,60,0
0,60,1
0,60,0
0,60,1
0,60,1
0,60,0
0,60,0
0,60,0
0,60,0
0,60,1
0,60,0
0,60,1
2,60,0
0,60,0
0,60,1
0,60,0
0,60,0
0,60,0
0,60,1
0,60,1
1,60,1
3,60,1
4,60,1
0,60,1
3,60,0
0,60,0
1,60,0
0,60,0
0,60,0
1,60,1
0,60,1
0,60,0
0,60,0
0,60,0
0,60,0
0,60,0
0,60,1
2,60,1
1,60,1
0,60,1
0,60,0
0,60,0
0,60,0
0,60,0
0,60,0
1,60,1
1,60,0
0,60,1
0,60,0
0,60,0
0,60,1
0,60,1
0,60,1
0,60,1
2,60,1
0,60,0
2,60,0
0,60,1
1,60,1
1,60,1
0,60,0
0,60,1
2,60,0
14,60,1
1,60,1
0,61,0
1,61,0
1,61,0
0,61,1
1,61,1
1,61,0
0,61,0
0,61,0
0,61,0
0,61,0
0,61,0
0,61,1
0,61,0
2,61,1
0,61,1
0,61,1
0,61,0
0,61,1
1,61,0
0,61,0
1,61,0
0,61,0
0,61,0
0,61,0
0,61,0
1,61,0
0,61,1
0,61,0
0,61,0
0,61,0
0,61,0
0,61,0
0,61,0
2,61,0
0,61,1
0,61,1
0,61,1
0,61,1
0,61,0
0,61,0
0,61,0
0,61,1
1,61,0
0,61,1
0,61,0
0,61,0
0,61,0
0,61,0
0,61,0
0,61,0
0,61,0
1,61,1
1,61,0
3,61,0
0,61,0
0,61,0
0,61,0
0,61,1
0,61,1
1,61,0
0,61,1
0,61,1
0,61,0
0,61,0
4,61,1
0,61,0
1,61,0
1,61,0
0,61,0
0,61,0
0,61,0
0,61,1
0,61,1
0,61,0
0,61,1
0,61,0
0,61,0
0,61,1
0,61,0
0,61,1
1,61,0
0,61,1
0,61,0
0,61,0
0,61,1
0,61,0
0,61,1
1,61,0
0,61,0
0,61,0
0,61,0
1,61,1
0,61,0
1,61,1
0,61,1
0,61,1
0,61,1
0,61,1
0,61,1
0,61,0
0,61,1
0,61,1
0,61,1
0,61,0
0,61,0
0,61,0
0,61,0
0,61,1
0,61,1
0,61,0
0,61,0
5,61,0
0,61,0
0,61,0
0,61,1
0,61,1
1,61,1
0,61,0
0,61,0
0,61,1
0,61,0
0,61,1
1,61,0
1,61,0
1,61,0
0,61,1
0,61,0
0,61,1
0,61,0
5,61,1
2,61,0
0,61,0
0,61,1
9,61,0
1,61,0
0,61,0
0,61,0
0,61,1
0,61,1
0,61,0
1,61,0
0,61,0
0,61,0
0,61,1
0,61,1
0,61,1
0,61,1
0,61,0
0,62,0
0,62,0
0,62,0
0,62,0
0,62,1
0,62,0
0,62,0
0,62,0
0,62,0
0,62,0
0,62,0
0,62,0
0,62,1
0,62,0
0,62,0
0,62,0
1,62,0
1,62,0
0,62,0
0,62,0
0,62,0
0,62,0
0,62,0
0,62,0
1,62,0
2,62,0
0,62,0
0,62,1
0,62,0
1,62,0
0,62,1
7,62,0
1,62,0
0,62,0
0,62,0
0,62,0
0,62,1
1,62,0
0,62,0
0,62,1
2,62,0
0,62,0
0,62,0
0,62,0
0,62,0
0,62,0
0,62,1
0,62,1
0,62,1
0,62,0
0,62,1
3,62,0
0,62,0
5,62,0
0,62,0
5,62,0
0,62,0
0,62,0
0,62,0
1,62,1
17,62,0
0,62,0
1,62,0
1,62,0
0,62,0
0,62,1
1,62,0
0,62,1
0,62,0
0,62,0
0,62,0
0,62,0
0,62,1
4,62,1
0,62,1
1,62,0
1,62,1
0,62,1
0,62,1
0,62,0
0,62,1
0,62,1
0,62,1
0,62,0
0,62,0
0,62,0
0,62,0
0,62,0
0,62,0
0,62,0
0,62,0
0,62,0
6,62,0
1,62,0
0,62,0
0,62,0
0,62,1
0,62,1
0,62,1
0,62,1
0,62,1
5,62,0
3,62,0
1,62,0
0,62,1
0,62,0
0,62,0
3,62,0
0,62,0
0,62,1
0,62,1
0,62,0
0,62,0
0,62,0
0,62,1
0,62,1
6,62,0
0,62,1
1,62,0
1,62,0
0,62,0
0,62,0
0,62,1
0,62,0
1,62,0
0,62,0
0,62,0
0,62,1
0,62,1
1,62,1
1,62,1
1,62,1
0,62,1
0,62,0
0,62,0
0,62,0
0,62,1
0,62,1
1,62,0
0,62,0
0,62,0
0,62,0
0,62,1
1,62,1
6,62,0
0,62,1
0,62,0
0,62,1
0,62,1
1,62,0
0,62,1
0,62,1
1,62,1
0,62,1
0,62,0
0,62,0
1,62,1
3,62,1
1,62,0
1,62,0
1,62,0
0,62,1
1,62,0
4,62,0
0,62,0
0,62,0
0,62,0
1,62,1
0,62,0
4,62,0
1,62,0
0,62,1
0,62,1
1,62,1
0,62,0
0,62,0
0,62,0
4,62,1
4,62,1
0,62,0
2,62,1
2,62,0
0,62,1
0,62,1
0,62,1
0,62,1
0,62,1
0,62,1
0,63,1
0,63,1
0,63,1
0,63,1
0,63,1
0,63,1
0,63,1
0,63,1
0,63,1
0,63,1
0,63,1
0,63,1
0,63,1
0,63,1
0,63,1
0,63,1
0,63,1
0,63,1
0,63,1
0,63,1
0,63,1
0,63,1
0,63,1
0,63,1
0,63,1
0,63,1
0,63,1
0,63,0
0,63,0
0,63,1
0,63,1
0,63,1
1,63,0
0,63,0
1,63,0
0,63,1
7,63,0
2,63,0
0,63,0
0,63,0
0,63,0
0,63,1
1,63,1
1,63,1
0,63,0
0,63,0
1,63,1
0,63,0
2,63,1
0,63,0
0,63,0
1,63,0
1,63,1
0,63,0
1,63,0
0,63,0
0,63,0
0,63,0
0,63,1
0,63,1
1,63,1
0,63,0
0,63,0
0,63,0
0,63,1
0,63,1
0,63,1
0,63,1
0,63,0
1,63,0
0,63,1
0,63,0
0,63,1
1,63,0
0,63,0
0,63,1
0,63,1
2,63,1
1,63,1
0,63,1
0,63,0
0,63,0
0,63,0
0,63,0
2,63,0
0,63,0
0,63,1
0,63,1
1,63,0
1,63,0
0,63,0
0,63,0
1,63,1
3,63,1
1,63,0
2,63,0
0,63,0
0,63,0
0,63,1
0,62,0
0,63,1
0,63,1
0,63,0
0,63,1
0,63,0
1,63,0
0,63,0
0,63,0
0,63,0
7,63,0
2,63,0
1,63,1
1,63,0
0,63,0
0,63,0
0,63,1
1,63,0
0,63,1
1,63,1
0,63,1
0,63,0
0,63,0
0,63,1
1,63,0
0,63,0
2,63,1
0,63,1
0,63,0
0,63,1
1,63,1
0,63,0
1,63,0
1,63,0
2,63,0
0,63,1
1,63,0
0,63,1
2,63,0
0,63,0
0,63,1
0,63,0
0,63,0
1,63,1
1,63,0
0,63,0
0,63,1
0,63,0
4,63,1
0,63,0
0,63,0
0,63,1
0,63,1
0,63,0
0,63,1
0,63,0
3,63,0
0,63,0
0,63,0
0,63,0
0,63,1
0,63,0
2,63,0
0,63,1
0,63,0
0,63,0
0,63,0
0,63,0
0,63,0
1,63,0
0,63,0
0,63,1
0,63,0
0,63,1
2,63,1
0,63,1
2,63,1
4,63,1
2,63,1
1,63,1
1,63,1
0,63,1
0,63,0
0,63,1
0,63,1
3,63,1
0,63,0
2,63,1
0,63,1
0,63,0
0,63,0
1,63,1
0,63,1
1,63,1
1,63,1
0,63,0
2,63,1
0,63,1
1,63,1
1,63,1
0,63,1
0,63,0
1,63,1
1,63,1
0,63,1
0,63,0
0,63,0
0,63,1
0,63,1
0,63,1
0,63,1
0,63,1
0,63,1
0,63,1
0,63,1
0,63,1
0,63,1
0,63,1
0,63,1
0,63,1
0,63,1
0,63,1
0,63,1
0,63,1
0,63,1
0,64,0
0,64,0
1,64,0
0,64,1
0,64,1
0,64,0
0,64,0
0,64,1
2,64,1
0,64,0
0,64,0
0,64,0
0,64,0
2,64,0
0,64,1
0,64,0
3,64,0
0,64,0
0,64,0
5,64,1
2,64,1
0,64,1
0,64,1
0,64,0
0,64,0
0,64,1
0,64,1
1,64,0
0,64,0
0,64,0
1,64,0
2,64,0
0,64,0
0,64,1
0,64,0
0,64,1
0,64,1
5,64,0
0,64,0
0,64,1
0,64,1
1,64,0
0,64,1
1,64,0
0,64,0
1,64,0
0,64,1
0,64,0
0,64,1
0,64,1
0,64,1
2,64,0
0,64,1
0,64,0
1,64,1
0,64,1
0,64,1
0,64,1
1,64,1
0,64,1
0,64,0
2,64,1
4,64,1
2,64,1
6,64,0
0,64,1
0,64,0
0,64,0
0,64,1
1,64,0
0,64,0
2,64,0
0,64,0
2,64,0
3,64,0
0,64,1
0,64,1
0,64,1
0,64,0
0,64,0
0,64,1
0,64,1
0,64,0
0,64,0
0,64,1
0,64,1
0,64,0
0,64,1
0,64,0
0,64,0
3,64,0
1,64,1
1,64,1
0,64,0
0,64,0
0,64,0
0,64,0
1,64,0
2,64,0
0,64,1
0,64,0
1,64,0
0,64,0
1,64,0
1,64,0
0,64,0
1,64,1
0,64,1
1,64,1
0,64,0
0,64,0
0,64,0
0,64,0
0,64,0
0,64,0
0,64,0
0,64,0
0,64,1
0,64,0
1,64,0
0,64,1
1,64,0
2,64,0
0,64,0
0,64,0
1,64,1
1,64,1
3,64,0
0,64,0
0,64,0
0,64,1
1,64,0
3,64,0
1,64,0
2,64,0
0,64,1
0,64,0
0,64,1
0,64,1
0,64,1
0,64,1
2,64,1
3,64,0
4,64,1
1,64,1
1,64,1
2,64,0
4,64,0
0,64,0
0,64,1
0,64,1
0,64,0
0,64,0
0,64,1
0,64,1
0,64,1
0,65,0
0,65,1
0,65,0
0,65,0
0,65,1
0,65,1
0,65,0
0,65,0
0,65,0
2,65,1
0,65,1
0,65,1
0,65,1
2,65,0
0,65,0
0,65,0
0,65,0
0,65,0
0,65,0
0,65,0
0,65,1
1,65,0
1,65,0
0,65,0
0,65,1
0,65,1
0,65,0
0,65,0
0,65,0
0,65,0
0,65,0
0,65,0
0,65,0
0,65,0
1,65,0
0,65,0
0,65,0
1,65,0
0,65,0
0,65,0
0,65,1
0,65,0
1,65,1
0,65,0
0,65,0
0,65,0
0,65,0
1,65,1
1,65,1
0,65,0
1,65,1
0,65,0
5,65,0
0,65,0
0,65,0
0,65,0
0,65,0
0,65,0
0,65,0
5,65,0
0,65,0
0,65,0
0,65,0
2,65,0
1,65,1
0,65,1
0,65,1
0,65,1
0,65,0
0,65,0
0,65,0
0,65,1
0,65,0
0,65,1
0,65,1
2,65,1
0,65,0
0,65,0
0,65,1
0,65,1
0,65,1
0,65,1
0,65,0
2,65,0
8,65,1
0,65,0
0,65,0
0,65,0
1,65,1
4,65,1
2,65,1
1,65,0
0,65,1
0,65,0
0,65,0
0,65,0
0,65,0
0,65,0
0,65,0
1,65,1
1,65,1
0,65,0
0,65,0
0,65,0
0,65,0
0,65,1
0,65,1
1,65,1
0,65,1
0,65,1
0,65,1
0,65,0
0,65,0
0,65,0
1,65,0
0,65,1
1,65,0
0,65,1
0,65,1
0,65,1
0,65,0
0,65,1
1,65,0
0,65,0
0,65,1
0,65,1
1,65,0
0,65,0
0,65,1
0,65,0
2,65,0
0,65,0
2,65,0
0,65,0
0,65,0
0,65,1
0,65,1
0,65,1
0,65,1
1,65,0
0,65,1
0,65,0
0,65,0
0,65,0
2,65,1
0,65,1
0,65,1
0,65,1
1,65,0
0,65,0
3,65,1
3,65,1
3,65,1
2,65,1
1,65,0
0,65,0
0,65,0
0,65,0
0,65,0
0,65,0
0,65,0
0,65,1
2,65,1
1,65,1
0,65,0
0,65,1
3,65,1
0,65,1
0,65,1
0,65,0
1,65,0
0,65,0
1,65,1
0,65,1
0,65,1
0,65,1
0,65,1
0,65,0
0,65,0
0,65,1
0,65,1
0,65,1
0,65,0
0,65,1
0,65,1
0,65,1
0,65,0
0,66,0
0,66,0
0,66,1
0,66,0
0,66,1
0,66,0
0,66,0
0,66,0
0,66,1
0,66,0
0,66,1
0,66,0
0,66,0
1,66,0
3,66,1
0,66,0
0,66,0
1,66,0
2,66,0
0,66,0
0,66,1
0,66,0
0,66,1
0,66,1
0,66,1
0,66,1
0,66,0
2,66,0
0,66,0
1,66,1
0,66,1
0,66,1
2,66,1
0,66,1
0,66,1
0,66,1
1,66,1
0,66,0
0,66,0
0,66,1
1,66,1
0,66,0
0,66,0
0,66,0
3,66,0
0,66,1
0,66,1
0,66,0
5,66,1
0,66,0
0,66,0
0,66,1
0,66,1
0,66,0
0,66,1
0,66,1
1,66,1
2,66,1
0,66,1
0,66,0
0,66,1
0,66,1
0,66,1
0,66,1
0,66,1
0,66,0
0,66,1
1,66,1
0,66,1
0,66,1
0,66,1
0,66,1
0,66,1
0,66,1
0,66,1
0,66,1
0,66,1
0,66,0
0,66,0
1,66,0
0,66,0
0,66,0
3,66,0
0,66,1
1,66,1
0,66,0
0,66,0
1,66,0
0,66,1
0,66,1
0,66,0
1,66,1
0,66,0
0,66,1
1,66,0
0,66,0
0,66,0
0,66,0
0,66,0
1,66,0
0,66,0
0,66,0
0,66,0
0,66,1
1,66,1
0,66,0
1,66,0
0,66,1
0,66,1
0,66,1
0,66,0
0,66,1
0,66,0
4,66,0
0,66,0
0,66,0
0,66,0
0,66,0
0,66,1
0,66,0
0,66,0
0,66,0
0,66,1
0,66,1
1,66,0
0,66,1
2,66,1
2,66,1
0,66,1
0,66,0
0,66,1
0,66,1
0,66,1
0,66,1
0,66,1
0,66,1
0,66,1
0,66,0
0,66,0
0,66,1
4,66,1
0,66,1
0,66,0
5,66,0
3,66,0
3,66,0
3,66,0
2,66,1
0,66,0
0,66,0
0,66,0
1,66,0
0,66,0
0,66,1
0,66,0
0,66,1
1,66,1
1,66,0
0,66,0
7,66,1
0,66,0
0,66,0
0,66,0
0,66,0
0,66,0
0,66,0
0,66,0
0,66,0
3,66,1
0,66,1
2,66,0
4,66,1
0,66,1
0,66,0
5,66,1
0,66,1
1,66,1
1,66,0
0,66,1
0,66,1
2,66,1
1,66,1
2,66,0
0,66,0
1,66,0
0,66,0
0,66,0
0,66,1
0,66,1
0,66,1
0,66,1
0,66,1
0,66,1
0,66,1
0,66,1
0,66,1
0,66,1
0,66,1
0,66,1
0,66,1
0,66,1
0,67,0
0,67,1
0,67,1
0,67,1
0,67,1
0,67,1
0,67,1
0,67,1
0,67,1
1,67,1
0,67,1
0,67,1
0,67,1
2,67,1
0,67,0
1,67,0
0,67,0
0,67,1
0,67,1
0,67,1
0,67,0
0,67,1
0,67,0
2,67,1
0,67,1
0,67,1
0,67,0
0,67,0
0,67,0
1,67,0
0,67,1
3,67,1
1,67,0
2,67,0
1,67,1
1,67,0
2,67,0
0,67,0
0,67,0
0,67,0
0,67,1
0,67,0
0,67,1
1,67,0
0,67,1
1,67,0
0,67,0
0,67,1
0,67,0
0,67,0
0,67,1
0,67,1
0,67,1
2,67,0
1,67,0
1,67,0
0,67,0
0,67,0
0,67,0
0,67,0
0,67,0
0,67,0
0,67,0
0,67,0
0,67,0
0,67,0
0,67,0
1,67,0
1,67,1
0,67,1
0,67,1
0,67,0
0,67,1
0,67,1
0,67,1
0,67,1
0,67,1
0,67,1
0,67,1
0,67,1
0,67,1
0,67,0
0,67,0
0,67,1
0,67,1
0,67,1
0,67,1
0,67,1
0,67,0
0,67,0
0,67,0
0,67,0
0,67,1
0,67,1
0,67,1
0,67,1
0,67,1
0,67,0
0,67,1
0,67,1
0,67,1
1,67,0
0,67,0
1,67,0
0,67,1
0,67,0
0,67,1
0,67,0
0,67,0
0,67,0
1,67,0
1,67,0
0,67,0
0,67,1
0,67,1
0,67,1
2,67,0
1,67,1
0,67,1
0,67,0
0,67,1
0,67,0
8,67,0
0,67,1
0,67,0
0,67,1
2,67,1
0,67,1
0,67,0
0,67,1
0,67,1
0,67,0
1,67,0
0,67,0
3,67,0
0,67,1
0,67,1
0,67,1
1,67,0
0,67,0
0,67,1
5,67,1
0,67,1
2,67,1
0,67,1
0,67,1
0,67,0
1,67,0
0,67,0
3,67,0
0,67,0
0,67,0
0,67,0
0,67,0
0,67,0
0,67,0
0,67,0
0,67,0
0,67,0
0,67,0
0,67,0
0,67,0
0,67,1
0,67,1
0,67,1
0,67,1
0,67,1
0,67,1
1,67,0
0,67,0
0,67,0
0,67,0
0,67,0
0,67,0
0,67,0
0,67,0
0,67,0
0,67,1
0,67,1
1,67,1
3,67,1
0,67,1
0,67,0
0,67,0
2,67,0
0,67,0
0,67,1
1,67,1
0,67,1
0,67,1
1,67,0
0,67,0
1,67,0
0,67,0
7,67,1
4,67,1
0,67,1
0,67,0
0,67,1
0,67,1
0,67,1
0,67,1
0,67,1
0,67,1
6,67,1
3,67,1
1,67,0
2,67,1
1,67,1
1,67,1
0,67,0
0,67,0
0,67,0
0,67,1
0,67,1
0,67,0
1,67,0
5,67,1
1,67,1
1,67,1
0,67,1
0,67,1
1,67,0
0,67,0
0,67,1
0,67,0
0,67,1
0,67,1
0,67,1
0,67,1
6,67,1
0,67,1
5,67,0
8,67,0
0,67,0
3,67,0
0,67,0
2,67,0
0,67,1
0,67,1
12,67,1
1,67,1
0,67,1
0,67,1
0,67,1
0,67,1
0,67,1
0,67,1
0,67,1
0,67,1
0,67,1
2,67,1
4,67,0
0,67,1
0,67,1
9,67,0
13,67,1
0,67,0
0,67,0
3,67,1
0,67,0
0,67,0
0,67,0
0,67,0
0,67,1
0,67,1
0,67,1
0,67,1
0,67,1
0,67,1
0,67,1
0,67,1
0,67,1
0,67,1
0,67,1
0,67,1
0,67,1
0,67,1
0,67,1
0,67,1
0,67,1
0,67,1
0,67,1
0,67,1
0,67,1
0,68,1
0,68,1
0,68,1
0,68,0
0,68,0
0,68,0
0,68,0
0,68,1
0,68,0
0,68,1
0,68,0
0,68,0
0,68,0
2,68,1
0,68,0
0,68,1
0,68,0
0,68,0
0,68,0
0,68,0
0,68,1
0,68,0
1,68,0
0,68,0
0,68,0
0,68,0
0,68,1
0,68,1
0,68,1
0,68,0
0,68,1
1,68,0
0,68,1
0,68,0
0,68,0
0,68,1
0,68,0
0,68,1
0,68,1
1,68,0
0,68,0
0,68,1
0,68,1
4,68,1
0,68,0
0,68,1
2,68,1
1,68,1
0,68,0
1,68,1
0,68,1
1,68,1
1,68,1
0,68,1
0,68,1
0,68,1
0,68,1
0,68,1
0,68,1
0,68,1
0,68,1
0,68,1
0,68,1
0,68,1
0,68,1
0,68,1
0,68,1
0,68,1
0,68,1
0,68,1
0,68,1
0,68,1
0,68,1
0,68,0
0,68,0
0,68,0
0,68,0
0,68,0
1,68,0
0,68,1
1,68,0
0,68,1
0,68,1
0,68,1
0,68,1
0,68,1
0,68,1
0,68,1
3,68,1
0,68,0
0,68,1
0,68,1
0,68,1
0,68,1
0,68,1
0,68,1
0,68,1
0,68,1
0,68,1
0,68,1
0,68,1
0,68,1
0,68,1
0,68,1
0,68,1
0,68,1
0,68,1
0,68,0
0,68,0
1,68,1
2,68,0
0,68,0
0,68,0
1,68,0
0,68,0
0,68,1
0,68,1
0,68,1
0,68,1
0,68,0
0,68,1
0,68,1
0,68,1
0,68,1
0,68,1
2,68,1
4,68,1
11,68,1
5,68,1
0,68,0
0,68,0
1,68,1
0,68,1
0,68,1
0,68,0
1,68,0
0,68,0
0,68,1
0,68,0
0,68,0
0,68,1
0,68,0
0,68,1
0,68,1
0,68,0
0,68,1
0,68,1
0,68,1
0,68,1
0,68,0
0,68,0
0,68,0
0,68,1
0,68,1
0,68,1
0,68,1
1,68,0
2,68,1
0,68,0
1,68,1
0,68,0
1,68,0
1,68,1
1,68,0
33,68,0
0,68,1
0,68,0
0,68,0
2,68,0
2,68,0
1,68,1
0,68,1
0,68,1
1,68,0
2,68,1
0,68,1
0,68,1
1,68,1
0,68,0
0,68,1
1,68,1
0,68,0
3,68,1
2,68,1
0,68,0
0,68,0
1,68,1
0,68,1
1,68,0
1,68,0
2,68,0
3,68,0
0,68,0
0,68,1
0,68,0
1,68,0
0,68,0
2,68,1
0,68,0
1,68,1
2,68,1
0,68,1
1,68,0
0,68,1
0,68,1
0,68,1
0,68,1
0,69,0
3,69,1
2,69,1
0,69,0
4,69,1
0,69,0
0,69,1
0,69,1
0,69,1
0,69,1
0,69,1
0,69,0
0,69,1
5,69,0
4,69,0
1,69,0
0,69,0
1,69,0
2,69,0
2,69,0
0,69,0
3,69,0
0,69,1
2,69,1
0,69,0
0,69,1
0,69,1
2,69,1
3,69,1
2,69,1
0,69,1
0,69,1
0,69,1
0,69,0
0,69,1
1,69,0
1,69,0
1,69,1
1,69,1
1,69,0
0,69,1
0,69,0
0,69,0
0,69,0
0,69,0
0,69,0
0,69,1
0,69,0
0,69,0
0,69,1
0,69,1
0,69,1
0,69,1
0,69,1
0,69,1
0,69,0
0,69,1
0,69,0
0,69,1
0,69,1
0,69,1
0,69,1
0,69,1
0,69,1
2,69,1
0,69,1
0,69,0
0,69,0
0,69,0
2,69,0
0,69,1
1,69,0
2,69,0
0,69,0
0,69,0
1,69,0
0,69,0
4,69,0
0,69,1
0,69,1
0,69,1
0,69,1
2,69,1
2,69,1
0,69,0
0,69,0
0,69,1
0,69,0
0,69,1
2,69,1
0,69,1
5,69,1
0,69,1
3,69,1
0,69,0
0,69,0
2,69,1
0,69,1
0,69,0
0,69,0
2,69,0
0,69,1
0,69,1
0,69,0
0,69,1
2,69,1
3,69,0
0,69,0
0,69,1
12,69,1
2,69,1
0,69,1
2,69,1
0,69,1
0,69,0
0,69,1
0,69,1
0,69,0
0,69,1
0,69,0
0,69,1
0,69,1
0,69,1
0,69,1
1,69,0
0,69,1
6,69,0
6,69,1
0,69,0
2,69,1
0,69,1
0,69,0
4,69,0
0,69,1
0,69,1
0,69,1
2,69,0
1,69,1
1,69,1
0,69,0
0,69,1
0,69,0
0,69,1
0,69,0
0,69,1
0,69,1
0,69,1
0,69,1
0,69,1
1,69,1
1,69,1
0,69,1
0,69,0
1,69,1
4,69,1
0,69,0
0,69,0
0,69,0
0,69,1
2,69,1
6,69,1
0,69,0
0,69,0
0,69,0
0,69,0
0,69,0
0,69,0
0,69,0
0,69,0
0,69,0
0,69,0
0,69,1
3,69,1
0,69,0
0,69,1
0,69,1
0,70,1
0,70,1
0,69,1
0,70,1
0,69,1
0,69,1
0,69,1
0,69,1
0,69,1
0,69,1
0,69,1
0,69,1
0,70,0
0,70,0
0,70,0
0,70,0
0,70,0
0,70,1
0,70,1
0,70,0
0,70,0
0,70,1
0,70,0
0,70,0
0,70,0
0,70,0
1,70,0
0,70,0
0,70,0
1,70,1
2,70,1
6,70,1
4,70,1
4,70,1
3,70,0
3,70,0
2,70,1
3,70,0
0,70,0
0,70,0
0,70,1
0,70,1
0,70,1
0,70,1
0,70,0
0,70,1
0,70,1
0,70,1
1,70,0
0,70,0
0,70,0
5,70,1
0,70,1
0,70,1
0,70,1
0,70,1
0,70,1
0,70,0
0,70,1
0,70,0
0,70,1
0,70,0
0,70,1
0,70,1
0,70,0
0,70,0
0,70,1
0,70,1
0,70,0
0,70,0
0,70,0
0,70,0
0,70,0
4,70,0
1,70,0
0,70,1
0,70,0
3,70,0
1,70,1
1,70,0
0,70,0
0,70,1
0,70,1
0,70,1
1,70,0
0,70,0
0,70,1
2,70,1
1,70,1
2,70,0
4,70,1
4,70,1
1,70,1
1,70,0
5,70,1
0,70,0
1,70,0
0,70,1
2,70,0
0,70,0
1,70,0
0,70,0
0,70,0
3,70,1
0,70,1
1,70,1
0,70,1
1,70,0
2,70,0
0,70,1
0,70,1
0,70,1
0,70,1
0,70,1
2,70,1
0,70,1
0,70,1
0,70,1
0,70,1
0,70,1
0,70,1
0,70,0
0,70,0
0,70,0
0,70,0
0,70,0
0,70,0
0,70,0
0,70,0
0,70,1
0,70,0
0,70,1
0,70,0
0,70,0
0,70,1
0,70,1
0,70,1
0,70,0
15,70,1
1,70,1
5,70,1
2,70,1
1,70,1
1,70,0
0,70,1
4,70,0
1,70,1
12,70,1
0,70,1
2,70,1
0,70,0
0,70,1
5,70,1
2,70,1
5,70,0
0,70,1
0,70,1
3,70,0
0,70,1
0,70,1
0,70,1
0,70,0
0,70,1
2,70,0
2,70,0
0,70,0
0,70,0
0,70,0
0,70,0
0,70,0
0,70,0
1,70,0
1,70,0
0,70,1
0,70,1
2,70,0
0,70,0
0,70,1
0,70,1
0,70,0
0,70,1
0,70,1
0,70,1
0,70,1
0,70,1
0,70,1
0,70,1
0,70,1
0,70,1
0,70,1
0,70,1
0,70,1
0,70,1
0,70,1
0,70,1
0,70,1
0,70,1
0,70,1
0,70,1
0,70,0
11,70,1
0,70,0
1,70,1
0,70,1
1,70,1
0,70,1
2,70,1
1,70,1
0,70,0
0,70,1
0,70,1
1,70,1
4,70,0
0,70,0
0,70,0
3,70,1
2,70,1
0,70,1
1,70,0
0,70,1
0,70,1
4,70,1
0,70,1
1,70,1
6,70,1
21,70,1
6,70,1
4,70,1
0,70,1
0,70,1
0,70,1
0,70,1
0,70,1
0,70,1
2,70,1
0,70,0
0,71,0
0,71,0
1,71,0
1,71,1
0,71,0
0,71,1
0,71,0
0,71,1
1,71,0
0,71,0
0,71,1
0,71,1
0,71,1
3,71,1
3,71,1
0,71,0
5,71,0
0,71,0
2,71,0
0,71,0
5,71,0
1,71,1
2,71,0
0,71,1
2,71,0
0,71,1
0,71,0
0,71,1
0,71,0
0,71,1
1,71,1
1,71,1
1,71,1
0,71,1
0,71,1
0,71,0
1,71,0
1,71,0
2,71,0
0,71,1
2,71,0
0,71,1
1,71,0
1,71,0
2,71,1
0,71,1
1,71,1
1,71,0
0,71,0
0,71,0
0,71,1
0,71,1
0,71,0
0,71,0
0,71,0
0,71,1
0,71,1
0,71,1
0,71,0
0,71,1
0,71,1
0,71,0
0,71,0
0,71,0
0,71,1
0,71,1
0,71,1
0,71,1
0,71,0
0,71,1
0,71,1
0,71,1
0,71,1
0,71,1
0,71,0
0,71,1
0,71,1
0,71,1
0,71,1
0,71,1
0,71,1
9,71,1
0,71,0
1,71,0
0,71,1
0,71,1
0,71,0
0,71,0
0,71,0
1,71,1
7,71,1
0,71,1
2,71,1
1,71,0
0,71,0
2,71,0
0,71,1
1,71,0
3,71,1
0,71,1
0,71,1
1,71,1
1,71,1
1,71,0
0,71,1
4,71,0
0,71,1
0,71,1
0,71,1
0,71,1
1,71,0
0,71,0
1,71,1
2,71,1
1,71,1
0,71,1
0,71,0
0,71,0
1,71,0
6,71,0
0,71,1
0,71,1
0,71,1
0,71,1
0,71,1
0,71,1
0,71,1
0,71,1
0,71,1
0,71,1
0,71,1
0,71,1
0,71,1
0,71,1
0,71,0
0,71,1
0,71,1
0,71,1
0,71,1
0,71,0
0,71,1
0,71,1
0,71,1
0,71,1
1,71,0
0,71,0
1,71,0
0,71,0
4,71,0
1,71,1
0,71,0
0,71,1
0,71,1
5,71,1
0,71,1
0,71,0
2,71,0
1,71,1
0,71,0
0,71,1
0,71,0
1,71,1
0,71,1
2,71,1
0,71,0
3,71,1
3,71,1
1,71,1
0,71,0
0,71,0
3,71,0
0,71,0
2,71,1
0,71,1
1,71,1
0,71,1
13,71,0
0,71,0
3,71,0
1,71,1
2,71,0
0,71,0
0,71,0
1,71,0
0,71,0
0,71,0
0,71,1
0,71,1
0,71,0
0,71,1
0,71,1
0,71,1
0,71,1
0,71,1
0,71,0
6,71,1
3,71,1
0,71,1
0,71,1
1,71,1
4,71,1
4,71,1
0,71,1
0,71,1
0,71,1
0,71,0
0,71,0
1,71,0
0,71,0
0,71,0
5,71,1
0,71,1
3,71,0
0,71,1
0,71,1
3,71,0
1,71,1
0,71,1
0,71,1
1,71,1
2,71,1
3,71,0
3,71,1
0,71,0
0,71,0
0,71,0
2,71,0
2,71,1
1,71,1
0,71,1
0,71,1
0,71,0
3,71,1
1,71,1
0,71,1
0,71,1
0,71,1
6,71,1
0,71,1
0,71,1
2,71,0
0,71,0
8,71,0
3,71,0
0,71,1
3,71,1
12,71,1
5,71,1
6,71,1
1,71,1
2,71,0
0,71,0
0,71,1
0,71,1
0,71,1
0,71,1
0,71,0
0,71,0
0,71,0
0,71,0
0,71,0
0,72,0
5,72,0
0,72,0
0,72,0
0,72,1
2,72,0
0,72,0
14,72,0
2,72,0
0,72,0
1,72,0
0,72,0
0,72,1
0,72,1
0,72,1
0,72,0
0,72,0
2,72,1
3,72,0
2,72,0
0,72,1
0,72,1
0,72,0
0,72,1
0,72,0
2,72,0
0,72,0
1,72,0
0,72,1
0,72,1
0,72,0
1,72,0
2,72,1
0,72,1
0,72,1
0,71,0
0,72,0
0,72,1
1,72,0
0,72,1
2,72,1
0,72,1
2,72,1
4,72,0
0,72,1
0,72,1
0,72,1
0,72,1
0,72,0
0,72,0
0,72,0
0,72,0
0,72,0
0,72,1
0,72,0
0,72,0
0,72,0
0,72,1
0,72,1
0,72,1
0,72,1
0,72,1
0,72,0
0,72,0
0,72,1
0,72,1
0,72,1
0,72,1
0,72,1
0,72,1
0,72,1
0,72,0
0,72,1
0,72,1
0,72,1
0,72,1
0,72,1
0,72,1
0,72,1
0,72,1
0,72,1
1,72,1
0,72,0
2,72,0
14,72,0
10,72,0
0,72,0
0,72,0
0,72,0
0,72,1
0,72,1
0,72,1
0,72,1
0,72,1
2,72,0
0,72,0
7,72,0
3,72,1
0,72,0
0,72,0
0,72,0
3,72,1
1,72,0
0,72,1
1,72,1
1,72,0
0,72,0
0,72,0
0,72,1
0,72,1
0,72,0
1,72,0
0,72,0
0,72,1
0,72,1
0,72,1
0,72,1
0,72,1
0,72,0
3,72,1
1,72,1
0,72,1
0,72,1
0,72,1
0,72,1
0,72,1
0,72,1
0,72,0
0,72,1
12,72,1
0,72,0
0,72,0
6,72,1
5,72,1
0,72,0
0,72,1
0,72,1
0,72,0
0,72,1
1,72,1
2,72,1
1,72,0
14,72,0
0,72,1
2,72,0
0,72,0
1,72,1
5,72,1
1,72,0
2,72,0
0,72,0
2,72,1
1,72,1
1,72,0
0,72,0
0,72,0
0,72,1
0,72,1
5,72,0
3,72,0
1,72,1
0,72,1
1,72,0
4,72,0
0,72,1
2,72,1
0,72,1
0,72,1
0,72,1
0,72,1
0,72,1
0,72,0
2,72,0
1,72,1
0,72,1
2,72,0
2,72,0
0,72,1
0,72,1
0,72,1
2,72,1
0,72,1
0,72,1
0,72,1
2,72,1
2,72,1
0,72,0
0,72,1
0,72,0
1,72,0
0,72,0
0,72,0
0,72,0
0,72,0
0,72,1
2,72,0
0,72,1
1,72,1
0,72,0
0,72,0
3,72,0
0,72,0
0,72,0
11,72,0
0,72,0
0,72,0
5,72,0
3,72,0
3,72,0
3,72,0
2,72,0
0,72,0
0,72,1
1,72,1
0,72,1
0,72,0
0,72,0
0,72,0
0,72,1
0,72,0
0,72,1
0,72,1
0,72,1
0,72,0
3,72,0
1,72,1
0,72,1
0,72,1
2,72,1
1,72,1
4,72,0
8,72,1
0,72,1
0,72,1
0,72,1
9,72,1
0,72,1
3,72,1
1,72,1
1,72,1
0,72,1
1,72,1
0,72,1
1,72,1
0,72,1
0,72,1
0,72,1
2,72,1
0,72,1
1,72,1
1,72,1
1,72,1
1,72,1
1,72,1
0,72,1
0,72,1
0,72,1
5,72,1
0,72,1
5,72,1
1,72,1
0,72,0
0,72,1
0,72,1
0,72,1
0,72,1
0,72,1
0,72,1
0,72,1
0,72,1
0,73,0
0,73,1
0,73,1
0,73,1
0,73,1
0,73,1
0,73,0
0,73,1
0,73,1
0,73,1
0,73,1
1,73,1
2,73,1
0,73,1
0,73,1
3,73,1
0,73,0
0,73,1
0,73,0
1,73,0
0,73,1
2,73,0
0,73,0
1,73,0
0,73,0
4,73,1
2,73,1
0,73,0
1,73,0
4,73,0
1,73,1
4,73,0
0,73,1
0,73,0
0,73,1
1,73,0
0,73,0
0,73,0
2,73,0
2,73,0
1,73,1
0,73,0
9,73,1
0,73,0
1,73,0
6,73,1
8,73,1
2,73,1
0,73,0
0,73,0
0,73,0
0,73,1
0,73,1
0,73,1
0,73,1
0,73,1
0,73,1
0,73,1
0,73,1
0,73,1
0,73,0
0,73,0
0,73,1
0,73,1
0,73,0
0,73,1
0,73,1
0,73,1
0,73,1
0,73,1
0,73,1
0,73,1
0,73,1
0,73,1
0,73,0
0,73,0
0,73,1
0,73,1
0,73,1
0,73,1
0,73,1
0,73,1
0,73,0
0,73,1
0,73,1
0,73,1
0,73,1
0,73,0
0,73,1
2,73,0
3,73,1
0,73,1
5,73,0
0,73,0
0,73,1
0,73,1
0,73,1
2,73,1
3,73,1
0,73,1
1,73,1
0,73,0
0,73,0
0,73,0
0,73,1
0,73,0
0,73,0
2,73,0
0,73,0
1,73,1
0,73,1
2,73,0
6,73,0
0,73,0
0,73,1
0,73,0
0,73,0
0,73,1
0,73,1
0,73,1
2,73,1
0,73,1
0,73,1
0,73,1
1,73,1
0,73,1
0,73,1
1,73,1
0,73,1
0,73,1
0,73,1
0,73,0
0,73,1
0,73,1
0,73,0
0,73,1
0,73,1
0,73,1
0,73,0
2,73,0
1,73,0
2,73,0
3,73,0
0,73,1
2,73,0
26,73,0
0,73,1
1,73,1
0,73,0
0,73,0
0,73,0
2,73,1
0,73,1
18,73,0
0,73,0
0,73,1
0,73,1
1,73,1
1,73,1
3,73,0
1,73,1
2,73,0
0,73,0
2,73,0
2,73,0
2,73,0
2,73,1
0,73,1
0,73,1
0,73,1
0,73,1
0,73,1
0,73,1
0,73,0
0,73,1
0,73,1
0,73,1
0,73,0
2,73,0
0,73,1
1,73,1
0,73,0
0,73,1
0,73,1
0,73,1
0,73,0
0,73,0
4,73,0
11,73,0
1,73,0
0,73,1
2,73,1
0,73,1
2,73,0
0,73,0
0,73,0
0,73,0
0,73,0
0,73,0
0,73,0
0,73,1
1,73,0
2,73,0
0,73,0
8,73,1
4,73,1
0,73,0
12,73,1
1,73,0
0,73,1
2,73,1
0,73,1
1,73,1
4,73,1
0,73,0
0,73,1
0,73,0
1,73,1
0,73,0
1,73,0
1,73,1
2,73,0
0,73,0
0,73,1
3,73,1
1,73,1
0,73,1
0,73,1
0,73,1
0,73,0
0,73,1
0,73,1
0,73,1
0,73,0
3,73,1
3,73,1
8,73,1
0,73,0
1,73,0
17,73,1
3,73,0
0,73,1
0,73,1
0,73,1
1,73,1
1,73,1
4,73,0
0,73,1
7,73,0
0,73,0
0,73,0
1,73,1
0,73,1
1,73,1
12,73,1
0,73,1
0,73,1
0,73,1
0,73,1
0,73,1
0,73,1
0,73,1
0,73,1
0,73,1
0,73,1
0,73,1
0,73,1
0,74,0
0,74,0
0,74,1
1,74,0
0,74,0
0,74,1
0,74,1
3,74,1
0,74,0
0,74,0
0,74,0
3,74,0
0,74,0
1,74,0
5,74,0
0,74,1
0,74,1
0,74,0
0,74,0
0,74,0
0,74,0
0,74,0
1,74,0
1,74,0
0,74,0
4,74,0
0,74,0
1,74,0
0,74,1
0,74,0
0,74,1
1,74,0
0,74,1
0,74,1
2,74,1
0,74,0
5,74,0
0,74,1
0,74,1
0,74,1
0,74,1
0,74,1
0,74,1
0,74,1
0,74,1
0,74,1
0,74,1
0,74,0
0,74,1
0,74,1
0,74,1
0,74,1
0,74,1
0,74,0
0,74,0
0,74,1
0,74,0
0,74,1
0,74,1
0,74,1
0,74,0
0,74,1
0,74,1
0,74,1
0,74,0
0,74,0
0,74,1
0,74,1
0,74,1
1,74,1
0,74,1
9,74,0
0,74,0
7,74,0
0,74,0
0,74,1
12,74,1
0,74,0
8,74,0
0,74,0
1,74,0
0,74,0
1,74,0
1,74,1
0,74,0
1,74,0
1,74,0
0,74,1
0,74,0
0,74,0
1,74,1
0,74,1
0,74,1
7,74,0
0,74,0
0,74,1
3,74,0
4,74,0
5,74,0
2,74,1
3,74,1
2,74,1
0,74,0
0,74,0
9,74,0
0,74,0
1,74,0
0,74,1
1,74,1
5,74,1
1,74,0
0,74,1
1,74,1
2,74,0
0,74,1
0,74,1
1,74,1
2,74,1
0,74,1
1,74,0
0,74,1
1,74,0
0,74,1
0,74,1
0,74,1
0,74,1
0,74,1
0,74,0
0,74,1
1,74,0
0,74,0
5,74,0
0,74,0
0,74,0
0,74,0
3,74,0
1,74,0
1,74,0
0,74,0
0,74,0
4,74,0
3,74,1
0,74,1
0,74,0
0,74,1
0,74,1
3,74,1
0,74,0
0,74,0
0,74,0
1,74,1
0,74,1
0,74,1
0,74,1
3,74,1
6,74,0
2,74,0
1,74,0
5,74,0
0,74,1
4,74,0
0,74,0
0,74,1
0,74,1
1,74,0
2,74,0
8,74,0
0,74,1
2,74,1
0,74,0
2,74,0
0,74,1
0,74,0
0,74,0
0,74,0
0,74,1
0,74,1
0,74,1
0,74,1
0,74,0
0,74,0
1,74,1
0,74,0
2,74,1
1,74,0
1,74,0
1,74,1
0,74,0
2,74,1
2,74,1
0,74,0
0,74,0
0,74,0
0,74,0
0,74,0
0,74,1
1,74,1
2,74,0
5,74,1
4,74,1
5,74,1
4,74,0
1,74,1
5,74,0
1,74,1
1,74,0
0,74,0
1,74,0
2,74,1
0,74,1
0,74,1
1,74,1
1,74,1
1,74,1
0,74,0
0,74,1
1,74,0
0,74,0
0,74,1
0,74,1
0,74,1
0,74,1
0,74,1
0,75,0
0,75,0
0,75,0
0,75,0
0,75,0
0,75,1
1,75,0
0,75,1
0,75,0
0,75,1
0,75,1
0,75,1
0,75,0
0,75,0
0,75,0
1,75,1
0,75,1
0,75,0
0,75,0
0,75,0
0,75,0
0,75,1
2,75,0
0,75,0
4,75,0
0,75,0
0,75,0
0,75,0
0,75,0
6,75,0
1,75,0
2,75,0
0,75,1
0,75,1
0,75,1
0,75,1
0,75,1
0,75,1
0,75,1
0,75,1
0,75,1
0,75,1
0,75,1
0,75,1
0,75,1
0,75,1
0,75,1
0,75,1
0,75,1
0,75,0
0,75,0
0,75,0
0,75,1
0,75,0
0,75,1
0,75,1
0,75,1
5,75,1
0,75,1
0,75,0
1,75,1
0,75,1
0,75,0
0,75,1
0,75,0
3,75,1
0,75,1
1,75,0
1,75,1
0,75,1
1,75,0
0,75,1
0,75,1
0,75,1
0,75,0
2,75,1
0,75,0
0,75,1
0,75,1
1,75,1
1,75,1
17,75,0
4,75,1
18,75,0
18,75,0
1,75,1
0,75,1
0,75,1
0,75,0
0,75,0
0,75,0
0,75,0
3,75,0
0,75,1
0,75,1
0,75,0
1,75,0
0,75,1
1,75,1
0,75,1
0,75,0
2,75,0
8,75,0
0,75,1
1,75,1
1,75,0
0,75,0
0,75,0
2,75,0
5,75,1
0,75,0
1,75,0
0,75,1
0,75,0
2,75,1
1,75,1
0,75,1
0,75,0
0,75,0
0,75,1
2,75,1
0,75,1
0,75,1
0,75,1
0,75,0
4,75,0
0,75,1
0,75,1
0,75,0
0,75,1
4,75,1
0,75,1
0,75,0
2,75,0
2,75,0
3,75,1
0,75,0
0,75,0
0,75,0
0,75,0
0,75,0
0,75,1
1,75,1
0,75,1
0,75,1
0,75,1
0,75,1
0,75,1
0,75,1
2,75,0
0,75,0
3,75,0
4,75,1
2,75,1
4,75,0
2,75,0
4,75,0
5,75,0
6,75,0
4,75,1
2,75,0
0,75,0
1,75,0
0,75,0
1,75,0
0,75,1
1,75,0
1,75,0
1,75,1
0,75,1
1,75,0
1,75,0
0,75,0
3,75,0
0,75,0
0,75,0
5,75,0
0,75,0
7,75,0
1,75,0
1,75,1
1,75,1
0,75,1
0,75,1
0,75,0
0,75,0
6,75,0
1,75,1
3,75,1
0,75,0
2,75,0
0,75,0
0,75,0
8,75,0
0,75,1
0,75,1
0,75,0
0,75,0
1,75,1
0,75,1
0,75,0
0,75,0
2,75,0
4,75,1
5,75,1
4,75,1
0,75,1
1,75,0
2,75,0
4,75,0
5,75,1
0,75,0
5,75,1
6,75,0
2,75,1
8,75,0
8,75,0
6,75,1
2,75,1
6,75,1
0,75,0
1,75,1
0,75,1
0,75,1
7,75,1
0,75,1
0,75,0
2,75,0
1,75,0
3,75,0
5,75,0
0,75,0
0,75,0
0,75,0
4,75,1
5,75,1
3,75,1
3,75,1
3,75,1
4,75,1
4,75,0
0,75,1
13,75,1
2,75,1
0,75,1
1,75,1
3,75,0
0,75,1
0,75,1
0,75,1
0,75,1
0,75,0
0,75,0
0,76,1
0,76,1
0,76,1
0,76,1
0,76,1
0,76,0
0,76,1
0,76,1
0,76,1
2,76,0
1,76,0
0,76,1
0,76,0
0,76,0
2,76,0
0,76,1
2,76,0
0,76,1
0,76,1
15,76,1
15,76,1
3,76,0
0,76,0
8,76,1
0,76,1
1,76,1
2,76,1
0,76,1
0,76,0
2,76,1
0,76,1
0,76,1
0,76,1
0,76,0
1,76,0
0,76,0
0,76,1
4,76,0
4,76,0
1,76,0
0,76,0
2,76,0
0,76,1
0,76,0
1,76,0
0,76,1
0,76,1
4,76,0
1,76,1
0,76,0
2,76,0
0,76,0
0,76,0
0,76,1
0,76,0
0,76,0
0,76,1
0,76,1
0,76,1
0,76,1
0,76,1
0,76,1
0,76,0
0,76,1
0,76,0
0,76,1
0,76,1
0,76,1
0,76,1
0,76,1
0,76,1
0,76,1
0,76,0
0,76,1
0,76,0
0,76,1
0,76,0
0,76,1
0,76,1
0,76,1
0,76,1
0,76,1
0,76,1
0,76,1
0,76,0
0,76,1
0,76,0
0,76,0
1,76,0
0,76,0
0,76,1
0,76,1
0,76,1
0,76,0
1,76,0
2,76,0
2,76,0
0,76,0
4,76,0
3,76,1
0,76,1
0,76,1
0,76,0
0,76,1
0,76,0
2,76,0
0,76,1
0,76,1
0,76,0
0,76,0
1,76,0
0,76,1
0,76,1
2,76,1
2,76,1
0,76,1
0,76,0
0,76,1
6,76,0
0,76,0
2,76,0
0,76,1
4,76,1
0,76,1
0,76,1
4,76,1
1,76,1
0,76,1
0,76,1
0,76,0
0,76,0
0,76,0
0,76,0
1,76,1
0,76,1
1,76,0
0,76,0
0,76,1
0,76,1
0,76,1
0,76,1
0,76,0
1,76,0
0,76,1
5,76,1
2,76,0
0,76,0
2,76,0
0,76,0
0,76,0
13,76,0
1,76,1
0,76,1
0,76,0
0,76,0
0,76,0
0,76,1
0,76,1
0,76,0
2,76,0
7,76,0
3,76,1
0,76,0
3,76,1
0,76,1
3,76,0
0,76,0
4,76,0
0,76,1
0,76,1
0,76,1
0,76,1
0,76,0
4,76,0
1,76,0
3,76,1
0,76,1
2,76,1
1,76,1
1,76,1
3,76,1
0,76,1
0,76,0
2,76,0
2,76,0
0,76,1
0,76,1
1,76,1
5,76,0
0,76,0
4,76,0
0,76,0
0,76,1
0,76,1
0,76,1
0,76,0
0,76,1
0,76,1
0,76,1
0,76,0
0,76,1
0,76,0
0,76,0
10,76,1
0,76,1
0,76,1
0,76,1
0,76,1
0,76,1
1,76,0
0,76,0
0,76,1
0,76,0
3,76,0
1,76,1
0,76,1
0,76,0
0,76,1
0,76,0
1,76,1
0,76,1
2,76,0
2,76,0
0,76,1
4,76,0
0,76,1
0,76,1
0,76,1
2,76,1
0,76,0
0,76,0
0,76,0
0,76,0
3,76,0
1,76,1
2,76,1
1,76,0
4,76,1
0,76,0
6,76,1
4,76,1
4,76,1
4,76,1
13,76,1
3,76,1
0,76,1
0,76,1
1,76,1
0,76,0
0,76,1
0,76,1
0,76,1
0,76,1
0,76,1
0,77,0
0,77,0
0,77,0
0,77,0
0,77,1
0,77,0
0,77,1
1,77,0
0,77,0
0,77,0
0,77,1
0,77,1
0,77,1
2,77,1
0,77,1
0,77,1
2,77,1
0,77,1
0,77,0
0,77,0
0,77,0
0,77,0
0,77,0
0,77,0
0,77,1
2,77,0
0,77,0
2,77,0
0,77,1
1,77,0
0,77,0
2,77,1
1,77,1
4,77,0
0,77,0
3,77,0
2,77,0
0,77,1
0,77,0
0,77,1
1,77,0
2,77,1
2,77,0
0,77,0
0,77,0
0,77,1
0,77,1
0,77,1
0,77,1
0,77,0
0,77,0
0,77,0
0,77,0
0,77,0
0,77,0
0,77,0
0,77,0
0,77,1
0,77,1
0,77,1
0,77,0
0,77,1
0,77,0
0,77,0
0,77,1
0,77,1
0,77,1
0,77,1
0,77,1
0,77,0
0,77,1
0,77,0
0,77,1
0,77,1
0,77,1
0,77,1
0,77,1
0,77,1
1,77,0
1,77,0
1,77,0
2,77,1
14,77,0
12,77,1
0,77,1
1,77,1
1,77,1
0,77,1
1,77,1
0,77,1
0,77,1
3,77,1
0,77,1
2,77,0
2,77,0
1,77,0
2,77,1
3,77,0
4,77,0
4,77,0
0,77,0
1,77,0
0,77,1
1,77,1
1,77,1
0,77,0
12,77,1
0,77,0
6,77,1
4,77,1
0,77,1
0,77,1
0,77,1
0,77,1
0,77,1
0,77,1
0,77,1
0,77,0
0,77,1
0,77,1
0,77,1
0,77,1
0,77,1
0,77,0
0,77,0
0,77,1
0,77,1
1,77,0
0,77,0
0,77,0
5,77,1
0,77,0
1,77,0
0,77,1
0,77,1
0,77,1
3,77,1
2,77,0
0,77,0
0,77,0
0,77,1
11,77,1
0,77,1
0,77,1
0,77,1
1,77,0
2,77,1
2,77,1
0,77,1
0,77,0
0,77,1
0,77,0
0,77,0
5,77,0
6,77,1
6,77,1
1,77,0
1,77,0
0,77,0
0,77,0
0,77,0
0,77,0
0,77,0
1,77,1
3,77,1
3,77,1
0,77,1
0,77,0
4,77,0
0,77,0
0,77,0
0,77,0
0,77,0
2,77,0
0,77,1
0,77,1
0,77,1
0,77,1
0,77,1
0,77,1
0,77,1
0,77,1
0,77,1
0,77,1
0,77,1
1,77,1
0,77,1
0,77,1
6,77,0
6,77,0
6,77,0
6,77,0
6,77,0
6,77,0
3,77,0
1,77,0
3,77,0
0,77,1
0,77,0
0,77,0
0,77,0
0,77,1
1,77,0
0,77,0
0,77,0
4,77,0
0,77,0
0,77,0
1,77,0
2,77,1
2,77,1
1,77,0
6,77,0
0,77,0
3,77,0
1,77,1
2,77,1
0,77,0
8,77,0
0,77,1
0,77,1
2,77,1
0,77,0
13,77,0
13,77,0
6,77,0
2,77,1
0,77,0
0,77,1
2,77,1
1,77,0
53,77,1
2,77,0
0,77,0
5,77,0
2,77,1
0,77,1
2,77,1
17,77,0
14,77,0
8,77,1
0,77,1
0,77,1
0,77,1
0,78,0
0,78,0
0,78,0
0,78,0
0,78,1
0,78,1
0,78,0
0,78,1
0,78,1
0,78,0
0,78,0
0,78,0
1,78,1
0,78,1
0,78,1
0,78,0
0,78,1
1,78,0
1,78,1
0,78,1
0,78,0
0,78,1
0,78,0
5,78,0
0,78,0
2,78,1
1,78,1
3,78,0
2,78,1
0,78,0
0,78,0
0,78,1
0,78,1
0,78,1
0,78,1
0,78,1
0,78,1
2,78,1
1,78,0
3,78,0
8,78,0
8,78,0
1,78,0
0,78,0
0,78,1
0,78,1
0,78,0
0,78,1
0,78,1
0,78,1
0,78,1
0,78,0
0,78,1
0,78,1
0,78,1
0,78,1
0,78,0
0,78,0
0,78,0
0,78,1
0,78,1
0,78,1
0,78,0
0,78,1
0,78,0
0,78,1
0,78,0
0,78,0
0,78,1
0,78,1
0,78,1
0,78,1
0,78,0
0,78,1
0,78,1
0,78,1
0,78,0
0,78,1
0,78,1
1,78,1
1,78,1
1,78,0
0,78,0
0,78,0
0,78,0
1,78,0
4,78,1
2,78,1
24,78,0
0,78,1
0,78,0
0,78,0
0,78,1
0,78,0
14,78,0
5,78,0
1,78,1
4,78,0
1,78,1
1,78,1
0,78,0
0,78,0
0,78,0
0,78,0
0,78,0
0,78,1
1,78,0
1,78,0
7,78,0
3,78,1
0,78,1
9,78,1
1,78,1
2,78,0
0,78,0
0,78,0
2,78,0
1,78,0
1,78,0
0,78,1
0,78,1
0,78,1
0,78,1
0,78,1
0,78,1
0,78,1
9,78,0
0,78,0
0,78,1
0,78,1
1,78,1
5,78,0
1,78,1
1,78,0
2,78,1
0,78,1
0,78,1
9,78,0
0,78,0
0,78,1
2,78,1
3,78,1
4,78,0
9,78,0
0,78,0
0,78,1
0,78,1
3,78,0
2,78,0
0,78,0
2,78,0
0,78,0
3,78,0
7,78,0
2,78,1
0,78,0
0,78,1
0,78,1
0,78,1
0,78,1
0,78,1
0,78,1
0,78,1
0,78,0
0,78,1
0,78,1
0,78,1
5,78,0
0,78,0
0,78,1
0,78,0
0,78,1
0,78,1
0,78,1
0,78,0
0,78,0
1,78,1
0,78,1
1,78,1
1,78,1
5,78,1
4,78,0
1,78,1
2,78,0
3,78,0
3,78,1
17,78,1
2,78,0
1,78,0
1,78,0
1,78,0
1,78,1
0,78,0
0,78,0
0,78,1
0,78,0
1,78,0
10,78,0
1,78,0
7,78,1
2,78,1
5,78,1
3,78,1
3,78,1
1,78,1
0,78,1
1,78,1
2,78,0
0,78,1
0,78,1
0,78,1
0,78,0
5,78,1
1,78,1
4,78,0
0,78,1
1,78,1
5,78,1
2,78,1
1,78,1
1,78,1
8,78,0
0,78,1
1,78,1
27,78,1
5,78,0
0,78,1
4,78,1
1,78,0
5,78,1
9,78,1
9,78,1
1,78,1
3,78,1
0,78,0
4,78,0
0,78,1
7,78,1
0,78,1
0,78,0
0,78,1
0,78,0
0,78,1
0,78,1
0,79,1
0,79,0
2,79,0
0,79,1
0,79,0
5,79,0
2,79,1
0,79,0
1,79,1
1,79,0
2,79,0
5,79,0
5,79,0
0,79,0
0,79,0
0,79,0
3,79,0
0,79,1
0,79,1
5,79,1
0,79,0
0,79,0
0,79,0
0,79,1
1,79,0
0,79,1
0,79,1
0,79,0
2,79,0
0,79,0
0,79,1
0,79,0
0,79,1
1,79,0
3,79,0
0,79,0
0,79,1
0,79,1
1,79,0
1,79,0
5,79,0
0,79,0
5,79,1
6,79,1
0,79,1
4,79,0
5,79,0
0,79,1
0,79,1
0,79,1
0,79,1
0,79,1
0,79,1
0,79,1
0,79,1
0,79,1
0,79,1
0,79,1
0,79,1
0,79,1
0,79,1
0,79,1
0,79,1
0,79,1
0,79,1
0,79,0
0,79,1
0,79,1
0,79,0
0,79,1
0,79,1
0,79,1
0,79,0
0,79,0
0,79,0
0,79,1
5,79,0
0,79,1
0,79,0
2,79,0
0,79,1
2,79,0
4,79,0
0,79,1
0,79,0
0,79,0
1,79,0
0,79,0
0,79,0
1,79,0
0,79,1
2,79,1
1,79,1
0,79,0
0,79,0
0,79,0
1,79,0
6,79,0
1,79,1
0,79,0
0,79,1
0,79,0
1,79,1
0,79,1
0,79,1
2,79,1
0,79,1
9,79,0
0,79,0
0,79,0
0,79,1
0,79,1
0,79,1
0,79,1
0,79,1
0,79,0
2,79,0
2,79,1
2,79,1
2,79,1
1,79,1
1,79,1
0,79,0
0,79,0
0,79,0
2,79,1
2,79,0
0,79,1
0,79,0
0,79,1
0,79,1
0,79,1
0,79,0
0,79,0
4,79,0
0,79,0
2,79,1
0,79,0
1,79,1
0,79,1
1,79,1
0,79,0
0,79,1
0,79,0
3,79,0
1,79,1
0,79,0
0,79,0
0,79,0
0,79,1
0,79,1
0,79,1
0,79,1
0,79,1
0,79,1
0,79,1
0,79,1
1,79,0
0,79,1
3,79,0
3,79,0
8,79,0
1,79,0
1,79,0
0,79,1
6,79,1
0,79,1
3,79,0
0,79,1
16,79,0
0,79,1
0,79,0
0,79,1
0,79,0
0,79,0
0,79,0
0,79,0
0,79,1
0,79,1
0,79,1
0,79,0
3,79,1
2,79,0
11,79,1
4,79,1
3,79,0
0,79,1
0,79,1
0,79,1
1,79,0
2,79,0
0,79,1
2,79,0
2,79,0
2,79,1
0,79,1
0,79,1
0,79,1
3,79,1
1,79,1
2,79,1
0,79,1
0,79,1
0,79,0
1,79,1
1,79,1
10,79,0
1,79,1
0,79,0
9,79,0
8,79,0
9,79,0
9,79,0
1,79,1
0,79,1
0,79,1
16,79,1
5,79,1
7,79,0
0,79,0
0,79,1
0,80,1
0,80,0
3,80,1
0,80,0
0,80,1
0,80,0
0,80,0
0,80,0
0,80,0
2,80,0
0,80,0
0,80,0
2,80,1
2,80,1
0,80,0
3,80,1
0,80,0
0,80,0
3,80,0
1,80,0
3,80,1
0,80,0
0,80,0
0,80,0
0,80,1
0,80,1
1,80,1
1,80,0
6,80,1
0,80,1
0,80,0
0,80,1
1,80,0
1,80,1
5,80,0
2,80,1
0,80,1
8,80,1
2,80,1
1,80,0
0,80,0
0,80,0
0,80,0
0,80,1
0,80,1
0,80,0
0,80,0
0,80,0
0,80,0
0,80,0
0,80,1
0,80,0
0,80,0
0,80,1
0,80,0
0,80,1
0,80,1
0,80,1
0,80,1
0,80,1
0,80,1
0,80,1
0,80,1
0,80,1
0,80,1
0,80,1
0,80,1
0,80,0
0,80,0
0,80,1
0,80,1
0,80,1
0,80,1
0,80,0
0,80,1
1,80,1
3,80,0
2,80,0
2,80,0
2,80,1
0,80,1
0,80,1
1,80,0
5,80,0
5,80,1
1,80,1
0,80,1
0,80,1
1,80,0
0,80,1
7,80,0
0,80,0
4,80,0
4,80,0
1,80,1
3,80,1
1,80,0
6,80,1
0,80,0
0,80,0
0,80,0
1,80,0
12,80,0
3,80,0
4,80,1
2,80,0
2,80,0
0,80,1
0,80,1
0,80,1
0,80,1
0,80,0
0,80,0
0,80,1
0,80,0
0,80,1
0,80,1
0,80,1
0,80,1
0,80,1
0,80,0
0,80,0
0,80,1
0,80,0
0,80,1
0,80,1
0,80,1
12,80,1
12,80,1
12,80,1
12,80,1
12,80,1
2,80,0
4,80,1
2,80,1
2,80,0
0,80,1
1,80,1
1,80,0
0,80,0
0,80,0
0,80,0
3,80,0
9,80,0
1,80,1
8,80,0
0,80,0
1,80,0
0,80,1
1,80,1
0,80,1
3,80,0
7,80,0
0,80,0
4,80,1
2,80,0
0,80,0
1,80,0
0,80,1
1,80,1
14,80,0
6,80,0
3,80,0
0,80,0
2,80,0
1,80,0
10,80,0
0,80,0
0,80,1
0,80,1
0,80,1
0,80,0
0,80,1
0,80,1
0,80,1
0,80,0
0,80,0
0,80,1
0,80,1
0,80,1
0,80,1
0,80,0
0,80,1
1,80,1
5,80,1
2,80,1
6,80,0
9,80,1
3,80,1
0,80,0
6,80,1
3,80,0
0,80,0
2,80,0
10,80,0
0,80,0
11,80,0
5,80,1
2,80,0
0,80,0
0,80,1
0,80,0
0,80,0
0,80,0
0,80,0
2,80,0
0,80,0
8,80,0
1,80,1
2,80,1
3,80,1
0,80,0
7,80,1
4,80,0
0,80,1
0,80,0
0,80,1
0,80,0
0,80,0
0,80,0
0,80,1
0,80,1
0,80,1
0,80,1
0,80,1
0,80,0
0,80,0
0,80,0
0,80,0
1,80,1
4,80,1
3,80,1
1,80,1
2,80,1
2,80,0
4,80,1
0,80,1
0,80,0
3,80,0
0,80,1
0,80,0
1,80,0
0,80,0
2,80,1
2,80,1
0,80,0
9,80,1
3,80,0
12,80,0
11,80,0
0,80,1
0,80,0
0,80,1
0,80,0
0,80,0
0,81,1
0,81,1
0,81,0
0,81,1
0,81,1
1,81,0
0,81,0
0,81,1
1,81,0
3,81,0
1,81,0
4,81,0
5,81,0
0,81,1
2,81,0
2,81,0
11,81,1
5,81,1
3,81,1
0,81,1
0,81,0
0,81,0
0,81,1
0,81,1
0,81,0
0,81,1
3,81,0
2,81,1
2,81,0
0,81,0
1,81,0
1,81,0
0,81,1
0,81,1
0,81,1
0,81,0
0,81,0
0,81,1
0,81,1
0,81,1
0,81,0
0,81,0
0,81,0
0,81,1
0,81,1
0,81,1
0,81,0
0,81,1
0,81,0
0,81,0
0,81,1
0,81,0
0,81,1
0,81,1
0,81,1
0,81,1
0,81,0
0,81,0
0,81,1
0,81,1
0,81,0
0,81,0
0,81,0
0,81,1
0,81,0
0,81,0
0,81,0
0,81,0
3,81,1
2,81,0
7,81,0
8,81,0
4,81,0
3,81,1
0,81,0
0,81,0
9,81,1
0,81,1
2,81,1
0,81,0
0,81,0
1,81,1
2,81,1
3,81,0
1,81,0
0,81,0
5,81,0
5,81,0
5,81,0
2,81,0
2,81,0
6,81,0
3,81,1
2,81,1
2,81,0
1,81,0
3,81,0
0,81,0
0,81,0
6,81,0
3,81,1
1,81,1
2,81,0
3,81,0
0,81,1
0,81,1
0,81,1
0,81,1
1,81,0
0,81,0
0,81,1
2,81,0
6,81,0
0,81,0
39,81,0
4,81,1
0,81,1
0,81,0
0,81,0
0,81,1
0,81,1
0,81,1
0,81,1
0,81,0
0,81,0
0,81,0
0,81,0
0,81,1
0,81,1
0,81,1
0,81,1
0,81,1
1,81,1
0,81,1
0,81,1
1,81,1
0,81,1
4,81,1
0,81,1
2,81,0
1,81,0
4,81,0
6,81,1
2,81,1
2,81,1
0,81,0
3,81,0
0,81,0
5,81,0
5,81,0
5,81,0
2,81,1
1,81,0
3,81,0
2,81,0
2,81,1
4,81,1
8,81,0
1,81,0
0,81,0
0,81,1
2,81,0
8,81,0
8,81,0
8,81,0
2,81,1
0,81,0
1,81,0
0,81,0
24,81,0
2,81,1
0,81,0
8,81,0
0,81,0
0,81,0
0,81,1
0,81,1
0,81,1
0,81,1
0,81,0
0,81,0
0,81,1
0,81,1
0,81,1
0,81,1
7,81,0
1,81,1
0,81,0
0,81,1
0,81,0
1,81,0
0,81,1
4,81,0
0,81,0
0,81,0
9,81,1
9,81,1
0,81,0
17,81,1
16,81,1
1,81,1
1,81,0
6,81,0
4,81,0
8,81,0
0,81,1
1,81,0
0,81,0
0,81,0
3,81,0
5,81,1
1,81,0
5,81,0
0,81,1
2,81,1
0,81,0
3,81,1
5,81,0
0,81,0
2,81,1
2,81,0
4,81,0
4,81,0
1,81,1
11,81,1
0,81,1
1,81,1
1,81,1
0,81,1
3,81,1
0,81,0
3,81,0
8,81,0
8,81,0
10,81,0
8,81,1
1,81,1
0,81,1
0,81,0
0,81,0
0,81,1
3,81,0
3,81,0
4,81,1
0,81,1
0,81,1
0,81,1
0,81,1
4,81,0
6,81,1
0,81,1
12,81,1
0,81,0
0,81,0
3,81,0
4,81,1
4,81,0
4,81,0
4,81,0
1,81,0
1,81,1
3,81,1
2,81,1
5,81,1
0,81,1
3,81,1
7,81,0
0,81,0
0,81,0
0,82,0
0,82,1
0,82,1
0,82,0
0,82,1
0,82,0
0,82,0
0,82,0
0,82,1
1,82,1
0,82,0
1,82,0
0,82,1
1,82,0
2,82,1
1,82,0
1,82,1
0,82,0
1,82,0
2,82,1
3,82,0
3,82,0
3,82,0
4,82,0
0,82,1
3,82,0
1,82,0
0,82,0
5,82,0
25,82,1
0,82,1
0,82,1
0,82,0
0,82,0
0,82,1
0,82,1
0,82,0
0,82,0
0,82,1
0,82,0
0,82,1
0,82,1
0,82,1
0,82,1
0,82,0
0,82,1
0,82,0
0,82,1
0,82,1
0,82,0
0,82,0
0,82,0
0,82,1
0,82,1
0,82,1
0,82,0
0,82,1
0,82,1
0,82,1
0,82,1
0,82,0
0,82,1
0,82,1
0,82,0
0,82,1
0,82,1
0,82,0
0,82,1
0,82,1
0,82,1
0,82,1
0,82,1
0,82,0
0,82,1
0,82,1
0,82,0
2,82,1
0,82,1
1,82,1
0,82,1
3,82,0
1,82,0
3,82,0
6,82,1
0,82,1
2,82,0
1,82,0
0,82,1
0,82,0
1,82,0
1,82,0
4,82,0
1,82,0
2,82,1
0,82,0
1,82,0
2,82,1
2,82,1
2,82,1
0,82,1
1,82,0
3,82,0
5,82,1
1,82,1
1,82,1
0,82,1
7,82,0
0,82,0
2,82,1
2,82,0
0,82,0
0,82,0
0,82,0
0,82,0
0,82,0
0,82,0
0,82,0
0,82,0
0,82,1
0,82,1
0,82,1
0,82,1
0,82,1
0,82,1
0,82,1
0,82,1
0,82,1
3,82,1
0,82,1
4,82,0
2,82,1
2,82,1
16,82,0
0,82,1
2,82,0
6,82,0
0,82,0
2,82,0
1,82,0
2,82,1
7,82,0
2,82,0
0,82,0
4,82,0
4,82,0
2,82,1
17,82,0
17,82,0
17,82,0
4,82,0
0,82,1
4,82,0
4,82,1
0,82,1
0,82,1
0,82,1
14,82,1
11,82,1
4,82,0
1,82,0
0,82,1
0,82,0
0,82,0
2,82,0
2,82,1
4,82,0
0,82,1
0,82,1
0,82,1
0,82,1
0,82,1
0,82,1
0,82,1
0,82,1
1,82,1
0,82,0
2,82,0
6,82,0
0,82,0
0,82,0
6,82,0
0,82,1
2,82,0
1,82,0
3,82,0
1,82,0
0,82,0
0,82,0
17,82,1
6,82,0
3,82,1
6,82,1
2,82,0
0,82,1
3,82,0
4,82,0
1,82,0
20,82,0
0,82,0
0,82,0
9,82,0
6,82,0
0,82,0
0,82,0
0,82,1
3,82,0
0,82,0
3,82,1
0,82,1
7,82,1
2,82,1
1,82,1
0,82,0
0,82,0
1,82,0
0,82,1
0,82,1
0,82,0
2,82,0
0,82,0
0,82,0
0,82,1
0,82,0
0,82,0
0,82,0
6,82,0
7,82,0
0,82,0
0,82,0
2,82,1
6,82,0
0,82,0
0,82,0
9,82,0
4,82,0
30,82,0
1,82,0
4,82,0
2,82,1
0,82,1
0,82,0
0,82,0
0,82,0
2,82,0
3,82,0
14,82,1
5,82,1
1,82,1
3,82,0
7,82,0
8,82,0
4,82,1
2,82,0
0,82,0
9,82,1
2,82,1
1,82,1
4,82,1
5,82,1
7,82,0
6,82,1
0,82,1
0,82,1
2,82,1
13,82,1
0,82,0
0,82,1
0,82,0
0,82,0
0,82,0
0,82,0
0,82,0
0,82,0
0,82,0
0,82,0
0,82,0
0,82,1
0,83,1
0,83,0
3,83,0
0,83,1
9,83,0
0,83,1
0,83,1
0,83,0
0,83,1
3,83,0
0,83,1
0,83,1
0,83,0
0,83,0
1,83,1
0,83,0
0,83,0
6,83,0
0,83,1
0,83,0
0,83,0
4,83,0
0,83,1
0,83,0
0,83,0
3,83,1
27,83,0
4,83,1
2,83,0
1,83,1
0,83,1
0,83,0
0,83,1
0,83,0
0,83,1
0,83,1
0,83,1
0,83,1
0,83,1
0,83,1
0,83,1
0,83,1
0,83,1
0,83,1
0,83,1
0,83,0
0,83,0
0,83,1
0,83,0
0,83,1
0,83,1
0,83,1
0,83,0
0,83,1
0,83,1
0,83,1
0,83,1
0,83,1
0,83,1
0,83,1
0,83,1
0,83,1
0,83,1
0,83,1
0,83,1
0,83,1
0,83,1
0,83,1
0,83,1
0,83,1
0,83,1
1,83,0
1,83,1
4,83,1
1,83,0
0,83,1
0,83,1
2,83,1
1,83,1
2,83,0
2,83,1
0,83,1
3,83,0
2,83,0
1,83,1
3,83,0
3,83,1
5,83,1
0,83,0
0,83,0
0,83,0
4,83,0
8,83,1
0,83,1
4,83,1
0,83,1
6,83,1
2,83,1
13,83,0
3,83,0
3,83,0
2,83,0
6,83,0
5,83,0
0,83,0
0,83,0
7,83,0
0,83,1
0,83,1
0,83,1
0,83,0
0,83,1
0,83,1
0,83,1
0,83,1
0,83,1
0,83,1
0,83,1
0,83,1
0,83,1
0,83,1
0,83,1
0,83,1
0,83,1
0,83,0
0,83,0
0,83,1
0,83,1
0,83,1
9,83,0
2,83,0
3,83,1
0,83,0
2,83,1
0,83,0
0,83,0
4,83,1
1,83,1
6,83,0
2,83,1
4,83,0
0,83,0
3,83,1
1,83,1
0,83,1
1,83,0
2,83,0
0,83,0
0,83,0
0,83,0
0,83,1
1,83,0
2,83,0
3,83,1
5,83,0
0,83,0
0,83,1
2,83,1
0,83,0
5,83,1
4,83,0
1,83,1
2,83,1
4,83,1
0,83,0
0,83,1
1,83,1
4,83,1
3,83,1
0,83,0
0,83,1
0,83,0
0,83,1
0,83,1
0,83,1
0,83,1
0,83,1
0,83,1
0,83,1
0,83,0
0,83,1
0,83,1
0,83,0
0,83,1
0,83,1
0,83,1
0,83,1
1,83,0
1,83,1
0,83,1
3,83,1
1,83,1
10,83,1
3,83,0
2,83,1
3,83,1
0,83,0
2,83,1
1,83,1
0,83,1
0,83,0
4,83,0
0,83,0
8,83,0
8,83,1
0,83,1
0,83,0
0,83,0
1,83,0
2,83,0
8,83,1
4,83,1
4,83,0
7,83,0
1,83,1
1,83,1
1,83,0
2,83,0
13,83,1
13,83,1
2,83,0
2,83,0
1,83,1
10,83,0
0,83,0
10,83,0
2,83,0
4,83,0
0,83,0
1,83,0
1,83,0
0,83,0
0,83,0
5,83,0
3,83,1
6,83,1
2,83,1
4,83,0
4,83,1
10,83,0
0,83,1
0,83,1
0,83,1
0,83,1
0,83,1
0,83,0
0,83,1
0,83,1
0,83,1
0,83,1
0,83,1
0,83,1
0,83,0
0,83,1
0,83,1
1,83,1
1,83,1
2,83,1
0,83,1
3,83,0
4,83,0
2,83,1
2,83,0
2,83,1
3,83,0
1,83,1
0,83,1
2,83,1
5,83,1
2,83,1
0,83,1
4,83,0
0,83,0
0,83,0
0,83,1
0,83,0
2,83,0
11,83,1
0,83,1
1,83,1
1,83,0
0,83,0
1,83,1
3,83,1
7,83,1
15,83,1
12,83,1
4,83,0
0,83,1
0,83,1
0,83,1
0,83,1
0,83,1
0,83,1
0,83,1
0,83,1
0,83,1
0,83,1
0,84,1
0,84,0
0,84,0
0,84,1
2,84,0
0,84,1
0,84,1
0,84,1
0,84,1
0,84,1
0,84,1
0,84,1
4,84,1
1,84,0
0,84,0
1,84,0
0,84,1
0,84,0
0,84,0
3,84,0
3,84,0
4,84,1
1,84,0
8,84,1
0,84,1
1,84,1
1,84,1
0,84,1
0,84,0
1,84,0
6,84,0
0,84,0
0,84,1
0,84,1
0,84,0
0,84,0
0,84,1
0,84,0
0,84,1
0,84,0
0,84,1
0,84,1
0,84,1
0,84,1
0,84,0
0,84,1
0,84,1
0,84,0
0,84,0
0,84,1
0,84,1
0,84,1
0,84,1
0,84,1
0,84,1
0,84,1
0,84,1
0,84,0
0,84,1
0,84,1
0,84,0
0,84,1
0,84,1
0,84,1
0,84,0
0,84,1
0,84,1
0,84,1
0,84,0
0,84,1
0,84,1
0,84,1
0,84,0
0,84,1
0,84,0
0,84,0
0,84,0
0,84,0
0,84,1
0,84,1
0,84,1
0,84,0
0,84,1
0,84,1
0,84,1
0,84,1
0,84,1
0,84,1
0,84,1
0,84,1
3,84,1
0,84,1
5,84,1
1,84,0
3,84,0
0,84,0
1,84,1
3,84,1
1,84,0
0,84,1
6,84,1
6,84,1
2,84,1
1,84,0
3,84,0
0,84,0
2,84,0
0,84,0
0,84,0
4,84,1
0,84,0
0,84,1
5,84,0
0,84,0
0,84,0
2,84,0
7,84,0
2,84,1
1,84,0
3,84,0
0,84,1
0,84,0
1,84,0
0,84,1
3,84,0
0,84,1
3,84,0
0,84,1
6,84,0
0,84,1
0,84,1
0,84,0
0,84,0
0,84,1
0,84,0
0,84,1
0,84,0
0,84,0
0,84,1
0,84,1
0,84,0
0,84,1
0,84,0
0,84,0
0,84,0
0,84,1
0,84,1
0,84,1
0,84,1
2,84,1
8,84,0
5,84,0
0,84,0
0,84,0
0,84,1
6,84,0
0,84,1
0,84,1
0,84,1
0,84,0
0,84,0
0,84,0
0,84,0
0,84,0
9,84,1
3,84,0
2,84,1
1,84,0
1,84,1
1,84,1
1,84,0
0,84,1
0,84,0
1,84,1
0,84,0
0,84,0
3,84,1
1,84,1
0,84,1
0,84,1
0,84,1
0,84,0
0,84,0
0,84,0
3,84,1
4,84,0
1,84,0
2,84,1
2,84,0
1,84,0
5,84,0
0,84,0
15,84,0
6,84,1
0,84,1
2,84,1
5,84,0
0,84,1
0,84,0
0,84,1
0,84,0
0,84,0
0,84,1
0,84,1
0,84,0
0,84,1
0,84,0
0,84,1
0,84,0
0,84,0
0,84,0
0,84,0
0,84,0
0,84,0
0,84,0
0,84,1
0,84,0
0,84,1
0,84,1
0,84,1
0,84,1
0,84,1
0,84,0
0,84,0
0,84,0
0,84,1
0,84,1
0,84,0
0,84,0
10,84,1
0,84,1
0,84,0
3,84,0
10,84,0
5,84,0
8,84,1
2,84,0
2,84,0
2,84,0
6,84,1
0,84,1
0,84,1
11,84,1
1,84,0
2,84,0
3,84,1
0,84,1
1,84,1
0,84,1
7,84,1
0,84,0
5,84,0
1,84,0
2,84,1
2,84,0
1,84,0
0,84,1
9,84,1
0,84,0
5,84,1
4,84,0
12,84,0
0,84,0
0,84,1
9,84,0
0,84,0
3,84,0
4,84,0
7,84,0
1,84,0
10,84,0
1,84,1
3,84,1
7,84,1
6,84,1
0,84,1
0,84,1
9,84,1
19,84,0
7,84,1
0,84,1
3,84,0
6,84,1
0,84,0
1,84,0
0,84,0
1,84,1
2,84,1
0,84,1
0,84,1
4,84,1
0,84,0
0,84,0
0,84,1
0,84,0
0,84,1
0,84,1
0,84,1
0,84,1
0,84,1
0,84,1
0,85,0
0,85,0
0,85,0
0,85,1
0,85,1
0,85,1
0,85,1
0,85,0
0,85,1
0,85,1
0,85,1
1,85,1
0,85,0
2,85,0
0,85,1
1,85,1
2,85,0
0,85,0
6,85,0
0,85,1
0,85,1
1,85,1
2,85,1
1,85,1
0,85,1
2,85,1
4,85,0
2,85,1
6,85,0
0,85,1
0,85,1
9,85,1
4,85,0
0,85,0
0,85,0
0,85,1
0,85,1
0,85,1
0,85,1
0,85,1
0,85,1
0,85,1
0,85,1
0,85,1
0,85,1
0,85,1
0,85,1
0,85,1
0,85,0
0,85,0
0,85,0
0,85,1
0,85,1
0,85,0
0,85,0
0,85,1
0,85,0
0,85,1
0,85,1
0,85,1
0,85,1
0,85,0
0,85,0
0,85,1
0,85,1
0,85,0
0,85,1
0,85,1
0,85,1
0,85,1
0,85,1
0,85,1
0,85,0
0,85,0
0,85,1
0,85,1
0,85,1
0,85,1
0,85,1
0,85,0
0,85,1
0,85,1
0,85,1
0,85,0
0,85,0
0,85,0
0,85,1
0,85,1
29,85,1
7,85,1
0,85,1
0,85,1
0,85,1
0,85,0
1,85,0
0,85,0
1,85,1
3,85,1
3,85,0
0,85,0
0,85,0
5,85,0
0,85,1
12,85,0
5,85,0
1,85,0
2,85,1
3,85,1
2,85,0
0,85,1
6,85,1
1,85,1
5,85,1
14,85,0
2,85,0
1,85,1
5,85,0
5,85,0
0,85,1
0,85,1
3,85,0
1,85,0
0,85,1
1,85,0
6,85,0
5,85,1
0,85,1
0,85,1
0,85,0
8,85,0
4,85,0
1,85,0
1,85,1
0,85,0
0,85,1
0,85,1
0,85,0
0,85,0
0,85,1
0,85,1
0,85,1
0,85,0
0,85,0
0,85,0
0,85,0
0,85,0
0,85,0
0,85,1
0,85,1
0,85,0
0,85,1
0,85,1
0,85,1
0,85,0
0,85,1
0,85,1
0,85,1
0,85,1
0,85,1
0,85,1
0,85,1
0,85,1
0,85,0
0,85,0
0,85,0
0,85,0
0,85,1
0,85,0
0,85,0
0,85,1
0,85,1
1,85,1
0,85,1
3,85,0
0,85,1
10,85,0
5,85,1
3,85,1
0,85,1
0,85,1
4,85,1
7,85,1
2,85,1
5,85,0
22,85,1
0,85,1
0,85,1
7,85,0
7,85,0
7,85,0
7,85,0
2,85,0
6,85,0
4,85,0
3,85,0
7,85,0
7,85,1
24,85,1
1,85,1
0,85,1
0,85,0
6,85,0
3,85,0
7,85,1
1,85,0
0,85,1
3,85,1
6,85,1
15,85,0
2,85,1
0,85,1
2,85,0
3,85,1
1,85,1
0,85,0
6,85,0
5,85,0
0,85,1
0,85,1
0,85,0
0,85,0
0,85,0
0,85,1
0,85,0
0,85,0
0,85,1
0,85,1
0,85,1
0,85,0
0,85,0
0,85,1
0,85,0
0,85,1
0,85,1
0,85,0
0,85,1
0,85,1
0,85,1
0,85,1
4,85,0
0,85,0
1,85,0
10,85,1
0,85,0
1,85,0
0,85,0
3,85,1
0,85,1
6,85,0
4,85,1
1,85,0
3,85,1
1,85,0
14,85,0
1,85,1
3,85,1
0,85,1
5,85,1
3,85,1
3,85,0
7,85,0
4,85,1
14,85,0
1,85,1
3,85,1
3,85,0
7,85,1
7,85,0
11,85,1
0,85,0
0,85,0
0,85,0
0,85,1
0,85,1
0,85,0
8,85,0
3,85,1
0,85,1
3,85,1
12,85,1
18,85,1
1,85,0
4,85,1
0,85,0
1,85,0
3,85,0
8,85,1
3,85,1
5,85,0
0,85,0
0,85,0
3,85,1
0,85,0
0,85,0
0,85,0
0,85,1
0,85,1
0,85,1
0,85,0
0,85,1
0,85,1
0,85,1
0,85,1
0,85,1
0,85,1
0,85,1
0,85,1
0,85,1
0,85,0
