idno,year,approval,partyid,perfin,nateco,age,educ,class,nonwhite,female
1,1990,1,1,-1,-2,49,3,4,0,1
1,1991,2,2,-1,-2,50,3,4,0,1
1,1992,1,2,-1,-1,51,3,4,0,1
2,1990,-1,2,-1,-2,18,2,4,1,1
2,1991,-1,1,-1,-2,19,2,4,1,1
2,1992,-1,1,-1,-2,20,2,4,1,1
3,1990,1,-1,-2,-1,26,3,1,0,1
3,1991,2,0,0,-2,27,3,1,0,1
3,1992,-1,1,-1,-1,28,3,1,0,1
4,1990,-1,0,-1,-2,30,3,1,0,0
4,1991,-1,0,-1,-2,31,3,1,0,0
4,1992,-2,0,-1,-1,32,3,1,0,0
5,1990,1,-2,0,-1,69,3,6,0,1
5,1991,2,-2,0,-1,70,3,6,0,1
5,1992,2,-3,-1,0,71,3,6,0,1
6,1990,1,-2,-1,0,19,4,4,0,0
6,1991,2,-2,0,-1,20,4,4,0,0
6,1992,-2,0,0,0,21,4,4,0,0
7,1990,1,2,1,0,36,5,1,0,1
7,1991,1,2,1,0,37,5,1,0,1
7,1992,1,2,1,-1,38,5,1,0,1
8,1990,2,-1,-1,-2,66,4,4,0,0
8,1991,-2,-1,-1,-1,67,4,4,0,0
8,1992,2,0,-1,0,68,4,4,0,0
9,1990,-2,-1,0,0,76,3,4,0,1
9,1991,1,-1,0,0,77,3,4,0,1
9,1992,2,-1,0,1,78,3,4,0,1
10,1990,-1,3,0,-1,35,6,4,0,0
10,1991,1,2,1,0,36,6,4,0,0
10,1992,-2,3,0,-2,37,6,4,0,0
11,1990,2,1,0,0,32,2,1,1,1
11,1991,2,1,0,-1,33,2,1,1,1
11,1992,-2,3,0,-2,34,2,1,1,1
12,1990,1,1,-2,-2,38,7,4,0,1
12,1991,2,2,-1,-2,39,7,4,0,1
12,1992,-2,2,-1,-1,40,7,4,0,1
13,1990,1,1,2,-1,48,3,6,0,1
13,1991,-2,1,1,-1,49,3,6,0,1
13,1992,-1,1,-1,-1,50,3,6,0,1
14,1990,1,-1,-1,0,64,3,6,0,1
14,1991,2,2,0,-1,65,3,6,0,1
14,1992,1,-1,1,0,66,3,6,0,1
15,1990,2,2,1,-1,37,4,1,0,1
15,1991,2,2,2,1,38,4,1,0,1
15,1992,1,2,1,-2,39,4,1,0,1
16,1990,1,2,-1,-1,62,3,1,1,1
16,1991,1,1,0,-1,63,3,1,1,1
16,1992,-2,2,0,0,64,3,1,1,1
17,1990,-1,-2,-1,-1,47,2,1,0,1
17,1991,-1,-2,-1,-1,48,2,1,0,1
17,1992,1,-2,-1,-1,49,2,1,0,1
18,1990,2,1,0,-1,47,2,3,0,0
18,1991,2,-2,-1,-1,48,2,3,0,0
18,1992,1,0,1,-1,49,2,3,0,0
19,1990,1,0,-2,-2,31,6,3,0,0
19,1991,2,1,-1,-2,32,6,3,0,0
19,1992,-2,1,1,-1,33,6,3,0,0
20,1990,-2,3,0,-2,77,1,1,0,1
20,1991,-2,3,-1,-1,78,1,1,0,1
20,1992,-2,3,-1,-2,79,1,1,0,1
21,1990,-1,-2,1,-1,64,3,6,0,0
21,1991,1,-2,1,-1,65,3,6,0,0
21,1992,-1,-2,1,-1,66,3,6,0,0
22,1990,1,-3,0,-1,74,2,1,0,0
22,1991,2,-3,-1,0,75,2,1,0,0
22,1992,2,-2,0,0,76,2,1,0,0
23,1990,1,-1,0,-1,77,3,4,0,1
23,1991,2,-1,0,-1,78,3,4,0,1
23,1992,1,-3,0,-1,79,3,4,0,1
24,1990,1,-2,-1,-1,38,4,1,0,1
24,1991,2,-1,1,0,39,4,1,0,1
24,1992,-1,1,-1,-2,40,4,1,0,1
25,1990,1,2,0,0,71,2,1,0,1
25,1991,1,3,0,-1,72,2,1,0,1
25,1992,-2,3,0,-2,73,2,1,0,1
26,1990,2,3,2,1,54,1,1,1,0
26,1991,2,3,2,1,55,1,1,1,0
26,1992,-2,3,-1,-2,56,1,1,1,0
27,1990,-2,3,-2,-2,33,3,4,0,0
27,1991,-2,3,-1,-2,34,3,4,0,0
27,1992,-2,3,0,-2,35,3,4,0,0
28,1990,2,2,0,-1,75,5,4,0,1
28,1991,2,3,1,-1,76,5,4,0,1
28,1992,2,-3,1,-1,77,5,4,0,1
29,1990,-1,2,-1,-2,45,3,4,0,1
29,1991,1,2,-1,-2,46,3,4,0,1
29,1992,-2,2,0,-2,47,3,4,0,1
30,1990,-1,1,1,-1,19,3,1,0,1
30,1991,1,0,1,-1,20,3,1,0,1
30,1992,-2,1,-1,-2,21,3,1,0,1
31,1990,2,1,-2,0,18,3,1,0,0
31,1991,2,-1,1,-1,19,3,1,0,0
31,1992,-2,0,0,0,20,3,1,0,0
32,1990,-1,3,1,0,53,3,1,0,1
32,1991,2,3,0,0,54,3,1,0,1
32,1992,1,3,-2,0,55,3,1,0,1
33,1990,1,-3,0,-1,34,3,1,0,1
33,1991,1,-3,1,0,35,3,1,0,1
33,1992,1,-3,0,0,36,3,1,0,1
34,1990,-1,2,0,-1,75,3,4,0,1
34,1991,-1,1,0,0,76,3,4,0,1
34,1992,-2,1,0,0,77,3,4,0,1
35,1990,2,1,2,-1,24,4,4,0,1
35,1991,2,-1,1,0,25,4,4,0,1
35,1992,2,-2,-1,-2,26,4,4,0,1
36,1990,-1,3,0,-1,74,3,4,0,1
36,1991,1,2,0,-1,75,3,4,0,1
36,1992,-2,3,0,-1,76,3,4,0,1
37,1990,1,2,1,-2,47,7,6,1,0
37,1991,1,1,1,-2,48,7,6,1,0
37,1992,-1,2,1,-2,49,7,6,1,0
38,1990,1,3,0,-2,47,2,1,1,1
38,1991,2,3,-1,-1,48,2,1,1,1
38,1992,-2,3,-1,-1,49,2,1,1,1
39,1990,-2,3,1,-1,66,6,4,0,1
39,1991,-2,2,1,-1,67,6,4,0,1
39,1992,-2,3,-1,-1,68,6,4,0,1
40,1990,1,1,1,-1,34,3,1,0,1
40,1991,1,2,0,0,35,3,1,0,1
40,1992,-2,1,1,-1,36,3,1,0,1
41,1990,2,2,-1,-2,38,5,1,0,1
41,1991,2,2,-1,-2,39,5,1,0,1
41,1992,1,1,-1,-2,40,5,1,0,1
42,1990,1,2,-2,0,27,6,1,0,1
42,1991,2,2,-1,-2,28,6,1,0,1
42,1992,-1,1,0,-1,29,6,1,0,1
43,1990,-1,3,1,0,19,4,4,0,0
43,1991,1,2,1,0,20,4,4,0,0
43,1992,-1,2,1,0,21,4,4,0,0
44,1990,-2,2,-2,-1,28,4,1,0,0
44,1991,-2,1,-1,-2,29,4,1,0,0
44,1992,-2,2,-2,0,30,4,1,0,0
45,1990,-1,3,-1,-1,71,2,1,1,1
45,1991,-1,3,-1,-1,72,2,1,1,1
45,1992,-1,1,-1,-1,73,2,1,1,1
46,1990,1,-3,1,0,27,6,3,0,0
46,1991,2,-2,-1,-2,28,6,3,0,0
46,1992,1,-2,1,-2,29,6,3,0,0
47,1990,1,0,0,0,30,3,4,0,0
47,1991,1,0,1,-1,31,3,4,0,0
47,1992,1,0,-1,-1,32,3,4,0,0
48,1990,1,-2,0,-1,31,3,1,0,0
48,1991,1,-2,-1,-1,32,3,1,0,0
48,1992,1,-2,-1,0,33,3,1,0,0
49,1990,2,-2,-2,-2,62,2,4,0,1
49,1991,-1,-1,-2,-2,63,2,4,0,1
49,1992,-2,1,-2,-2,64,2,4,0,1
50,1990,-1,3,1,-1,81,2,4,0,0
50,1991,-1,3,-1,-1,82,2,4,0,0
50,1992,-2,3,-1,-1,83,2,4,0,0
51,1990,1,-1,0,0,68,5,4,0,1
51,1991,2,-3,0,-1,69,5,4,0,1
51,1992,2,-1,-1,-1,70,5,4,0,1
52,1990,1,-3,-1,-1,58,3,1,0,0
52,1991,2,-2,-1,-1,59,3,1,0,0
52,1992,2,-2,-1,-1,60,3,1,0,0
53,1990,-2,3,-2,-2,38,7,4,0,1
53,1991,-2,3,-2,-1,39,7,4,0,1
53,1992,-2,3,-2,-2,40,7,4,0,1
54,1990,1,-2,1,-1,23,6,4,0,1
54,1991,2,-2,1,-1,24,6,4,0,1
54,1992,-1,-2,2,1,25,6,4,0,1
55,1990,2,-1,1,0,30,6,4,0,0
55,1991,2,-2,1,0,31,6,4,0,0
55,1992,1,-2,-1,-1,32,6,4,0,0
56,1990,2,-1,1,0,60,3,1,0,0
56,1991,1,-1,-1,0,61,3,1,0,0
56,1992,1,0,-1,-2,62,3,1,0,0
57,1990,2,-2,0,-1,51,3,4,0,0
57,1991,2,-3,1,-1,52,3,4,0,0
57,1992,2,-3,1,-1,53,3,4,0,0
58,1990,1,-3,-2,-2,50,7,6,0,0
58,1991,2,-3,2,-2,51,7,6,0,0
58,1992,-2,-3,-2,-1,52,7,6,0,0
59,1990,1,3,2,-1,24,6,4,0,0
59,1991,1,2,2,-1,25,6,4,0,0
59,1992,2,-3,2,0,26,6,4,0,0
60,1990,-2,3,2,0,68,4,4,1,0
60,1991,-1,3,-2,-1,69,4,4,1,0
60,1992,-2,3,-2,-2,70,4,4,1,0
61,1990,-2,3,0,-1,72,3,3,0,1
61,1991,-2,3,-1,-2,73,3,3,0,1
61,1992,-2,3,0,-2,74,3,3,0,1
62,1990,2,-2,1,1,37,4,4,0,0
62,1991,2,2,0,-1,38,4,4,0,0
62,1992,1,-3,0,-1,39,4,4,0,0
63,1990,2,-1,2,-1,77,4,3,0,1
63,1991,1,-2,1,-2,78,4,3,0,1
63,1992,-1,1,1,-1,79,4,3,0,1
64,1990,1,-2,-2,-2,44,4,4,0,0
64,1991,1,0,1,-1,45,4,4,0,0
64,1992,-1,0,-2,-2,46,4,4,0,0
65,1990,1,2,2,-1,41,3,4,0,0
65,1991,1,2,1,0,42,3,4,0,0
65,1992,-1,1,-1,-1,43,3,4,0,0
66,1990,2,3,1,0,35,6,4,0,0
66,1991,1,-3,1,0,36,6,4,0,0
66,1992,1,-3,1,0,37,6,4,0,0
67,1990,1,-3,0,-2,73,3,1,0,1
67,1991,2,-3,0,0,74,3,1,0,1
67,1992,2,-2,0,-2,75,3,1,0,1
68,1990,1,2,1,-2,30,3,4,0,1
68,1991,2,1,1,-1,31,3,4,0,1
68,1992,1,1,-2,-2,32,3,4,0,1
69,1990,2,-1,1,0,25,4,1,0,0
69,1991,2,-1,1,0,26,4,1,0,0
69,1992,1,-1,1,0,27,4,1,0,0
70,1990,-1,1,-2,-1,20,4,1,0,1
70,1991,-1,2,0,-2,21,4,1,0,1
70,1992,-2,1,1,-1,22,4,1,0,1
71,1990,1,3,-1,0,69,4,1,0,0
71,1991,2,1,1,-1,70,4,1,0,0
71,1992,-2,1,0,0,71,4,1,0,0
72,1990,-2,3,1,-1,51,2,1,0,0
72,1991,2,3,1,1,52,2,1,0,0
72,1992,2,3,1,0,53,2,1,0,0
73,1990,1,-2,1,-1,68,7,6,0,1
73,1991,2,-2,0,-1,69,7,6,0,1
73,1992,1,-3,0,-1,70,7,6,0,1
74,1990,1,-1,-1,0,79,2,4,0,1
74,1991,2,0,0,-1,80,2,4,0,1
74,1992,1,-1,0,-1,81,2,4,0,1
75,1990,1,-2,1,-1,71,3,4,0,0
75,1991,1,-1,0,-1,72,3,4,0,0
75,1992,1,-1,-1,-2,73,3,4,0,0
76,1990,-2,3,0,-1,72,1,4,0,1
76,1991,1,3,0,-1,73,1,4,0,1
76,1992,-2,3,0,-2,74,1,4,0,1
77,1990,1,-1,0,-1,28,6,1,0,0
77,1991,1,1,1,1,29,6,1,0,0
77,1992,-2,1,-2,-1,30,6,1,0,0
78,1990,-1,1,-2,-1,56,3,3,0,0
78,1991,1,-2,-1,-2,57,3,3,0,0
78,1992,-1,2,-2,-1,58,3,3,0,0
79,1990,2,-2,0,0,37,4,1,0,0
79,1991,2,-2,-1,0,38,4,1,0,0
79,1992,1,-2,1,0,39,4,1,0,0
80,1990,1,-1,0,-2,61,1,1,0,1
80,1991,2,-3,0,-1,62,1,1,0,1
80,1992,2,-3,0,-2,63,1,1,0,1
81,1990,1,1,2,-1,32,3,3,0,1
81,1991,-2,0,2,-2,33,3,3,0,1
81,1992,-2,1,0,-2,34,3,3,0,1
82,1990,-2,-2,-2,0,46,6,4,1,1
82,1991,1,-2,-2,-1,47,6,4,1,1
82,1992,-1,-2,0,0,48,6,4,1,1
83,1990,2,-3,0,-1,74,6,4,0,1
83,1991,2,-3,0,-1,75,6,4,0,1
83,1992,2,-3,-1,0,76,6,4,0,1
84,1990,-2,2,-1,-1,44,2,1,0,1
84,1991,1,2,-1,-1,45,2,1,0,1
84,1992,-2,0,-1,-1,46,2,1,0,1
85,1990,-2,1,-2,-2,35,4,1,1,1
85,1991,-2,2,-2,-1,36,4,1,1,1
85,1992,-2,1,1,-1,37,4,1,1,1
86,1990,2,-3,0,-1,61,3,4,0,0
86,1991,2,-3,1,-1,62,3,4,0,0
86,1992,-1,-3,0,-1,63,3,4,0,0
87,1990,-2,1,1,-1,62,4,4,0,1
87,1991,-2,1,0,-2,63,4,4,0,1
87,1992,-2,1,1,-1,64,4,4,0,1
88,1990,2,-3,0,-1,70,7,4,0,0
88,1991,2,-1,0,-1,71,7,4,0,0
88,1992,2,-3,0,-1,72,7,4,0,0
89,1990,2,-2,-1,-2,35,3,4,0,1
89,1991,2,-2,-1,-2,36,3,4,0,1
89,1992,1,-2,-1,-2,37,3,4,0,1
90,1990,2,-2,2,0,83,3,6,0,1
90,1991,2,-2,2,2,84,3,6,0,1
90,1992,2,-2,2,-1,85,3,6,0,1
91,1990,-2,3,-2,-2,82,3,4,0,0
91,1991,-2,3,-2,-2,83,3,4,0,0
91,1992,-2,3,-2,-2,84,3,4,0,0
92,1990,-2,3,1,0,18,3,4,1,1
92,1991,-2,3,-1,0,19,3,4,1,1
92,1992,-2,3,-1,-1,20,3,4,1,1
93,1990,1,-2,1,0,28,4,4,0,1
93,1991,2,-2,-1,-1,29,4,4,0,1
93,1992,1,-2,1,-1,30,4,4,0,1
94,1990,-2,0,-1,0,21,3,1,1,1
94,1991,-1,-1,1,0,22,3,1,1,1
94,1992,1,0,1,-2,23,3,1,1,1
95,1990,2,-3,2,0,26,6,1,0,1
95,1991,2,-3,1,0,27,6,1,0,1
95,1992,2,-3,2,-1,28,6,1,0,1
96,1990,-2,3,-1,-2,79,2,4,0,1
96,1991,-2,3,2,-2,80,2,4,0,1
96,1992,-2,3,0,-2,81,2,4,0,1
97,1990,-1,2,0,-2,61,3,4,0,0
97,1991,1,3,0,-2,62,3,4,0,0
97,1992,-2,1,0,-2,63,3,4,0,0
98,1990,2,-3,0,-1,49,3,6,0,1
98,1991,2,-3,0,-1,50,3,6,0,1
98,1992,1,-3,0,-1,51,3,6,0,1
99,1990,2,-3,2,-1,57,1,3,0,1
99,1991,2,-3,2,-2,58,1,3,0,1
99,1992,2,-3,2,-1,59,1,3,0,1
100,1990,1,0,0,-1,25,3,1,0,1
100,1991,1,-1,1,-2,26,3,1,0,1
100,1992,1,1,1,-1,27,3,1,0,1
101,1990,2,-2,1,-1,21,4,1,0,0
101,1991,2,-2,1,-1,22,4,1,0,0
101,1992,1,-2,1,-1,23,4,1,0,0
102,1990,-2,1,2,-1,41,5,1,0,1
102,1991,1,3,1,1,42,5,1,0,1
102,1992,-2,3,-2,-2,43,5,1,0,1
103,1990,1,3,2,-2,51,2,1,1,1
103,1991,2,3,2,0,52,2,1,1,1
103,1992,-1,3,0,-2,53,2,1,1,1
104,1990,-2,2,0,0,28,7,4,0,0
104,1991,-1,1,1,-1,29,7,4,0,0
104,1992,1,0,0,0,30,7,4,0,0
105,1990,-1,2,0,1,52,3,4,0,0
105,1991,2,-2,-1,-1,53,3,4,0,0
105,1992,1,-3,-1,-1,54,3,4,0,0
106,1990,1,-3,1,-1,26,6,6,0,1
106,1991,2,-3,2,-2,27,6,6,0,1
106,1992,1,-3,2,-1,28,6,6,0,1
107,1990,1,2,1,-2,37,5,4,0,1
107,1991,2,2,1,0,38,5,4,0,1
107,1992,1,1,1,-1,39,5,4,0,1
108,1990,-2,-2,0,-1,73,4,4,0,1
108,1991,1,-2,0,1,74,4,4,0,1
108,1992,-2,-2,0,-1,75,4,4,0,1
109,1990,1,2,1,-1,39,6,4,0,0
109,1991,1,0,-1,0,40,6,4,0,0
109,1992,-2,2,-1,-1,41,6,4,0,0
110,1990,-2,3,-1,-2,59,3,1,0,1
110,1991,1,2,0,0,60,3,1,0,1
110,1992,-2,2,0,0,61,3,1,0,1
111,1990,2,0,1,0,33,3,4,0,1
111,1991,2,-1,1,-1,34,3,4,0,1
111,1992,1,0,-2,-1,35,3,4,0,1
112,1990,-2,3,-2,-2,57,7,4,1,1
112,1991,-2,3,-2,-2,58,7,4,1,1
112,1992,-2,3,-2,-2,59,7,4,1,1
113,1990,-1,3,0,-1,66,6,4,1,0
113,1991,1,1,0,-2,67,6,4,1,0
113,1992,-1,1,-1,-1,68,6,4,1,0
114,1990,-1,3,1,-1,31,3,3,0,0
114,1991,-1,3,1,0,32,3,3,0,0
114,1992,-2,3,-1,0,33,3,3,0,0
115,1990,-1,2,1,-1,34,3,1,1,1
115,1991,1,2,-1,0,35,3,1,1,1
115,1992,-2,2,-1,-2,36,3,1,1,1
116,1990,1,-2,1,0,22,6,4,0,1
116,1991,2,-2,1,-1,23,6,4,0,1
116,1992,1,-2,1,-1,24,6,4,0,1
117,1990,-2,2,1,-2,70,2,3,0,0
117,1991,-1,2,-2,-2,71,2,3,0,0
117,1992,-2,3,0,-2,72,2,3,0,0
118,1990,-1,-2,-1,-1,33,4,1,0,0
118,1991,2,-3,-1,0,34,4,1,0,0
118,1992,2,-3,-1,-1,35,4,1,0,0
119,1990,-1,1,-2,-2,40,3,1,1,0
119,1991,-2,1,-1,-1,41,3,1,1,0
119,1992,-2,1,-2,-2,42,3,1,1,0
120,1990,2,1,1,-1,47,3,1,0,1
120,1991,2,2,1,-2,48,3,1,0,1
120,1992,1,2,0,-1,49,3,1,0,1
121,1990,1,2,0,-1,72,2,4,0,1
121,1991,2,3,0,0,73,2,4,0,1
121,1992,-2,2,1,-2,74,2,4,0,1
122,1990,1,-1,-2,-2,48,5,1,0,0
122,1991,2,-2,-2,-2,49,5,1,0,0
122,1992,2,-3,-2,-2,50,5,1,0,0
123,1990,2,2,-1,-1,38,7,4,0,0
123,1991,1,-1,-1,-2,39,7,4,0,0
123,1992,-1,2,-1,0,40,7,4,0,0
124,1990,-2,3,-2,-2,58,4,1,0,0
124,1991,-2,3,-2,-2,59,4,1,0,0
124,1992,-2,3,-2,-2,60,4,1,0,0
125,1990,-2,3,-2,0,58,6,3,0,0
125,1991,-2,3,1,1,59,6,3,0,0
125,1992,-2,3,-2,-2,60,6,3,0,0
126,1990,1,-1,1,0,27,4,1,0,0
126,1991,1,-1,1,-1,28,4,1,0,0
126,1992,-1,-1,1,-1,29,4,1,0,0
127,1990,-2,1,1,-1,20,3,4,0,1
127,1991,-2,2,-1,-1,21,3,4,0,1
127,1992,-2,1,0,-2,22,3,4,0,1
128,1990,-1,2,-1,-1,49,3,1,1,0
128,1991,2,2,1,-1,50,3,1,1,0
128,1992,-1,2,0,-2,51,3,1,1,0
129,1990,-2,3,-2,0,82,1,1,1,0
129,1991,1,3,0,0,83,1,1,1,0
129,1992,-2,3,0,-1,84,1,1,1,0
130,1990,-2,3,0,-2,35,2,1,1,1
130,1991,-2,2,-2,-2,36,2,1,1,1
130,1992,-2,3,-2,-2,37,2,1,1,1
131,1990,1,1,1,-1,31,4,1,0,1
131,1991,-1,2,1,-2,32,4,1,0,1
131,1992,-1,1,1,-1,33,4,1,0,1
132,1990,1,2,0,0,68,3,1,0,1
132,1991,2,2,0,-1,69,3,1,0,1
132,1992,1,2,0,-2,70,3,1,0,1
133,1990,-1,3,1,-2,75,3,4,0,0
133,1991,2,1,1,-1,76,3,4,0,0
133,1992,-1,2,0,-2,77,3,4,0,0
134,1990,2,-1,2,-1,26,4,3,0,0
134,1991,2,-1,1,-2,27,4,3,0,0
134,1992,-2,0,-2,-2,28,4,3,0,0
135,1990,1,-1,0,0,72,2,1,0,1
135,1991,1,-1,0,0,73,2,1,0,1
135,1992,1,-1,0,0,74,2,1,0,1
136,1990,1,-2,1,-2,29,3,1,0,1
136,1991,1,-2,1,-1,30,3,1,0,1
136,1992,1,0,-1,-2,31,3,1,0,1
137,1990,2,-3,1,-1,59,7,3,0,0
137,1991,2,-2,0,-1,60,7,3,0,0
137,1992,1,-3,0,-1,61,7,3,0,0
138,1990,2,2,-1,-1,29,6,4,0,0
138,1991,2,2,1,-2,30,6,4,0,0
138,1992,1,2,-1,-1,31,6,4,0,0
139,1990,-2,2,-2,-1,28,2,1,0,1
139,1991,1,1,-1,-1,29,2,1,0,1
139,1992,-2,0,-1,-1,30,2,1,0,1
140,1990,1,-2,-2,-1,62,3,1,0,1
140,1991,1,-2,-1,-1,63,3,1,0,1
140,1992,1,-2,1,0,64,3,1,0,1
141,1990,-2,2,0,0,65,4,2,0,0
141,1991,-1,2,0,-2,66,4,2,0,0
141,1992,-2,0,-2,-1,67,4,2,0,0
142,1990,2,-3,-1,-1,56,3,1,0,0
142,1991,2,-3,0,0,57,3,1,0,0
142,1992,1,-2,0,-1,58,3,1,0,0
143,1990,2,-2,-1,-1,27,5,4,0,1
143,1991,2,-2,-1,-1,28,5,4,0,1
143,1992,-1,-2,2,-1,29,5,4,0,1
144,1990,2,1,-1,-1,43,3,4,0,1
144,1991,2,-1,0,0,44,3,4,0,1
144,1992,2,-1,-1,0,45,3,4,0,1
145,1990,2,2,-2,-1,32,2,1,0,0
145,1991,2,2,-2,-1,33,2,1,0,0
145,1992,-2,0,1,-1,34,2,1,0,0
146,1990,2,3,1,-1,66,2,1,1,0
146,1991,2,0,1,-2,67,2,1,1,0
146,1992,-2,3,1,-2,68,2,1,1,0
147,1990,-2,2,1,-2,18,3,6,0,1
147,1991,-2,2,1,-2,19,3,6,0,1
147,1992,-2,1,1,-2,20,3,6,0,1
148,1990,-2,1,0,-2,67,3,4,0,1
148,1991,-2,0,0,-1,68,3,4,0,1
148,1992,-2,1,0,-2,69,3,4,0,1
149,1990,2,-3,1,-1,35,5,1,1,0
149,1991,-2,2,1,0,36,5,1,1,0
149,1992,-2,3,1,0,37,5,1,1,0
150,1990,1,-1,0,-1,46,4,1,0,1
150,1991,2,-2,-1,-1,47,4,1,0,1
150,1992,1,-2,0,-1,48,4,1,0,1
151,1990,2,2,1,-1,21,5,4,0,0
151,1991,2,2,-1,-2,22,5,4,0,0
151,1992,-1,1,-1,-1,23,5,4,0,0
152,1990,1,-1,-1,-1,26,4,1,0,0
152,1991,2,-2,0,1,27,4,1,0,0
152,1992,-1,1,0,-2,28,4,1,0,0
153,1990,1,-1,1,-2,31,4,4,0,0
153,1991,2,-1,-1,-1,32,4,4,0,0
153,1992,1,-1,-1,0,33,4,4,0,0
154,1990,2,-3,0,-1,42,3,4,0,1
154,1991,2,-3,-1,0,43,3,4,0,1
154,1992,1,-3,1,0,44,3,4,0,1
155,1990,2,-3,1,1,77,5,6,0,1
155,1991,2,-3,1,0,78,5,6,0,1
155,1992,-2,-2,1,-2,79,5,6,0,1
156,1990,-2,3,-2,-2,65,4,4,0,1
156,1991,-2,3,-2,-2,66,4,4,0,1
156,1992,-2,3,-2,-2,67,4,4,0,1
157,1990,1,0,0,-2,64,3,4,0,1
157,1991,1,0,0,1,65,3,4,0,1
157,1992,-1,0,-1,-2,66,3,4,0,1
158,1990,-1,1,-2,-1,35,6,4,0,1
158,1991,1,1,-2,-2,36,6,4,0,1
158,1992,-1,2,1,0,37,6,4,0,1
159,1990,-2,0,-2,-2,37,4,1,0,1
159,1991,-2,0,1,-2,38,4,1,0,1
159,1992,-2,0,0,-1,39,4,1,0,1
160,1990,-1,-1,0,-1,51,3,4,0,0
160,1991,-2,-1,-1,-2,52,3,4,0,0
160,1992,-1,-1,0,0,53,3,4,0,0
161,1990,-1,3,2,-1,37,6,4,0,1
161,1991,2,3,1,-1,38,6,4,0,1
161,1992,-2,3,0,0,39,6,4,0,1
162,1990,2,-2,-1,-2,69,4,1,0,1
162,1991,1,-3,-1,-1,70,4,1,0,1
162,1992,2,-3,-1,0,71,4,1,0,1
163,1990,1,3,0,-1,80,4,1,0,0
163,1991,1,3,0,0,81,4,1,0,0
163,1992,2,2,0,-1,82,4,1,0,0
164,1990,1,3,-1,-2,53,2,1,0,1
164,1991,2,2,-1,-2,54,2,1,0,1
164,1992,1,3,-1,-1,55,2,1,0,1
165,1990,-2,2,0,0,44,1,1,0,0
165,1991,-1,2,-1,0,45,1,1,0,0
165,1992,-2,2,0,-1,46,1,1,0,0
166,1990,2,1,1,-2,25,3,4,0,1
166,1991,2,1,1,-1,26,3,4,0,1
166,1992,1,1,0,-1,27,3,4,0,1
167,1990,-1,0,0,-1,42,4,4,0,0
167,1991,1,0,-1,-1,43,4,4,0,0
167,1992,-2,0,0,0,44,4,4,0,0
168,1990,1,2,1,-2,37,6,4,0,0
168,1991,1,2,0,-1,38,6,4,0,0
168,1992,-2,2,1,-2,39,6,4,0,0
169,1990,2,-1,0,-1,56,4,1,1,0
169,1991,2,-1,-1,-1,57,4,1,1,0
169,1992,1,0,1,0,58,4,1,1,0
170,1990,1,-2,1,0,25,4,3,0,0
170,1991,1,-2,1,0,26,4,3,0,0
170,1992,1,-1,0,-2,27,4,3,0,0
171,1990,-1,3,0,-2,70,2,1,0,1
171,1991,1,2,-1,-1,71,2,1,0,1
171,1992,-2,3,-1,-2,72,2,1,0,1
172,1990,2,-1,2,-1,30,6,1,0,0
172,1991,2,-2,1,-1,31,6,1,0,0
172,1992,-2,1,0,-2,32,6,1,0,0
173,1990,2,-3,1,-1,31,4,1,0,0
173,1991,2,-3,1,0,32,4,1,0,0
173,1992,2,-3,1,2,33,4,1,0,0
174,1990,-2,-3,1,-1,46,3,4,0,1
174,1991,2,-3,1,0,47,3,4,0,1
174,1992,1,-3,0,0,48,3,4,0,1
175,1990,1,2,1,-1,47,3,3,0,0
175,1991,2,1,1,-1,48,3,3,0,0
175,1992,-2,1,0,-1,49,3,3,0,0
176,1990,2,-1,0,0,67,7,4,0,0
176,1991,1,-1,0,-1,68,7,4,0,0
176,1992,-1,-1,0,0,69,7,4,0,0
177,1990,2,1,-1,-1,23,3,3,0,0
177,1991,1,2,0,0,24,3,3,0,0
177,1992,1,-2,0,-1,25,3,3,0,0
178,1990,2,-1,1,-1,18,3,4,0,0
178,1991,2,-1,1,-2,19,3,4,0,0
178,1992,-1,-1,-1,-2,20,3,4,0,0
179,1990,2,3,-1,-2,37,3,1,0,1
179,1991,2,2,1,0,38,3,1,0,1
179,1992,-2,3,1,0,39,3,1,0,1
180,1990,1,-2,2,-1,28,5,4,0,0
180,1991,2,-1,2,0,29,5,4,0,0
180,1992,-1,-1,2,1,30,5,4,0,0
181,1990,1,2,0,-1,61,3,1,0,1
181,1991,2,2,1,-1,62,3,1,0,1
181,1992,-2,1,0,-2,63,3,1,0,1
182,1990,1,-3,0,0,62,6,3,0,0
182,1991,2,-3,1,-1,63,6,3,0,0
182,1992,2,-3,0,1,64,6,3,0,0
183,1990,-2,-3,1,0,43,4,1,0,0
183,1991,2,-2,-2,1,44,4,1,0,0
183,1992,-1,-2,1,0,45,4,1,0,0
184,1990,-2,2,1,-2,47,7,4,0,1
184,1991,-1,1,1,-2,48,7,4,0,1
184,1992,-2,2,1,-2,49,7,4,0,1
185,1990,-1,2,1,-1,18,2,1,0,1
185,1991,2,-1,1,-1,19,2,1,0,1
185,1992,-2,1,-2,-2,20,2,1,0,1
186,1990,-2,3,0,0,81,1,1,0,0
186,1991,-2,2,0,0,82,1,1,0,0
186,1992,-2,3,0,0,83,1,1,0,0
187,1990,-1,2,-1,-1,30,7,4,1,1
187,1991,-1,1,1,-2,31,7,4,1,1
187,1992,-2,2,0,-2,32,7,4,1,1
188,1990,-2,2,1,-1,58,3,1,0,1
188,1991,2,2,1,0,59,3,1,0,1
188,1992,-2,3,0,-2,60,3,1,0,1
189,1990,2,-2,2,-1,42,4,4,0,0
189,1991,2,-2,2,-1,43,4,4,0,0
189,1992,2,-3,2,1,44,4,4,0,0
190,1990,-2,1,0,-1,35,6,1,0,1
190,1991,-1,1,-1,-1,36,6,1,0,1
190,1992,-2,1,-1,-2,37,6,1,0,1
191,1990,-2,-1,0,-1,43,6,3,0,0
191,1991,1,-1,-1,-2,44,6,3,0,0
191,1992,-2,-1,0,-1,45,6,3,0,0
192,1990,2,-2,0,-1,76,4,4,0,0
192,1991,1,-1,-1,0,77,4,4,0,0
192,1992,-1,-1,0,-1,78,4,4,0,0
193,1990,2,-3,1,-2,38,3,3,0,1
193,1991,2,-3,2,1,39,3,3,0,1
193,1992,2,-3,2,0,40,3,3,0,1
194,1990,1,3,-1,-1,44,7,6,0,0
194,1991,1,3,1,0,45,7,6,0,0
194,1992,1,2,1,0,46,7,6,0,0
195,1990,-2,3,-2,-2,27,6,4,0,0
195,1991,-2,3,-2,-2,28,6,4,0,0
195,1992,-2,3,-1,-2,29,6,4,0,0
196,1990,1,1,1,-2,34,3,1,1,0
196,1991,2,1,1,0,35,3,1,1,0
196,1992,-2,2,1,1,36,3,1,1,0
197,1990,-2,1,-1,-2,49,2,3,0,0
197,1991,-2,0,-1,-2,50,2,3,0,0
197,1992,-2,0,-2,-2,51,2,3,0,0
198,1990,-2,2,1,-1,29,5,1,0,1
198,1991,1,1,1,0,30,5,1,0,1
198,1992,1,-1,1,0,31,5,1,0,1
199,1990,1,3,1,1,27,4,1,0,0
199,1991,-1,2,1,2,28,4,1,0,0
199,1992,-2,2,1,-1,29,4,1,0,0
200,1990,-1,3,-1,-2,49,4,4,1,0
200,1991,2,3,-1,1,50,4,4,1,0
200,1992,-2,3,1,-2,51,4,4,1,0
201,1990,-2,2,1,-1,45,3,1,1,1
201,1991,2,3,1,-1,46,3,1,1,1
201,1992,-2,3,0,-2,47,3,1,1,1
202,1990,1,-1,0,2,33,7,4,0,0
202,1991,2,-3,0,-1,34,7,4,0,0
202,1992,1,-2,0,0,35,7,4,0,0
203,1990,-1,1,-1,0,51,1,1,0,0
203,1991,2,0,-2,-1,52,1,1,0,0
203,1992,-2,1,0,0,53,1,1,0,0
204,1990,1,3,1,-2,46,4,1,1,1
204,1991,2,2,1,-1,47,4,1,1,1
204,1992,-1,2,1,0,48,4,1,1,1
205,1990,2,3,-1,-2,34,3,4,0,1
205,1991,2,1,1,-2,35,3,4,0,1
205,1992,-2,1,-1,-2,36,3,4,0,1
206,1990,1,0,2,-2,65,6,4,0,1
206,1991,2,-2,0,-2,66,6,4,0,1
206,1992,-2,0,-2,-2,67,6,4,0,1
207,1990,-2,2,2,-2,38,4,4,0,0
207,1991,1,2,1,-1,39,4,4,0,0
207,1992,2,-3,1,0,40,4,4,0,0
208,1990,2,-2,1,-1,28,4,4,0,1
208,1991,2,-2,1,1,29,4,4,0,1
208,1992,1,-1,1,0,30,4,4,0,1
209,1990,1,-1,-2,-2,41,4,1,1,0
209,1991,1,-2,-2,-1,42,4,1,1,0
209,1992,-2,0,-2,-2,43,4,1,1,0
210,1990,-2,3,0,-1,42,4,1,1,1
210,1991,-1,3,-1,-2,43,4,1,1,1
210,1992,-2,3,2,-2,44,4,1,1,1
211,1990,-2,3,1,-2,35,7,4,1,1
211,1991,2,3,1,-2,36,7,4,1,1
211,1992,1,3,1,-1,37,7,4,1,1
212,1990,-2,3,-1,0,25,4,1,0,0
212,1991,-1,3,1,-1,26,4,1,0,0
212,1992,1,3,0,-1,27,4,1,0,0
213,1990,-1,3,1,-1,61,2,1,0,0
213,1991,1,2,1,-1,62,2,1,0,0
213,1992,-1,2,0,-1,63,2,1,0,0
214,1990,-2,3,0,-1,65,6,4,0,0
214,1991,-2,2,-1,-2,66,6,4,0,0
214,1992,-2,3,-1,-2,67,6,4,0,0
215,1990,-1,-3,0,-1,41,2,4,0,0
215,1991,2,-3,1,-1,42,2,4,0,0
215,1992,1,-3,-1,0,43,2,4,0,0
216,1990,1,3,1,0,49,3,1,1,0
216,1991,1,3,0,-1,50,3,1,1,0
216,1992,-2,3,0,-2,51,3,1,1,0
217,1990,1,3,0,0,67,3,1,0,0
217,1991,1,3,0,0,68,3,1,0,0
217,1992,-1,2,0,-1,69,3,1,0,0
218,1990,-2,3,-1,-1,64,2,4,1,1
218,1991,-2,3,-1,-2,65,2,4,1,1
218,1992,-2,3,-2,-2,66,2,4,1,1
219,1990,-1,-1,-1,-1,55,6,4,0,1
219,1991,-2,-1,0,-1,56,6,4,0,1
219,1992,-2,3,0,-2,57,6,4,0,1
220,1990,1,0,-2,-2,35,4,4,0,1
220,1991,2,-1,-2,-2,36,4,4,0,1
220,1992,2,-1,-1,-1,37,4,4,0,1
221,1990,1,-3,1,1,68,4,4,0,1
221,1991,2,-3,0,0,69,4,4,0,1
221,1992,1,-3,0,0,70,4,4,0,1
222,1990,2,-2,-1,0,63,3,6,0,1
222,1991,2,-3,-1,-1,64,3,6,0,1
222,1992,2,-3,0,0,65,3,6,0,1
223,1990,1,2,2,-1,25,6,4,0,0
223,1991,1,-1,1,-2,26,6,4,0,0
223,1992,-2,2,1,0,27,6,4,0,0
224,1990,1,-3,0,-1,60,6,4,0,1
224,1991,2,-3,0,0,61,6,4,0,1
224,1992,1,-3,0,0,62,6,4,0,1
225,1990,1,-3,1,-1,79,3,4,0,1
225,1991,2,-3,0,0,80,3,4,0,1
225,1992,2,-3,0,-1,81,3,4,0,1
226,1990,-1,-2,1,-1,79,2,1,0,1
226,1991,1,-2,0,-1,80,2,1,0,1
226,1992,-1,-1,-1,-1,81,2,1,0,1
227,1990,2,-2,-1,-1,42,4,6,0,0
227,1991,2,-1,-2,-2,43,4,6,0,0
227,1992,1,-2,1,0,44,4,6,0,0
228,1990,-1,-2,0,-2,68,7,5,0,0
228,1991,1,-2,-1,-2,69,7,5,0,0
228,1992,1,-2,-2,-2,70,7,5,0,0
229,1990,2,-1,-1,-1,39,4,1,0,0
229,1991,2,-1,1,0,40,4,1,0,0
229,1992,2,-1,1,-1,41,4,1,0,0
230,1990,-1,2,-1,-2,63,3,1,0,1
230,1991,-1,1,-2,-1,64,3,1,0,1
230,1992,-2,1,-2,-2,65,3,1,0,1
231,1990,1,-1,0,-1,38,4,1,0,0
231,1991,2,0,-1,-1,39,4,1,0,0
231,1992,2,1,-1,-2,40,4,1,0,0
232,1990,2,2,1,0,33,4,1,0,1
232,1991,2,1,1,0,34,4,1,0,1
232,1992,-2,3,-1,-2,35,4,1,0,1
233,1990,1,-3,-1,-2,27,3,1,0,0
233,1991,2,-3,-1,-2,28,3,1,0,0
233,1992,-2,-1,1,-2,29,3,1,0,0
234,1990,-1,3,1,-1,46,7,4,0,0
234,1991,-2,2,0,-1,47,7,4,0,0
234,1992,-2,3,1,-2,48,7,4,0,0
235,1990,2,-1,-1,-2,60,4,4,0,1
235,1991,2,-3,0,0,61,4,4,0,1
235,1992,1,-1,-2,-1,62,4,4,0,1
236,1990,-2,3,1,-1,46,3,1,0,0
236,1991,1,2,0,-1,47,3,1,0,0
236,1992,-1,2,-1,-1,48,3,1,0,0
237,1990,-1,-2,1,0,79,1,4,0,0
237,1991,2,-2,-1,-1,80,1,4,0,0
237,1992,-1,-1,-1,-1,81,1,4,0,0
238,1990,2,-2,1,-1,51,7,6,1,0
238,1991,2,-2,1,1,52,7,6,1,0
238,1992,-1,-2,1,-1,53,7,6,1,0
239,1990,1,2,2,-1,33,3,1,0,0
239,1991,2,2,1,0,34,3,1,0,0
239,1992,1,1,-1,1,35,3,1,0,0
240,1990,2,3,1,-1,38,4,4,0,0
240,1991,-1,3,-1,-1,39,4,4,0,0
240,1992,-2,3,-1,-1,40,4,4,0,0
241,1990,2,-1,1,-1,37,2,1,0,1
241,1991,2,-3,1,1,38,2,1,0,1
241,1992,-1,-2,0,-1,39,2,1,0,1
242,1990,-2,3,-2,-2,57,5,2,1,0
242,1991,-2,3,-2,-2,58,5,2,1,0
242,1992,-2,3,-1,-2,59,5,2,1,0
243,1990,1,-2,-1,-1,35,3,4,0,1
243,1991,1,-2,1,-1,36,3,4,0,1
243,1992,1,-2,1,1,37,3,4,0,1
244,1990,-1,2,-1,-1,35,4,1,0,0
244,1991,-1,1,0,0,36,4,1,0,0
244,1992,-2,2,0,-2,37,4,1,0,0
245,1990,-1,1,0,-1,53,3,4,0,1
245,1991,1,1,0,-1,54,3,4,0,1
245,1992,-1,1,0,-1,55,3,4,0,1
246,1990,2,-3,0,-1,75,6,6,0,0
246,1991,2,-2,1,0,76,6,6,0,0
246,1992,1,-3,0,0,77,6,6,0,0
247,1990,2,-1,1,-1,27,4,1,0,1
247,1991,2,-2,1,1,28,4,1,0,1
247,1992,2,-2,-1,-1,29,4,1,0,1
248,1990,-2,1,2,0,24,3,3,0,0
248,1991,-2,-1,2,0,25,3,3,0,0
248,1992,-1,0,1,-1,26,3,3,0,0
249,1990,-2,0,1,-1,33,4,4,0,0
249,1991,1,0,1,-1,34,4,4,0,0
249,1992,-2,2,2,-2,35,4,4,0,0
250,1990,2,-2,-1,-1,19,3,1,0,1
250,1991,2,-2,-1,0,20,3,1,0,1
250,1992,1,-2,1,-1,21,3,1,0,1
251,1990,1,-3,1,0,18,3,4,0,1
251,1991,2,-2,1,-1,19,3,4,0,1
251,1992,-2,-2,1,-1,20,3,4,0,1
252,1990,2,-3,1,-1,41,5,4,0,1
252,1991,2,-2,0,-1,42,5,4,0,1
252,1992,2,-2,-1,-2,43,5,4,0,1
253,1990,1,3,0,-2,44,7,4,0,1
253,1991,1,3,1,-1,45,7,4,0,1
253,1992,1,3,0,-2,46,7,4,0,1
254,1990,1,-2,1,-1,51,3,4,0,1
254,1991,2,-1,1,0,52,3,4,0,1
254,1992,2,-3,1,0,53,3,4,0,1
255,1990,2,-1,-1,-2,23,3,4,0,0
255,1991,2,-1,0,0,24,3,4,0,0
255,1992,-1,-1,1,-1,25,3,4,0,0
256,1990,2,-1,0,-1,65,3,4,0,1
256,1991,2,-2,0,-1,66,3,4,0,1
256,1992,-2,1,0,-2,67,3,4,0,1
257,1990,-2,3,-2,-1,39,3,4,0,1
257,1991,-2,3,-2,-2,40,3,4,0,1
257,1992,-1,2,-2,-1,41,3,4,0,1
258,1990,1,0,1,-1,35,7,6,0,1
258,1991,1,0,1,-1,36,7,6,0,1
258,1992,-1,0,1,0,37,7,6,0,1
259,1990,-2,1,1,-1,43,3,4,0,0
259,1991,-2,1,1,-2,44,3,4,0,0
259,1992,-2,1,1,-2,45,3,4,0,0
260,1990,2,-2,-1,-1,28,5,1,0,0
260,1991,2,-1,1,1,29,5,1,0,0
260,1992,1,-2,1,0,30,5,1,0,0
261,1990,1,2,-1,-1,30,4,4,1,0
261,1991,1,2,-1,-1,31,4,4,1,0
261,1992,1,1,1,-2,32,4,4,1,0
262,1990,-2,3,0,-2,65,6,4,0,1
262,1991,-2,3,1,-2,66,6,4,0,1
262,1992,-2,3,-1,-2,67,6,4,0,1
263,1990,2,2,1,-1,29,5,4,1,1
263,1991,-2,2,-1,-1,30,5,4,1,1
263,1992,-2,2,0,-2,31,5,4,1,1
264,1990,1,1,0,-2,74,7,6,0,1
264,1991,-2,0,0,-2,75,7,6,0,1
264,1992,-1,1,0,-2,76,7,6,0,1
265,1990,1,2,1,-1,25,6,3,0,1
265,1991,1,2,1,-1,26,6,3,0,1
265,1992,-1,2,1,-1,27,6,3,0,1
266,1990,1,1,-1,-1,24,3,1,0,1
266,1991,1,1,0,0,25,3,1,0,1
266,1992,-2,0,0,-2,26,3,1,0,1
267,1990,-1,3,1,-1,23,6,4,0,1
267,1991,-1,3,-1,-2,24,6,4,0,1
267,1992,-2,3,1,-2,25,6,4,0,1
268,1990,-2,1,1,-1,24,6,4,0,1
268,1991,-2,1,2,1,25,6,4,0,1
268,1992,-2,3,1,-2,26,6,4,0,1
269,1990,1,-1,1,-1,62,2,2,0,0
269,1991,-1,-1,-1,-1,63,2,2,0,0
269,1992,-2,-1,0,0,64,2,2,0,0
270,1990,-1,2,-2,-2,39,5,4,0,0
270,1991,-2,2,-2,-2,40,5,4,0,0
270,1992,-1,1,-2,-2,41,5,4,0,0
271,1990,-2,3,1,-1,64,3,4,0,1
271,1991,-2,3,1,-2,65,3,4,0,1
271,1992,-2,3,0,-2,66,3,4,0,1
272,1990,-1,-3,1,-1,25,6,6,0,0
272,1991,2,-3,1,0,26,6,6,0,0
272,1992,-1,-3,1,0,27,6,6,0,0
273,1990,1,-1,1,-2,51,6,6,0,0
273,1991,1,-1,-2,-2,52,6,6,0,0
273,1992,-2,0,2,-2,53,6,6,0,0
274,1990,1,3,0,-2,43,5,4,0,1
274,1991,2,1,0,-1,44,5,4,0,1
274,1992,2,1,0,0,45,5,4,0,1
275,1990,-2,3,0,-2,39,6,4,1,1
275,1991,-2,3,-2,-2,40,6,4,1,1
275,1992,-2,3,0,-2,41,6,4,1,1
276,1990,2,2,1,-1,38,4,6,0,0
276,1991,2,2,2,0,39,4,6,0,0
276,1992,2,2,-1,-1,40,4,6,0,0
277,1990,1,3,0,-1,73,3,4,0,1
277,1991,1,3,1,-2,74,3,4,0,1
277,1992,-2,3,-1,-2,75,3,4,0,1
278,1990,-2,2,-1,0,46,3,1,1,1
278,1991,2,1,0,0,47,3,1,1,1
278,1992,-1,2,1,-1,48,3,1,1,1
279,1990,-2,3,1,-2,67,5,5,0,1
279,1991,-2,1,0,-2,68,5,5,0,1
279,1992,-2,3,0,-2,69,5,5,0,1
280,1990,1,0,0,-1,35,7,6,0,0
280,1991,2,1,1,-1,36,7,6,0,0
280,1992,2,0,0,-1,37,7,6,0,0
281,1990,2,3,0,-1,57,6,1,0,0
281,1991,2,3,0,-1,58,6,1,0,0
281,1992,1,3,-1,-1,59,6,1,0,0
282,1990,2,-3,1,0,74,5,4,0,1
282,1991,2,-3,2,0,75,5,4,0,1
282,1992,2,-2,2,0,76,5,4,0,1
283,1990,2,2,-1,-1,39,6,4,0,1
283,1991,2,3,-1,-1,40,6,4,0,1
283,1992,2,2,-2,0,41,6,4,0,1
284,1990,1,1,0,-1,33,4,1,1,0
284,1991,1,2,1,0,34,4,1,1,0
284,1992,-1,2,-2,1,35,4,1,1,0
285,1990,2,-2,1,0,56,6,4,0,1
285,1991,2,-3,0,0,57,6,4,0,1
285,1992,2,-3,0,0,58,6,4,0,1
286,1990,1,-2,-1,-1,66,2,6,0,1
286,1991,1,-2,-1,-1,67,2,6,0,1
286,1992,-1,-2,-1,0,68,2,6,0,1
287,1990,2,1,0,0,18,2,3,0,1
287,1991,2,0,0,-1,19,2,3,0,1
287,1992,-2,2,1,-2,20,2,3,0,1
288,1990,1,2,0,0,32,4,6,0,1
288,1991,1,2,1,0,33,4,6,0,1
288,1992,-2,2,-2,-2,34,4,6,0,1
289,1990,-1,2,1,-1,38,7,6,0,0
289,1991,1,-1,1,-1,39,7,6,0,0
289,1992,-1,1,0,-1,40,7,6,0,0
290,1990,1,-2,-1,-2,68,1,1,0,1
290,1991,1,-2,-1,-1,69,1,1,0,1
290,1992,-1,-2,-1,-2,70,1,1,0,1
291,1990,1,-1,0,-1,28,6,4,0,0
291,1991,1,-1,0,0,29,6,4,0,0
291,1992,-1,1,-2,0,30,6,4,0,0
292,1990,2,-3,0,0,81,3,4,0,1
292,1991,2,-3,0,1,82,3,4,0,1
292,1992,2,-3,0,1,83,3,4,0,1
293,1990,-2,1,-2,-1,28,3,1,0,1
293,1991,2,-2,-2,-2,29,3,1,0,1
293,1992,-2,2,-2,-2,30,3,1,0,1
294,1990,-1,3,1,-1,44,6,6,0,1
294,1991,1,3,1,0,45,6,6,0,1
294,1992,-1,3,0,-1,46,6,6,0,1
295,1990,2,-2,-1,-2,30,4,1,0,0
295,1991,2,-2,1,0,31,4,1,0,0
295,1992,-1,-2,-1,0,32,4,1,0,0
296,1990,2,-1,1,0,39,4,4,0,0
296,1991,2,-1,1,0,40,4,4,0,0
296,1992,2,-1,2,1,41,4,4,0,0
297,1990,-1,2,1,-2,23,3,4,0,1
297,1991,1,2,1,-1,24,3,4,0,1
297,1992,-1,2,-2,0,25,3,4,0,1
298,1990,-2,3,-2,-1,64,2,1,0,1
298,1991,-2,2,-1,-2,65,2,1,0,1
298,1992,-2,3,-2,-1,66,2,1,0,1
299,1990,-1,2,-1,1,68,2,4,0,1
299,1991,2,2,-1,-2,69,2,4,0,1
299,1992,-2,3,-1,-2,70,2,4,0,1
300,1990,-2,3,0,-1,81,2,4,0,0
300,1991,-1,3,0,-1,82,2,4,0,0
300,1992,-2,3,0,-1,83,2,4,0,0
301,1990,2,-3,1,0,29,3,4,0,1
301,1991,2,-3,-1,-1,30,3,4,0,1
301,1992,1,-3,-1,0,31,3,4,0,1
302,1990,1,-2,0,-1,25,2,4,0,1
302,1991,2,-2,0,-1,26,2,4,0,1
302,1992,2,-3,2,0,27,2,4,0,1
303,1990,2,-1,0,-1,63,3,4,0,0
303,1991,2,-1,0,0,64,3,4,0,0
303,1992,2,-1,0,-1,65,3,4,0,0
304,1990,1,0,-1,-2,55,3,1,0,1
304,1991,1,0,-1,-1,56,3,1,0,1
304,1992,1,-2,-1,-2,57,3,1,0,1
305,1990,-2,2,-2,-2,43,4,4,0,1
305,1991,1,2,-2,-1,44,4,4,0,1
305,1992,-2,0,1,-2,45,4,4,0,1
306,1990,1,2,0,1,37,4,1,1,0
306,1991,1,1,0,0,38,4,1,1,0
306,1992,1,3,1,0,39,4,1,1,0
307,1990,2,-2,2,-1,26,6,4,0,1
307,1991,2,-3,1,-2,27,6,4,0,1
307,1992,1,-2,2,-2,28,6,4,0,1
308,1990,2,-1,2,0,44,6,4,0,0
308,1991,2,-1,-1,-1,45,6,4,0,0
308,1992,1,-1,1,-1,46,6,4,0,0
309,1990,1,1,1,-1,34,6,1,0,0
309,1991,2,1,0,-1,35,6,1,0,0
309,1992,1,2,1,1,36,6,1,0,0
310,1990,1,-2,-1,-2,57,6,4,0,1
310,1991,2,-2,-1,-2,58,6,4,0,1
310,1992,-1,-2,-1,-2,59,6,4,0,1
311,1990,2,-3,-2,0,28,3,4,0,0
311,1991,2,-2,-2,-2,29,3,4,0,0
311,1992,2,-3,0,0,30,3,4,0,0
312,1990,-1,2,1,-2,29,5,4,1,0
312,1991,1,2,0,-2,30,5,4,1,0
312,1992,-1,2,-1,-2,31,5,4,1,0
313,1990,-2,1,1,-2,41,3,1,0,1
313,1991,1,2,2,-2,42,3,1,0,1
313,1992,-2,2,-1,-2,43,3,1,0,1
314,1990,1,-3,0,-1,68,4,4,0,1
314,1991,1,-2,1,0,69,4,4,0,1
314,1992,1,-2,0,-1,70,4,4,0,1
315,1990,-1,3,-1,-1,69,3,4,0,1
315,1991,1,2,-2,-2,70,3,4,0,1
315,1992,-2,2,-1,-1,71,3,4,0,1
316,1990,1,3,2,-2,36,6,6,0,0
316,1991,-2,3,-1,-2,37,6,6,0,0
316,1992,-1,3,2,-2,38,6,6,0,0
317,1990,1,-2,1,-1,47,6,1,0,0
317,1991,1,-3,0,-1,48,6,1,0,0
317,1992,1,-2,1,-1,49,6,1,0,0
318,1990,2,0,2,0,37,3,1,1,1
318,1991,2,1,2,0,38,3,1,1,1
318,1992,1,3,2,0,39,3,1,1,1
319,1990,2,-2,1,0,34,4,4,0,1
319,1991,2,-3,0,0,35,4,4,0,1
319,1992,1,-3,-1,0,36,4,4,0,1
320,1990,1,-1,-1,-2,22,6,1,0,0
320,1991,1,-2,1,0,23,6,1,0,0
320,1992,2,-2,2,-2,24,6,1,0,0
321,1990,1,-2,0,-2,65,3,1,0,1
321,1991,1,-2,0,-1,66,3,1,0,1
321,1992,-1,-2,1,-1,67,3,1,0,1
322,1990,1,2,-2,-2,38,6,4,0,1
322,1991,2,2,1,-1,39,6,4,0,1
322,1992,-1,1,0,-2,40,6,4,0,1
323,1990,1,-3,1,-1,26,3,1,0,0
323,1991,2,-3,1,0,27,3,1,0,0
323,1992,1,-2,1,0,28,3,1,0,0
324,1990,1,-3,1,-2,74,4,1,0,1
324,1991,1,-3,1,0,75,4,1,0,1
324,1992,1,-2,0,-1,76,4,1,0,1
325,1990,1,-2,0,-1,49,3,3,0,0
325,1991,2,-2,-1,-1,50,3,3,0,0
325,1992,1,-2,-1,-1,51,3,3,0,0
326,1990,-1,1,1,-1,29,4,4,0,0
326,1991,-2,1,1,-1,30,4,4,0,0
326,1992,-2,1,-2,-2,31,4,4,0,0
327,1990,1,-2,-1,1,34,4,1,0,0
327,1991,2,-1,-1,1,35,4,1,0,0
327,1992,-1,-2,1,0,36,4,1,0,0
328,1990,-1,-1,1,0,35,3,1,0,1
328,1991,2,-1,1,-1,36,3,1,0,1
328,1992,1,-1,1,0,37,3,1,0,1
329,1990,1,-2,2,-1,28,3,1,0,0
329,1991,2,-2,0,1,29,3,1,0,0
329,1992,2,-2,1,1,30,3,1,0,0
330,1990,-2,3,2,-1,27,4,1,0,0
330,1991,1,2,1,0,28,4,1,0,0
330,1992,-2,2,-1,-1,29,4,1,0,0
331,1990,2,-3,-1,-1,51,2,1,0,1
331,1991,2,-3,-1,-1,52,2,1,0,1
331,1992,-2,-2,-1,-2,53,2,1,0,1
332,1990,-2,-2,1,-2,24,5,1,0,1
332,1991,1,-2,1,-1,25,5,1,0,1
332,1992,-2,2,0,-2,26,5,1,0,1
333,1990,-1,2,0,-2,33,4,4,0,1
333,1991,1,2,-2,-1,34,4,4,0,1
333,1992,1,2,-2,0,35,4,4,0,1
334,1990,1,2,0,-1,62,2,1,0,0
334,1991,1,2,-1,-1,63,2,1,0,0
334,1992,-2,1,-1,-1,64,2,1,0,0
335,1990,1,1,-2,-1,20,5,4,0,0
335,1991,-1,1,-2,-1,21,5,4,0,0
335,1992,-2,1,-1,0,22,5,4,0,0
336,1990,2,-3,0,0,44,7,6,0,0
336,1991,2,-3,1,-1,45,7,6,0,0
336,1992,1,-3,1,0,46,7,6,0,0
337,1990,2,-2,-2,-1,47,5,4,0,0
337,1991,2,-2,1,1,48,5,4,0,0
337,1992,1,-1,-2,-2,49,5,4,0,0
338,1990,-2,1,0,-1,39,6,4,0,1
338,1991,-2,1,0,-1,40,6,4,0,1
338,1992,-2,1,1,-1,41,6,4,0,1
339,1990,1,2,1,-2,36,7,3,0,1
339,1991,1,3,2,-1,37,7,3,0,1
339,1992,1,2,2,-1,38,7,3,0,1
340,1990,1,-3,1,-1,54,6,6,0,1
340,1991,2,-3,0,1,55,6,6,0,1
340,1992,1,-3,0,-1,56,6,6,0,1
341,1990,1,-2,-1,-1,48,5,4,0,0
341,1991,1,-2,0,-1,49,5,4,0,0
341,1992,-1,-2,0,-1,50,5,4,0,0
342,1990,-1,0,1,-1,23,3,1,0,1
342,1991,2,-1,1,-1,24,3,1,0,1
342,1992,-2,0,-1,-2,25,3,1,0,1
343,1990,-2,1,1,-1,46,7,6,0,0
343,1991,-2,1,-1,-1,47,7,6,0,0
343,1992,-2,1,-1,0,48,7,6,0,0
344,1990,1,0,0,-1,69,3,1,0,1
344,1991,2,2,0,0,70,3,1,0,1
344,1992,-1,1,0,0,71,3,1,0,1
345,1990,-1,1,-1,-1,37,7,4,1,0
345,1991,-1,1,1,0,38,7,4,1,0
345,1992,-2,3,1,-1,39,7,4,1,0
346,1990,1,-2,1,0,37,6,6,0,1
346,1991,1,-2,1,0,38,6,6,0,1
346,1992,1,-2,0,0,39,6,6,0,1
347,1990,1,-2,1,-1,48,3,1,0,1
347,1991,2,-2,1,-2,49,3,1,0,1
347,1992,1,-1,-1,-1,50,3,1,0,1
348,1990,1,2,1,-2,18,2,6,0,1
348,1991,1,-2,-2,-2,19,2,6,0,1
348,1992,-2,2,0,-2,20,2,6,0,1
349,1990,-2,2,0,-2,72,1,1,0,0
349,1991,2,1,0,-1,73,1,1,0,0
349,1992,1,1,0,-1,74,1,1,0,0
350,1990,1,2,-1,-1,56,3,3,0,0
350,1991,2,2,0,-1,57,3,3,0,0
350,1992,-1,2,-1,-1,58,3,3,0,0
351,1990,1,2,0,0,24,6,4,0,1
351,1991,1,2,0,0,25,6,4,0,1
351,1992,-1,2,0,0,26,6,4,0,1
352,1990,-2,-2,0,0,28,4,1,0,0
352,1991,-1,-2,0,0,29,4,1,0,0
352,1992,-2,0,0,-2,30,4,1,0,0
353,1990,2,-1,1,0,18,4,6,0,1
353,1991,2,-2,1,0,19,4,6,0,1
353,1992,-2,-1,2,-2,20,4,6,0,1
354,1990,-1,-1,1,-1,43,6,1,0,0
354,1991,2,-2,-1,-1,44,6,1,0,0
354,1992,-1,1,-1,-2,45,6,1,0,0
355,1990,1,-1,1,-1,28,6,1,0,1
355,1991,1,-2,1,-2,29,6,1,0,1
355,1992,1,-2,-1,-2,30,6,1,0,1
356,1990,2,0,-1,-1,74,6,4,0,1
356,1991,1,0,0,1,75,6,4,0,1
356,1992,1,-1,-1,-1,76,6,4,0,1
357,1990,-1,3,2,-1,33,6,4,0,1
357,1991,-1,2,2,-1,34,6,4,0,1
357,1992,-1,2,1,-2,35,6,4,0,1
358,1990,2,1,2,-1,27,3,3,0,0
358,1991,2,0,1,0,28,3,3,0,0
358,1992,-1,2,0,-1,29,3,3,0,0
359,1990,-2,2,-1,-2,59,6,4,0,0
359,1991,-1,0,-1,-2,60,6,4,0,0
359,1992,-2,0,-1,-2,61,6,4,0,0
360,1990,2,-3,2,-1,56,6,6,0,0
360,1991,2,-3,2,0,57,6,6,0,0
360,1992,2,-3,2,0,58,6,6,0,0
361,1990,-2,3,0,-2,25,7,1,0,1
361,1991,-2,3,1,-1,26,7,1,0,1
361,1992,-2,3,0,-2,27,7,1,0,1
362,1990,1,3,0,-1,27,4,4,0,1
362,1991,2,1,0,-1,28,4,4,0,1
362,1992,-1,1,0,-1,29,4,4,0,1
363,1990,-2,2,-1,-1,62,3,3,0,1
363,1991,-1,2,0,-1,63,3,3,0,1
363,1992,-2,2,0,-1,64,3,3,0,1
364,1990,-1,3,-1,-1,36,3,1,1,0
364,1991,-1,3,-1,-1,37,3,1,1,0
364,1992,-2,3,-1,-2,38,3,1,1,0
365,1990,-2,1,1,1,29,6,4,0,0
365,1991,-2,1,1,-1,30,6,4,0,0
365,1992,-2,2,1,-2,31,6,4,0,0
366,1990,-1,2,1,-1,23,6,3,0,1
366,1991,-1,2,1,-1,24,6,3,0,1
366,1992,-2,2,-2,-2,25,6,3,0,1
367,1990,2,3,-1,-1,74,3,1,0,1
367,1991,1,3,0,-1,75,3,1,0,1
367,1992,-1,3,0,0,76,3,1,0,1
368,1990,-1,1,-1,-1,40,7,6,0,0
368,1991,-2,1,1,-1,41,7,6,0,0
368,1992,-2,-1,-1,-1,42,7,6,0,0
369,1990,1,-1,-1,-1,39,6,4,0,1
369,1991,1,-1,1,-1,40,6,4,0,1
369,1992,-1,0,1,-1,41,6,4,0,1
370,1990,-2,3,-1,-1,32,6,4,1,1
370,1991,-2,3,1,0,33,6,4,1,1
370,1992,-2,3,0,-2,34,6,4,1,1
371,1990,1,1,-1,-1,30,5,4,0,1
371,1991,1,2,-1,1,31,5,4,0,1
371,1992,1,2,1,0,32,5,4,0,1
372,1990,2,-3,1,0,45,6,6,0,0
372,1991,2,-3,1,-1,46,6,6,0,0
372,1992,2,-3,1,-1,47,6,6,0,0
373,1990,-2,3,-2,-2,39,4,1,0,0
373,1991,-2,3,-2,-2,40,4,1,0,0
373,1992,-2,1,-1,-2,41,4,1,0,0
374,1990,2,3,0,0,68,3,1,1,0
374,1991,2,3,0,0,69,3,1,1,0
374,1992,2,-3,1,-1,70,3,1,1,0
375,1990,2,0,1,1,74,3,4,0,1
375,1991,1,-2,1,1,75,3,4,0,1
375,1992,2,-2,0,0,76,3,4,0,1
376,1990,-1,1,0,-1,41,3,1,0,0
376,1991,-1,1,-1,-1,42,3,1,0,0
376,1992,-2,1,0,-1,43,3,1,0,0
377,1990,1,0,1,-2,37,2,1,0,0
377,1991,1,1,1,0,38,2,1,0,0
377,1992,1,0,1,0,39,2,1,0,0
378,1990,1,1,1,-2,42,3,4,0,1
378,1991,2,2,1,-1,43,3,4,0,1
378,1992,-2,2,1,-1,44,3,4,0,1
379,1990,-2,-3,1,-1,68,4,4,0,1
379,1991,-2,0,-1,-2,69,4,4,0,1
379,1992,-2,0,0,-2,70,4,4,0,1
380,1990,1,-1,-2,-2,58,2,4,0,0
380,1991,2,-1,-2,-2,59,2,4,0,0
380,1992,-2,1,-2,-2,60,2,4,0,0
381,1990,-2,3,-1,-2,39,3,1,0,0
381,1991,-2,3,0,0,40,3,1,0,0
381,1992,-1,-1,-1,-2,41,3,1,0,0
382,1990,1,2,-1,-1,47,6,4,0,0
382,1991,1,2,0,-1,48,6,4,0,0
382,1992,-2,3,-1,-1,49,6,4,0,0
383,1990,2,-2,-1,-2,33,3,1,0,0
383,1991,2,-2,-1,-1,34,3,1,0,0
383,1992,1,-2,1,0,35,3,1,0,0
384,1990,2,-2,-1,-2,24,3,1,0,0
384,1991,2,-3,-1,-2,25,3,1,0,0
384,1992,1,-2,2,1,26,3,1,0,0
385,1990,-2,3,1,-2,44,6,4,0,1
385,1991,-2,2,0,-2,45,6,4,0,1
385,1992,-2,3,0,-2,46,6,4,0,1
386,1990,1,2,0,-1,66,3,4,0,1
386,1991,1,2,0,-1,67,3,4,0,1
386,1992,-1,1,0,-2,68,3,4,0,1
387,1990,1,3,-1,-1,79,2,1,0,1
387,1991,1,3,1,-1,80,2,1,0,1
387,1992,-1,3,-1,-1,81,2,1,0,1
388,1990,1,2,0,0,77,3,4,0,1
388,1991,1,1,1,-1,78,3,4,0,1
388,1992,-1,2,0,-1,79,3,4,0,1
389,1990,-1,1,-2,-2,56,6,1,0,0
389,1991,-1,1,-2,-2,57,6,1,0,0
389,1992,-2,1,-1,-2,58,6,1,0,0
390,1990,1,2,1,0,57,4,6,0,0
390,1991,2,2,0,1,58,4,6,0,0
390,1992,1,2,0,0,59,4,6,0,0
391,1990,2,1,-1,-1,39,3,1,1,1
391,1991,-2,1,1,-1,40,3,1,1,1
391,1992,-2,1,-1,-2,41,3,1,1,1
392,1990,1,2,0,-1,36,3,1,0,1
392,1991,2,2,-1,0,37,3,1,0,1
392,1992,1,-2,1,-2,38,3,1,0,1
393,1990,-2,3,0,0,37,3,4,0,0
393,1991,-2,3,-2,-2,38,3,4,0,0
393,1992,-2,2,-1,-2,39,3,4,0,0
394,1990,1,-2,-2,-1,41,6,4,0,0
394,1991,1,0,-2,-1,42,6,4,0,0
394,1992,-1,0,1,0,43,6,4,0,0
395,1990,1,3,1,0,44,7,3,1,1
395,1991,1,3,1,-1,45,7,3,1,1
395,1992,-2,3,0,-1,46,7,3,1,1
396,1990,2,-3,-1,-1,31,5,1,1,1
396,1991,2,-2,1,0,32,5,1,1,1
396,1992,1,-2,-1,-1,33,5,1,1,1
397,1990,1,-1,1,-2,73,4,4,0,0
397,1991,1,0,0,-2,74,4,4,0,0
397,1992,1,-2,1,-2,75,4,4,0,0
398,1990,1,3,1,0,45,5,4,0,0
398,1991,2,3,1,0,46,5,4,0,0
398,1992,-2,2,-1,-2,47,5,4,0,0
399,1990,-1,3,0,0,30,5,1,0,0
399,1991,2,2,0,0,31,5,1,0,0
399,1992,1,2,1,-1,32,5,1,0,0
400,1990,2,-3,0,0,64,7,4,0,1
400,1991,2,-3,-1,0,65,7,4,0,1
400,1992,2,-3,2,1,66,7,4,0,1
401,1990,2,-1,1,-1,32,4,4,0,0
401,1991,2,-1,1,0,33,4,4,0,0
401,1992,-2,-1,1,-2,34,4,4,0,0
402,1990,-2,3,1,-1,26,3,1,0,1
402,1991,1,3,0,-2,27,3,1,0,1
402,1992,-2,3,0,-2,28,3,1,0,1
403,1990,2,-3,1,-1,39,6,4,0,0
403,1991,2,-3,0,0,40,6,4,0,0
403,1992,2,-3,2,0,41,6,4,0,0
404,1990,-2,1,0,0,21,4,4,0,0
404,1991,-2,2,-1,-2,22,4,4,0,0
404,1992,-2,3,0,-2,23,4,4,0,0
405,1990,1,-2,1,-1,38,7,4,1,0
405,1991,2,-2,2,-1,39,7,4,1,0
405,1992,1,-2,-2,0,40,7,4,1,0
406,1990,1,2,0,0,61,2,1,1,1
406,1991,2,3,2,1,62,2,1,1,1
406,1992,1,3,1,0,63,2,1,1,1
407,1990,-2,3,1,1,27,4,1,0,1
407,1991,-1,3,-1,-1,28,4,1,0,1
407,1992,-2,3,-1,-1,29,4,1,0,1
408,1990,1,-1,0,-1,79,5,4,0,1
408,1991,1,-1,0,-1,80,5,4,0,1
408,1992,-1,-1,0,-1,81,5,4,0,1
409,1990,-2,3,1,0,73,1,4,1,1
409,1991,1,3,-1,-2,74,1,4,1,1
409,1992,-2,3,-1,-2,75,1,4,1,1
410,1990,-2,2,-1,-1,29,4,1,1,1
410,1991,-2,3,-2,-2,30,4,1,1,1
410,1992,-2,3,-2,-2,31,4,1,1,1
411,1990,-2,3,1,0,40,6,4,0,0
411,1991,1,3,1,0,41,6,4,0,0
411,1992,-1,2,0,-2,42,6,4,0,0
412,1990,-2,0,0,0,21,4,4,0,0
412,1991,-2,3,0,-1,22,4,4,0,0
412,1992,1,-1,0,0,23,4,4,0,0
413,1990,2,-1,1,1,52,4,4,0,0
413,1991,2,0,1,1,53,4,4,0,0
413,1992,2,-1,-2,0,54,4,4,0,0
414,1990,1,2,1,-1,33,7,4,0,1
414,1991,1,2,1,-1,34,7,4,0,1
414,1992,-2,2,0,-1,35,7,4,0,1
415,1990,-2,2,1,-2,39,6,4,0,1
415,1991,-2,1,-2,-2,40,6,4,0,1
415,1992,-2,1,0,-2,41,6,4,0,1
416,1990,1,2,0,-2,27,7,4,0,1
416,1991,1,2,-2,-2,28,7,4,0,1
416,1992,-2,2,2,-2,29,7,4,0,1
417,1990,1,-2,1,-2,28,4,3,0,1
417,1991,2,2,-1,0,29,4,3,0,1
417,1992,2,-3,1,0,30,4,3,0,1
418,1990,1,3,-1,-2,32,3,1,0,1
418,1991,1,3,0,-2,33,3,1,0,1
418,1992,-1,3,0,-1,34,3,1,0,1
419,1990,2,-1,2,-1,32,4,4,0,1
419,1991,2,-2,1,-1,33,4,4,0,1
419,1992,-2,-1,1,-2,34,4,4,0,1
420,1990,2,-1,1,0,54,7,6,0,0
420,1991,2,0,1,-1,55,7,6,0,0
420,1992,1,1,1,0,56,7,6,0,0
421,1990,1,0,2,-1,40,7,4,0,0
421,1991,1,0,2,0,41,7,4,0,0
421,1992,1,0,-1,-1,42,7,4,0,0
422,1990,2,-1,1,-1,35,3,6,0,1
422,1991,2,-2,0,-1,36,3,6,0,1
422,1992,-1,-2,-2,-2,37,3,6,0,1
423,1990,2,2,1,-1,31,7,6,0,0
423,1991,2,1,1,-1,32,7,6,0,0
423,1992,-1,2,1,-2,33,7,6,0,0
424,1990,-1,-2,1,-2,26,3,1,0,1
424,1991,1,-1,1,0,27,3,1,0,1
424,1992,-2,1,-1,-2,28,3,1,0,1
425,1990,1,-3,0,0,81,2,4,0,1
425,1991,2,-3,0,0,82,2,4,0,1
425,1992,2,-3,1,0,83,2,4,0,1
426,1990,2,3,-2,-2,33,4,1,0,1
426,1991,2,1,-1,-2,34,4,1,0,1
426,1992,-2,2,1,-2,35,4,1,0,1
427,1990,2,-2,-1,-1,35,4,4,0,1
427,1991,2,-2,0,-1,36,4,4,0,1
427,1992,-1,-2,-2,-2,37,4,4,0,1
428,1990,2,1,1,0,33,3,4,0,0
428,1991,2,-1,2,0,34,3,4,0,0
428,1992,2,-3,1,0,35,3,4,0,0
429,1990,1,2,1,-1,41,3,1,0,1
429,1991,1,1,2,-1,42,3,1,0,1
429,1992,-2,2,-2,-2,43,3,1,0,1
430,1990,2,2,0,0,67,2,4,0,0
430,1991,2,3,0,0,68,2,4,0,0
430,1992,-1,3,0,-1,69,2,4,0,0
431,1990,2,-3,1,0,26,3,4,0,0
431,1991,2,-3,0,0,27,3,4,0,0
431,1992,1,-3,1,-2,28,3,4,0,0
432,1990,-1,2,1,-2,34,6,4,0,0
432,1991,1,2,1,0,35,6,4,0,0
432,1992,-2,3,1,0,36,6,4,0,0
433,1990,-1,2,0,-2,73,1,4,0,0
433,1991,1,2,-1,-2,74,1,4,0,0
433,1992,-1,2,0,-2,75,1,4,0,0
434,1990,-1,3,-1,-1,64,3,4,0,1
434,1991,-1,3,0,-1,65,3,4,0,1
434,1992,-2,3,-1,-1,66,3,4,0,1
435,1990,-1,2,0,-1,60,7,4,0,0
435,1991,-1,2,0,-1,61,7,4,0,0
435,1992,-2,3,0,-1,62,7,4,0,0
436,1990,2,-1,-1,-1,30,2,1,1,0
436,1991,1,-1,-1,-2,31,2,1,1,0
436,1992,-2,1,-1,-2,32,2,1,1,0
437,1990,1,1,0,-1,66,4,4,0,1
437,1991,1,1,0,-1,67,4,4,0,1
437,1992,-1,1,0,-1,68,4,4,0,1
438,1990,1,1,1,-1,32,5,1,0,0
438,1991,2,2,1,0,33,5,1,0,0
438,1992,1,-2,-1,-1,34,5,1,0,0
439,1990,2,-2,1,0,23,4,1,0,0
439,1991,1,-2,1,-1,24,4,1,0,0
439,1992,-1,2,1,-1,25,4,1,0,0
440,1990,-1,0,1,-1,18,3,4,0,1
440,1991,1,1,2,0,19,3,4,0,1
440,1992,-1,1,1,-1,20,3,4,0,1
441,1990,2,2,1,-1,57,4,4,0,1
441,1991,2,2,2,-1,58,4,4,0,1
441,1992,2,0,-2,-1,59,4,4,0,1
442,1990,2,3,1,-1,55,1,4,0,0
442,1991,1,3,1,-1,56,1,4,0,0
442,1992,1,3,0,1,57,1,4,0,0
443,1990,1,0,-1,0,30,4,6,0,0
443,1991,2,0,0,1,31,4,6,0,0
443,1992,-1,1,-1,0,32,4,6,0,0
444,1990,2,-1,0,-2,32,3,4,0,0
444,1991,2,-2,-1,-1,33,3,4,0,0
444,1992,1,-1,-1,-1,34,3,4,0,0
445,1990,1,-1,-1,-2,60,6,6,0,0
445,1991,2,-1,-1,-1,61,6,6,0,0
445,1992,-2,-1,0,-2,62,6,6,0,0
446,1990,2,3,-1,0,56,2,1,0,0
446,1991,2,3,-1,-2,57,2,1,0,0
446,1992,-1,3,-2,0,58,2,1,0,0
447,1990,1,2,-1,-2,61,3,1,0,1
447,1991,1,2,-1,-1,62,3,1,0,1
447,1992,1,2,1,-2,63,3,1,0,1
448,1990,-2,0,-1,-2,62,3,4,0,1
448,1991,1,0,1,1,63,3,4,0,1
448,1992,-1,1,0,-2,64,3,4,0,1
449,1990,-1,-3,1,-1,51,3,1,0,1
449,1991,2,-3,0,0,52,3,1,0,1
449,1992,1,-3,0,0,53,3,1,0,1
450,1990,2,-3,0,0,64,3,4,0,0
450,1991,1,-3,0,0,65,3,4,0,0
450,1992,2,-3,0,0,66,3,4,0,0
451,1990,2,-2,1,-1,45,6,6,0,0
451,1991,2,-2,1,-1,46,6,6,0,0
451,1992,1,-3,0,0,47,6,6,0,0
452,1990,2,3,1,-1,34,3,4,0,0
452,1991,1,1,1,-2,35,3,4,0,0
452,1992,1,2,0,1,36,3,4,0,0
453,1990,-1,2,-1,0,53,2,4,1,1
453,1991,-2,3,-2,-2,54,2,4,1,1
453,1992,-2,2,-1,-1,55,2,4,1,1
454,1990,2,0,-2,-2,53,1,1,0,1
454,1991,2,3,-2,-2,54,1,1,0,1
454,1992,1,3,-2,-2,55,1,1,0,1
455,1990,2,-2,1,-1,49,6,4,0,0
455,1991,2,-3,1,0,50,6,4,0,0
455,1992,1,-2,1,0,51,6,4,0,0
456,1990,1,-2,1,-1,41,7,4,0,0
456,1991,2,-3,1,-1,42,7,4,0,0
456,1992,1,-2,1,0,43,7,4,0,0
457,1990,-1,3,-1,-2,62,3,1,0,1
457,1991,-2,3,-1,-2,63,3,1,0,1
457,1992,-2,3,-2,-2,64,3,1,0,1
458,1990,-2,1,0,-2,66,4,4,0,1
458,1991,1,1,0,-2,67,4,4,0,1
458,1992,-2,1,0,-2,68,4,4,0,1
459,1990,-1,-1,0,-2,66,6,4,1,1
459,1991,1,-1,0,-2,67,6,4,1,1
459,1992,-2,0,0,-2,68,6,4,1,1
460,1990,1,2,-2,0,38,3,1,0,1
460,1991,1,1,-1,-2,39,3,1,0,1
460,1992,1,0,1,0,40,3,1,0,1
461,1990,1,-1,2,-1,52,7,6,0,0
461,1991,-1,-1,1,0,53,7,6,0,0
461,1992,-2,-1,1,-1,54,7,6,0,0
462,1990,1,-1,-1,-1,63,5,1,0,0
462,1991,1,-1,-1,0,64,5,1,0,0
462,1992,-2,0,-1,-2,65,5,1,0,0
463,1990,1,2,0,-1,51,7,6,0,0
463,1991,1,0,1,-2,52,7,6,0,0
463,1992,-1,2,0,-1,53,7,6,0,0
464,1990,-2,2,0,-2,56,2,1,1,0
464,1991,-1,2,-2,-2,57,2,1,1,0
464,1992,-2,3,-2,-2,58,2,1,1,0
465,1990,-1,2,1,-1,28,3,1,0,1
465,1991,2,2,1,0,29,3,1,0,1
465,1992,1,1,-1,0,30,3,1,0,1
466,1990,1,-2,1,-2,38,3,1,0,1
466,1991,2,-2,1,0,39,3,1,0,1
466,1992,1,-2,1,0,40,3,1,0,1
467,1990,1,-1,-1,-1,31,6,1,0,1
467,1991,2,-1,2,-1,32,6,1,0,1
467,1992,-1,1,1,1,33,6,1,0,1
468,1990,-2,2,-1,-1,45,3,6,0,1
468,1991,2,-2,0,1,46,3,6,0,1
468,1992,-2,-2,0,-2,47,3,6,0,1
469,1990,1,-2,1,-2,43,7,6,0,0
469,1991,2,-2,1,-2,44,7,6,0,0
469,1992,-1,-2,0,-2,45,7,6,0,0
470,1990,1,0,2,-2,21,2,4,0,0
470,1991,2,0,1,-2,22,2,4,0,0
470,1992,-1,0,2,-2,23,2,4,0,0
471,1990,2,-2,1,0,29,6,4,0,0
471,1991,2,2,1,0,30,6,4,0,0
471,1992,1,-2,1,0,31,6,4,0,0
472,1990,-1,-1,-1,-2,22,3,1,0,0
472,1991,2,-1,1,-2,23,3,1,0,0
472,1992,-2,2,1,-2,24,3,1,0,0
473,1990,2,-2,1,0,49,7,6,0,1
473,1991,1,-2,1,0,50,7,6,0,1
473,1992,1,-2,1,-1,51,7,6,0,1
474,1990,2,-3,-1,-1,45,2,6,0,1
474,1991,2,-3,1,-1,46,2,6,0,1
474,1992,1,-3,0,-1,47,2,6,0,1
475,1990,2,-2,-2,0,45,3,1,0,1
475,1991,-1,3,-2,2,46,3,1,0,1
475,1992,-2,-2,-2,-2,47,3,1,0,1
476,1990,1,-2,1,1,40,4,3,1,0
476,1991,1,-2,1,-1,41,4,3,1,0
476,1992,1,-1,0,1,42,4,3,1,0
477,1990,-2,3,1,-1,62,4,4,1,0
477,1991,-1,2,1,0,63,4,4,1,0
477,1992,-2,3,1,-1,64,4,4,1,0
478,1990,-2,1,1,-2,32,1,1,0,0
478,1991,2,-1,1,1,33,1,1,0,0
478,1992,-2,-3,-2,0,34,1,1,0,0
479,1990,-1,2,1,0,29,2,1,0,0
479,1991,2,-2,1,0,30,2,1,0,0
479,1992,2,0,0,-1,31,2,1,0,0
480,1990,-2,3,0,-1,41,6,4,0,0
480,1991,-2,3,-1,-2,42,6,4,0,0
480,1992,-2,3,-1,-2,43,6,4,0,0
481,1990,1,2,2,-2,28,4,1,1,0
481,1991,1,2,-1,0,29,4,1,1,0
481,1992,-2,3,1,-1,30,4,1,1,0
482,1990,1,2,1,-1,60,3,4,0,0
482,1991,2,0,1,-1,61,3,4,0,0
482,1992,-1,1,1,-2,62,3,4,0,0
483,1990,2,-3,1,-1,43,6,6,0,0
483,1991,-1,-2,1,-1,44,6,6,0,0
483,1992,1,-3,-1,-1,45,6,6,0,0
484,1990,-2,2,1,-2,42,4,1,1,0
484,1991,1,2,0,-1,43,4,1,1,0
484,1992,-2,3,1,-2,44,4,1,1,0
485,1990,1,0,0,-1,34,3,1,0,0
485,1991,2,-1,0,0,35,3,1,0,0
485,1992,1,-1,0,0,36,3,1,0,0
486,1990,-2,2,1,-1,41,5,1,1,1
486,1991,-2,1,1,-1,42,5,1,1,1
486,1992,-2,2,0,-2,43,5,1,1,1
487,1990,-1,3,0,-1,44,7,4,0,1
487,1991,1,3,-1,-2,45,7,4,0,1
487,1992,-2,3,0,-2,46,7,4,0,1
488,1990,-2,1,2,-1,52,7,6,0,0
488,1991,-2,1,1,-1,53,7,6,0,0
488,1992,-2,1,-1,0,54,7,6,0,0
489,1990,2,-1,1,-1,26,3,1,0,0
489,1991,2,1,1,-1,27,3,1,0,0
489,1992,1,-1,0,-1,28,3,1,0,0
490,1990,1,0,-1,-2,43,3,1,0,0
490,1991,2,1,-1,0,44,3,1,0,0
490,1992,2,-1,1,0,45,3,1,0,0
491,1990,1,2,1,-1,47,3,1,0,0
491,1991,1,2,0,-2,48,3,1,0,0
491,1992,-2,2,-1,-1,49,3,1,0,0
492,1990,2,2,-1,-1,31,2,1,0,0
492,1991,2,3,0,0,32,2,1,0,0
492,1992,-1,3,0,-1,33,2,1,0,0
493,1990,1,2,2,-2,40,6,4,0,1
493,1991,-1,2,1,-1,41,6,4,0,1
493,1992,-1,3,1,-2,42,6,4,0,1
494,1990,1,1,1,0,38,6,1,0,1
494,1991,2,1,2,-1,39,6,1,0,1
494,1992,-2,1,-1,-2,40,6,1,0,1
495,1990,-2,1,0,-2,66,3,3,1,0
495,1991,-2,0,-1,-2,67,3,3,1,0
495,1992,-2,0,0,-2,68,3,3,1,0
496,1990,2,3,1,-1,43,3,6,0,1
496,1991,2,3,1,-1,44,3,6,0,1
496,1992,-2,3,1,-1,45,3,6,0,1
497,1990,-2,3,1,-1,35,7,4,0,1
497,1991,-2,3,1,-2,36,7,4,0,1
497,1992,-2,3,-1,-1,37,7,4,0,1
498,1990,1,2,-1,-2,48,4,1,0,1
498,1991,1,1,-1,-2,49,4,1,0,1
498,1992,-2,1,-2,-2,50,4,1,0,1
499,1990,2,-1,-1,-1,69,5,1,0,0
499,1991,2,-3,0,-2,70,5,1,0,0
499,1992,1,-3,0,0,71,5,1,0,0
500,1990,-2,1,-2,-2,61,5,4,0,1
500,1991,1,1,-2,0,62,5,4,0,1
500,1992,-2,1,-1,-2,63,5,4,0,1
501,1990,1,-1,1,-2,25,6,6,0,0
501,1991,1,-1,2,-1,26,6,6,0,0
501,1992,-1,-1,1,-1,27,6,6,0,0
502,1990,2,1,1,-1,35,4,1,0,0
502,1991,2,-1,1,-1,36,4,1,0,0
502,1992,1,-2,1,0,37,4,1,0,0
503,1990,-2,2,1,-2,20,4,3,0,1
503,1991,1,2,1,-1,21,4,3,0,1
503,1992,-2,2,-1,-1,22,4,3,0,1
504,1990,2,1,-1,-2,35,3,4,0,1
504,1991,2,-1,-1,-2,36,3,4,0,1
504,1992,-1,2,-1,-2,37,3,4,0,1
505,1990,-2,3,-1,-1,40,6,4,0,0
505,1991,-1,3,-1,-1,41,6,4,0,0
505,1992,-2,3,-1,-1,42,6,4,0,0
506,1990,1,-1,-1,-1,38,7,4,0,0
506,1991,2,-2,1,-1,39,7,4,0,0
506,1992,2,-3,1,-2,40,7,4,0,0
507,1990,-2,3,-2,-1,34,3,2,1,1
507,1991,-2,3,-2,-2,35,3,2,1,1
507,1992,-2,3,-2,-2,36,3,2,1,1
508,1990,1,3,1,0,20,4,1,0,0
508,1991,1,2,2,1,21,4,1,0,0
508,1992,1,2,1,-1,22,4,1,0,0
509,1990,2,-3,1,-1,32,7,6,0,0
509,1991,2,-3,1,0,33,7,6,0,0
509,1992,2,-3,1,0,34,7,6,0,0
510,1990,2,-2,1,-1,36,6,4,0,0
510,1991,2,-2,1,-2,37,6,4,0,0
510,1992,2,-3,1,1,38,6,4,0,0
511,1990,-1,2,0,0,80,1,1,0,0
511,1991,2,-3,0,-1,81,1,1,0,0
511,1992,2,3,0,0,82,1,1,0,0
512,1990,1,2,-1,-2,24,3,4,0,1
512,1991,1,2,-2,-2,25,3,4,0,1
512,1992,-1,2,-1,-1,26,3,4,0,1
513,1990,1,3,1,2,33,4,1,1,0
513,1991,1,3,1,0,34,4,1,1,0
513,1992,2,2,1,-2,35,4,1,1,0
514,1990,2,3,1,-1,35,7,6,0,0
514,1991,-2,3,0,-1,36,7,6,0,0
514,1992,-2,3,1,-1,37,7,6,0,0
515,1990,-1,2,0,-2,36,7,1,0,0
515,1991,-2,3,0,-2,37,7,1,0,0
515,1992,-2,3,1,-2,38,7,1,0,0
516,1990,1,-2,1,0,32,6,6,0,0
516,1991,2,-2,1,0,33,6,6,0,0
516,1992,-1,-2,1,0,34,6,6,0,0
517,1990,1,3,-2,-1,57,2,1,1,1
517,1991,1,3,-2,-2,58,2,1,1,1
517,1992,2,0,-1,-2,59,2,1,1,1
518,1990,1,-3,1,-1,38,7,6,0,0
518,1991,2,-3,1,0,39,7,6,0,0
518,1992,1,-2,1,1,40,7,6,0,0
519,1990,1,-1,0,-1,60,3,4,0,1
519,1991,2,-2,0,0,61,3,4,0,1
519,1992,1,1,-1,-2,62,3,4,0,1
520,1990,-1,-1,-2,-2,27,3,4,0,0
520,1991,1,-1,-2,-1,28,3,4,0,0
520,1992,-1,-2,-2,-1,29,3,4,0,0
521,1990,-2,3,2,-1,24,3,1,1,1
521,1991,-2,0,1,0,25,3,1,1,1
521,1992,-2,3,-1,-2,26,3,1,1,1
522,1990,-2,1,-1,-1,43,6,4,0,1
522,1991,-2,2,0,-2,44,6,4,0,1
522,1992,-2,2,1,-2,45,6,4,0,1
523,1990,-2,3,0,-1,31,3,4,1,1
523,1991,-1,3,-1,-2,32,3,4,1,1
523,1992,-2,3,0,-2,33,3,4,1,1
524,1990,2,-1,-1,-1,32,4,1,0,0
524,1991,2,-1,-2,-1,33,4,1,0,0
524,1992,1,-1,-1,0,34,4,1,0,0
525,1990,-2,2,2,0,25,5,1,0,1
525,1991,-1,2,1,0,26,5,1,0,1
525,1992,-1,2,0,-1,27,5,1,0,1
526,1990,2,-3,-1,-1,26,3,4,0,0
526,1991,2,-3,-2,-1,27,3,4,0,0
526,1992,2,-3,1,0,28,3,4,0,0
527,1990,-1,3,-1,-2,62,4,4,0,1
527,1991,1,1,-1,-2,63,4,4,0,1
527,1992,-2,3,-1,-2,64,4,4,0,1
528,1990,2,-2,1,-1,36,6,1,0,0
528,1991,2,-2,1,-1,37,6,1,0,0
528,1992,1,-2,0,-1,38,6,1,0,0
529,1990,2,-2,1,0,51,3,4,0,1
529,1991,2,-2,1,-1,52,3,4,0,1
529,1992,-1,-2,-1,-1,53,3,4,0,1
530,1990,1,-2,1,-1,32,4,1,0,0
530,1991,1,0,1,-1,33,4,1,0,0
530,1992,-2,0,-1,-1,34,4,1,0,0
531,1990,-1,-1,-1,0,20,5,1,0,1
531,1991,2,1,-2,-2,21,5,1,0,1
531,1992,1,-1,-2,-1,22,5,1,0,1
532,1990,1,2,-1,-1,61,3,2,0,1
532,1991,2,2,-1,-1,62,3,2,0,1
532,1992,1,0,0,-2,63,3,2,0,1
533,1990,2,-3,-1,-2,22,2,4,0,1
533,1991,2,-1,0,-1,23,2,4,0,1
533,1992,2,-1,0,-1,24,2,4,0,1
534,1990,2,2,1,-1,31,3,4,0,1
534,1991,2,-1,1,-1,32,3,4,0,1
534,1992,1,-1,1,0,33,3,4,0,1
535,1990,2,-2,2,-1,28,4,1,0,0
535,1991,2,-2,1,0,29,4,1,0,0
535,1992,2,-2,2,0,30,4,1,0,0
536,1990,1,1,1,-2,19,3,1,1,0
536,1991,2,-2,1,1,20,3,1,1,0
536,1992,1,-2,0,0,21,3,1,1,0
537,1990,1,-1,0,-2,45,6,4,0,0
537,1991,1,-2,0,-2,46,6,4,0,0
537,1992,-1,-2,-1,-1,47,6,4,0,0
538,1990,1,2,0,-1,35,5,4,0,1
538,1991,1,2,1,0,36,5,4,0,1
538,1992,1,2,1,0,37,5,4,0,1
539,1990,2,0,-2,-2,27,3,1,0,0
539,1991,2,0,0,-1,28,3,1,0,0
539,1992,-2,0,-1,-1,29,3,1,0,0
540,1990,-2,3,1,-2,55,3,1,1,0
540,1991,-2,3,-2,-2,56,3,1,1,0
540,1992,-2,3,0,-2,57,3,1,1,0
541,1990,1,2,0,-1,66,1,1,1,0
541,1991,-1,3,-1,0,67,1,1,1,0
541,1992,-2,3,0,-1,68,1,1,1,0
542,1990,-2,3,-1,-2,54,4,4,1,0
542,1991,-2,1,-2,-2,55,4,4,1,0
542,1992,-2,3,-1,-2,56,4,4,1,0
543,1990,-2,3,0,-1,57,7,4,1,1
543,1991,-2,3,0,0,58,7,4,1,1
543,1992,-1,-2,0,-1,59,7,4,1,1
544,1990,2,3,-1,-1,37,3,1,0,1
544,1991,-1,3,0,-2,38,3,1,0,1
544,1992,1,2,0,-1,39,3,1,0,1
545,1990,-1,1,0,-2,29,3,4,1,0
545,1991,2,-1,-1,-2,30,3,4,1,0
545,1992,-2,2,0,0,31,3,4,1,0
546,1990,1,1,1,-2,29,2,3,1,0
546,1991,2,-2,1,-2,30,2,3,1,0
546,1992,-1,1,1,-2,31,2,3,1,0
547,1990,1,1,0,-1,73,3,1,0,0
547,1991,1,2,1,0,74,3,1,0,0
547,1992,1,0,0,-1,75,3,1,0,0
548,1990,1,3,-1,-2,32,6,1,0,1
548,1991,1,2,2,-2,33,6,1,0,1
548,1992,-2,3,-1,-1,34,6,1,0,1
549,1990,2,-2,-1,0,28,4,1,0,1
549,1991,2,-2,-1,-1,29,4,1,0,1
549,1992,-2,0,-2,-2,30,4,1,0,1
550,1990,1,2,-1,-1,81,7,6,0,0
550,1991,-1,1,-2,1,82,7,6,0,0
550,1992,-2,1,-1,-1,83,7,6,0,0
551,1990,2,-2,0,0,39,3,4,0,0
551,1991,2,-2,1,-1,40,3,4,0,0
551,1992,1,-1,0,0,41,3,4,0,0
552,1990,1,-1,-1,-1,50,3,4,0,0
552,1991,1,-2,-1,-1,51,3,4,0,0
552,1992,-1,-3,-1,-2,52,3,4,0,0
553,1990,1,2,1,0,75,1,4,0,0
553,1991,2,2,1,-1,76,1,4,0,0
553,1992,2,-3,1,0,77,1,4,0,0
554,1990,-2,1,-2,-2,44,7,3,0,1
554,1991,-1,1,-1,-1,45,7,3,0,1
554,1992,-1,1,1,0,46,7,3,0,1
555,1990,2,2,-1,-1,25,6,4,0,1
555,1991,1,2,-1,-1,26,6,4,0,1
555,1992,-2,1,1,-2,27,6,4,0,1
556,1990,2,-3,0,0,81,3,1,0,1
556,1991,2,-3,1,0,82,3,1,0,1
556,1992,2,-3,-2,0,83,3,1,0,1
557,1990,-2,1,0,-1,44,3,1,0,1
557,1991,2,1,-1,-2,45,3,1,0,1
557,1992,-2,0,0,-2,46,3,1,0,1
558,1990,2,2,2,-2,74,3,4,0,0
558,1991,-1,3,0,-2,75,3,4,0,0
558,1992,-2,2,2,-2,76,3,4,0,0
559,1990,-2,-3,1,-1,68,3,4,0,1
559,1991,-1,-3,-1,-1,69,3,4,0,1
559,1992,1,-2,1,-2,70,3,4,0,1
560,1990,1,2,1,-1,20,4,4,0,0
560,1991,1,1,0,-1,21,4,4,0,0
560,1992,-2,2,0,-1,22,4,4,0,0
561,1990,-1,1,1,0,20,3,1,0,1
561,1991,1,1,-1,-1,21,3,1,0,1
561,1992,-1,1,-2,0,22,3,1,0,1
562,1990,1,2,2,-1,30,6,4,0,0
562,1991,1,2,1,-1,31,6,4,0,0
562,1992,-1,2,1,0,32,6,4,0,0
563,1990,2,-1,-1,0,31,2,1,0,1
563,1991,1,1,-1,-2,32,2,1,0,1
563,1992,-1,2,-2,-2,33,2,1,0,1
564,1990,1,1,0,-1,24,6,1,1,0
564,1991,-1,2,-1,-2,25,6,1,1,0
564,1992,-2,2,0,-2,26,6,1,1,0
565,1990,-2,3,1,0,57,3,1,0,1
565,1991,1,1,2,1,58,3,1,0,1
565,1992,-2,2,0,-1,59,3,1,0,1
566,1990,1,-2,1,-1,40,3,4,0,1
566,1991,2,-3,1,-1,41,3,4,0,1
566,1992,1,-2,0,-2,42,3,4,0,1
567,1990,1,1,0,-2,26,3,3,0,0
567,1991,1,3,-1,-1,27,3,3,0,0
567,1992,-1,3,1,0,28,3,3,0,0
568,1990,1,-2,-1,-1,32,3,4,0,1
568,1991,2,-1,-1,-1,33,3,4,0,1
568,1992,1,-2,2,-2,34,3,4,0,1
569,1990,2,-2,-1,-2,37,3,1,0,0
569,1991,2,0,-2,-2,38,3,1,0,0
569,1992,-2,-1,-2,1,39,3,1,0,0
570,1990,2,-2,0,0,49,3,1,0,0
570,1991,2,-2,0,-1,50,3,1,0,0
570,1992,1,-2,0,-1,51,3,1,0,0
571,1990,1,-1,0,-1,64,7,6,0,1
571,1991,2,-1,-1,-1,65,7,6,0,1
571,1992,1,-1,-1,-1,66,7,6,0,1
572,1990,2,2,-2,-1,32,4,4,0,0
572,1991,1,1,0,-2,33,4,4,0,0
572,1992,-2,2,0,-1,34,4,4,0,0
573,1990,-2,1,1,0,45,7,4,0,1
573,1991,-2,1,2,-2,46,7,4,0,1
573,1992,-2,1,1,-2,47,7,4,0,1
574,1990,-1,3,-1,-2,62,3,4,0,1
574,1991,1,3,-1,-1,63,3,4,0,1
574,1992,-1,2,0,-2,64,3,4,0,1
575,1990,1,3,-2,-2,51,3,1,1,0
575,1991,1,3,1,0,52,3,1,1,0
575,1992,-2,3,0,-2,53,3,1,1,0
576,1990,1,2,0,-2,28,7,4,0,1
576,1991,1,2,0,-1,29,7,4,0,1
576,1992,-1,2,-1,-1,30,7,4,0,1
577,1990,-1,3,-1,-1,37,7,6,0,1
577,1991,-2,2,-1,-2,38,7,6,0,1
577,1992,-2,3,0,-2,39,7,6,0,1
578,1990,-1,3,1,0,37,3,4,1,1
578,1991,2,3,1,0,38,3,4,1,1
578,1992,-2,3,-1,-2,39,3,4,1,1
579,1990,2,2,1,0,34,3,1,0,1
579,1991,1,2,0,0,35,3,1,0,1
579,1992,-2,3,0,-1,36,3,1,0,1
580,1990,1,1,2,-1,29,2,3,0,0
580,1991,2,0,2,0,30,2,3,0,0
580,1992,-1,1,0,0,31,2,3,0,0
581,1990,-2,3,2,0,27,2,1,0,1
581,1991,2,2,2,1,28,2,1,0,1
581,1992,-2,3,2,-2,29,2,1,0,1
582,1990,1,-2,2,-2,33,7,6,1,1
582,1991,2,-1,1,1,34,7,6,1,1
582,1992,1,-1,-1,1,35,7,6,1,1
583,1990,2,2,0,-1,19,2,4,0,1
583,1991,2,2,-1,0,20,2,4,0,1
583,1992,1,2,1,0,21,2,4,0,1
584,1990,-1,1,2,-1,45,4,4,0,0
584,1991,-2,1,1,1,46,4,4,0,0
584,1992,-2,1,-1,-2,47,4,4,0,0
585,1990,1,-2,0,0,31,6,6,0,1
585,1991,1,-2,1,-1,32,6,6,0,1
585,1992,1,1,0,0,33,6,6,0,1
586,1990,-2,1,1,-2,31,4,1,1,1
586,1991,1,1,1,-1,32,4,1,1,1
586,1992,-1,2,1,-1,33,4,1,1,1
587,1990,2,1,0,0,45,2,1,0,0
587,1991,2,2,0,-1,46,2,1,0,0
587,1992,1,2,0,-1,47,2,1,0,0
588,1990,-2,0,1,-1,22,1,4,0,0
588,1991,-1,0,0,-1,23,1,4,0,0
588,1992,-2,0,-2,-2,24,1,4,0,0
589,1990,1,-2,0,-1,57,4,6,0,1
589,1991,1,-2,1,0,58,4,6,0,1
589,1992,1,-2,2,-1,59,4,6,0,1
590,1990,-2,3,-1,-2,44,3,3,1,1
590,1991,2,3,-2,-1,45,3,3,1,1
590,1992,-2,3,-1,-2,46,3,3,1,1
591,1990,1,3,-1,0,38,3,1,0,1
591,1991,-1,3,1,0,39,3,1,0,1
591,1992,1,3,0,0,40,3,1,0,1
592,1990,1,2,2,-1,23,6,4,0,1
592,1991,-2,3,2,-2,24,6,4,0,1
592,1992,-1,2,2,-1,25,6,4,0,1
593,1990,-2,1,1,-1,34,4,4,1,1
593,1991,-1,1,1,-2,35,4,4,1,1
593,1992,-2,2,1,-2,36,4,4,1,1
594,1990,2,-2,2,0,32,4,1,1,0
594,1991,2,-2,2,0,33,4,1,1,0
594,1992,1,-2,1,0,34,4,1,1,0
595,1990,2,2,-1,-2,42,7,6,0,0
595,1991,2,-2,-1,-1,43,7,6,0,0
595,1992,-2,2,-1,-1,44,7,6,0,0
596,1990,1,2,1,-1,51,3,4,0,1
596,1991,1,1,1,-2,52,3,4,0,1
596,1992,-2,3,0,-2,53,3,4,0,1
597,1990,-2,1,2,-2,24,4,1,0,0
597,1991,-1,1,2,0,25,4,1,0,0
597,1992,-1,1,1,-2,26,4,1,0,0
598,1990,-1,-2,2,0,26,7,4,0,1
598,1991,1,-2,1,0,27,7,4,0,1
598,1992,-2,1,-1,-2,28,7,4,0,1
599,1990,2,2,-1,-2,60,4,1,0,1
599,1991,1,3,0,-2,61,4,1,0,1
599,1992,1,1,-2,-2,62,4,1,0,1
600,1990,-1,-1,-2,-2,76,4,6,0,1
600,1991,-2,1,-1,-1,77,4,6,0,1
600,1992,-1,0,-1,-2,78,4,6,0,1
601,1990,-2,2,-1,-2,38,7,6,0,0
601,1991,-2,1,1,-2,39,7,6,0,0
601,1992,-2,1,0,-1,40,7,6,0,0
602,1990,1,-1,-1,-2,68,4,5,0,1
602,1991,1,-1,-1,-2,69,4,5,0,1
602,1992,-1,-2,-2,-2,70,4,5,0,1
603,1990,2,-2,2,-1,75,3,4,0,1
603,1991,2,-2,2,-1,76,3,4,0,1
603,1992,2,-1,1,-1,77,3,4,0,1
604,1990,-2,0,-1,-2,43,3,1,0,1
604,1991,1,-2,-1,-2,44,3,1,0,1
604,1992,-2,0,-1,0,45,3,1,0,1
605,1990,-2,3,1,-2,32,3,1,1,0
605,1991,-2,3,-1,-2,33,3,1,1,0
605,1992,-2,3,1,-2,34,3,1,1,0
606,1990,2,-2,-1,-2,52,4,6,0,0
606,1991,2,-2,-1,0,53,4,6,0,0
606,1992,1,-2,-1,-1,54,4,6,0,0
607,1990,1,1,-1,-2,73,7,4,0,0
607,1991,1,2,-1,-2,74,7,4,0,0
607,1992,-2,2,-1,-2,75,7,4,0,0
608,1990,1,2,1,-2,18,4,4,0,0
608,1991,1,1,1,-2,19,4,4,0,0
608,1992,-1,2,1,-2,20,4,4,0,0
609,1990,1,-1,-1,0,29,2,1,0,1
609,1991,2,1,-2,-1,30,2,1,0,1
609,1992,-1,-1,1,-1,31,2,1,0,1
610,1990,-1,-3,0,-1,35,3,4,0,1
610,1991,2,-3,1,0,36,3,4,0,1
610,1992,-2,-3,0,-2,37,3,4,0,1
611,1990,2,2,-1,-2,47,3,1,0,0
611,1991,2,2,1,-1,48,3,1,0,0
611,1992,2,1,-2,1,49,3,1,0,0
612,1990,1,-1,2,-2,35,3,1,0,0
612,1991,2,-1,0,1,36,3,1,0,0
612,1992,2,-3,-1,1,37,3,1,0,0
613,1990,2,2,0,-1,53,3,4,0,1
613,1991,2,1,1,-1,54,3,4,0,1
613,1992,-2,2,0,-2,55,3,4,0,1
614,1990,1,0,1,-2,24,3,1,0,1
614,1991,1,1,1,-1,25,3,1,0,1
614,1992,-1,1,0,-1,26,3,1,0,1
615,1990,1,1,-1,0,18,3,1,0,1
615,1991,1,1,-1,0,19,3,1,0,1
615,1992,1,2,0,-1,20,3,1,0,1
616,1990,1,3,0,0,64,1,4,0,0
616,1991,1,1,0,0,65,1,4,0,0
616,1992,-2,1,1,-1,66,1,4,0,0
617,1990,2,0,-1,-2,43,5,4,0,1
617,1991,2,-1,-1,-1,44,5,4,0,1
617,1992,1,1,-1,-2,45,5,4,0,1
618,1990,1,1,1,-2,28,4,4,0,1
618,1991,-1,1,1,-1,29,4,4,0,1
618,1992,-1,1,1,-1,30,4,4,0,1
619,1990,1,2,2,-2,36,3,3,0,1
619,1991,2,2,0,-1,37,3,3,0,1
619,1992,-1,3,1,-2,38,3,3,0,1
620,1990,1,-2,1,-1,33,6,6,0,0
620,1991,1,-2,1,0,34,6,6,0,0
620,1992,1,-2,-2,0,35,6,6,0,0
621,1990,2,0,0,1,56,3,1,1,0
621,1991,2,-2,0,1,57,3,1,1,0
621,1992,2,2,0,-1,58,3,1,1,0
622,1990,1,3,0,-1,35,6,1,0,1
622,1991,1,3,-1,0,36,6,1,0,1
622,1992,-2,3,0,-2,37,6,1,0,1
623,1990,1,3,2,0,50,1,1,0,0
623,1991,2,3,1,0,51,1,1,0,0
623,1992,-2,3,-1,-2,52,1,1,0,0
624,1990,2,-2,-1,0,79,3,4,0,1
624,1991,2,-2,1,1,80,3,4,0,1
624,1992,2,-3,0,0,81,3,4,0,1
