caseid,presvote,partyid,BushFT,ClintonFT,PerotFT
3001,1,6,85,30,0
3002,1,7,100,0,0
3003,1,7,85,30,60
3005,2,6,40,60,60
3006,2,2,30,70,50
3007,2,1,15,70,50
3009,1,6,85,30,0
3011,1,7,85,0,0
3012,1,6,60,30,30
3013,1,5,70,0,15
3014,2,1,40,85,60
3016,1,7,85,50,40
3017,1,2,70,30,30
3018,1,7,85,40,60
3022,2,2,50,100,100
3023,1,2,100,0,0
3024,3,5,70,40,30
3026,2,1,0,85,50
3027,2,1,40,100,70
3028,2,3,30,60,0
3029,1,2,40,40,50
3030,2,1,40,60,30
3031,2,1,20,60,50
3032,2,1,30,70,40
3035,1,5,85,50,0
3037,2,1,50,85,10
3038,1,5,100,50,70
3039,1,7,40,30,60
3040,3,2,30,70,50
3041,1,3,60,40,70
3042,2,1,100,100,60
3043,2,1,50,85,0
3045,2,6,30,50,50
3049,2,3,50,50,15
3050,2,4,50,50,0
3052,3,6,50,40,60
3054,1,7,85,15,40
3056,2,1,30,60,0
3057,2,3,50,100,50
3058,2,3,0,70,0
3061,2,6,40,60,50
3062,3,3,30,40,60
3063,1,5,85,60,50
3065,2,3,30,85,60
3066,3,5,60,60,15
3067,1,6,100,85,100
3068,2,5,40,100,50
3073,1,5,60,15,0
3077,2,2,60,70,15
3079,2,5,50,30,40
3081,1,5,85,30,60
3082,2,1,40,60,0
3083,2,3,30,85,60
3084,2,4,60,70,40
3087,1,6,100,40,15
3089,1,2,70,0,85
3090,2,2,60,70,50
3091,2,1,0,70,40
3092,2,2,50,50,50
3093,3,4,40,60,100
3094,2,1,30,70,100
3095,1,5,70,60,60
3098,3,4,60,15,85
3100,1,5,85,0,50
3102,2,3,40,85,30
3105,2,1,15,85,70
3107,2,2,0,85,50
3108,1,5,85,40,0
3110,1,6,70,30,30
3112,1,4,60,60,50
3113,2,7,60,70,50
3119,2,2,40,98,50
3123,3,6,30,85,0
3125,1,5,85,15,50
3127,2,1,60,70,50
3128,2,2,30,60,70
3129,3,3,68,50,38
3130,1,6,85,50,50
3131,2,3,40,60,30
3132,1,7,70,30,40
3133,1,2,70,50,0
3134,3,3,30,60,70
3135,1,5,75,60,50
3136,2,1,40,60,30
3137,2,1,15,85,30
3138,1,7,85,40,40
3143,1,7,70,15,0
3146,2,3,40,70,85
3147,3,7,50,0,85
3149,2,3,15,70,0
3151,2,5,60,85,0
3153,1,5,100,40,30
3154,2,2,15,85,50
3155,1,6,70,30,0
3156,2,2,60,85,40
3157,1,6,60,40,60
3158,1,6,88,80,80
3159,2,2,50,60,60
3160,2,4,40,60,70
3162,2,1,50,70,50
3163,2,1,60,85,70
3164,2,1,50,85,50
3166,2,1,0,70,50
3167,2,3,40,50,50
3168,2,1,50,50,0
3169,1,7,85,50,15
3172,2,6,85,70,30
3174,2,1,15,60,70
3175,3,3,0,0,100
3177,1,5,70,40,30
3178,2,4,30,85,100
3181,2,3,0,100,15
3183,1,7,100,0,30
3184,2,3,0,60,100
3185,1,7,100,60,60
3186,3,4,0,15,40
3187,2,2,15,60,0
3188,2,1,50,100,0
3189,1,6,60,50,40
3191,1,5,70,60,51
3192,2,2,30,85,60
3195,1,5,30,30,0
3198,2,1,40,70,30
3199,2,1,0,100,15
3200,3,4,70,40,85
3202,3,1,60,70,60
3203,2,1,20,60,50
3204,2,2,0,85,60
3205,2,4,15,60,50
3206,3,6,70,50,0
3209,3,2,15,70,0
3211,2,2,50,85,15
3212,3,2,60,60,85
3213,2,2,15,60,15
3215,2,4,10,30,40
3218,1,6,100,0,0
3220,2,1,0,100,0
3222,1,5,60,40,15
3223,2,3,60,60,50
3225,3,6,60,85,85
3226,2,1,50,50,60
3227,3,2,60,70,60
3229,2,1,70,85,50
3230,1,7,100,50,50
3231,2,2,40,70,60
3232,2,3,0,70,30
3233,3,6,60,60,40
3234,1,5,80,50,20
3235,2,6,40,60,50
3236,2,2,40,70,15
3238,2,1,25,75,50
3240,2,2,30,60,85
3242,1,4,50,50,15
3243,2,2,30,60,50
3245,2,3,15,70,85
3246,2,4,60,70,50
3247,1,6,100,60,70
3250,1,7,85,15,60
3252,3,7,100,50,100
3255,2,1,50,85,60
3257,2,1,30,70,0
3258,3,5,70,60,30
3259,1,6,70,50,15
3261,1,6,60,40,0
3262,3,4,50,50,70
3264,1,7,100,70,50
3265,2,1,30,100,85
3266,1,6,85,50,50
3267,1,6,85,30,30
3271,3,3,0,70,70
3272,1,4,60,60,50
3273,2,4,30,100,0
3275,2,1,0,85,0
3276,2,1,0,70,0
3277,2,1,0,50,0
3278,1,6,85,85,15
3279,1,7,100,0,0
3281,2,2,40,60,30
3283,2,1,40,85,50
3284,1,7,60,15,50
3285,3,6,30,30,30
3287,1,2,70,85,15
3289,1,6,40,30,15
3290,2,3,30,70,15
3295,2,3,15,65,15
3298,1,6,70,40,60
3300,1,5,70,30,60
3302,2,3,60,85,60
3303,2,6,30,70,50
3304,3,6,40,60,70
3305,2,6,60,60,60
3308,2,6,15,70,30
3309,2,3,60,80,60
3310,2,1,50,100,70
3311,1,6,100,40,30
3312,2,1,40,70,30
3314,1,7,100,30,0
3315,2,1,0,100,85
3316,1,5,65,70,22
3318,1,4,50,50,60
3321,1,7,85,70,50
3322,2,1,0,85,85
3323,1,5,60,0,40
3324,1,5,60,15,0
3327,2,2,30,60,15
3328,2,3,70,85,50
3329,1,6,60,50,40
3331,2,3,0,15,30
3332,2,6,70,70,0
3336,1,7,85,60,50
3337,3,4,70,40,50
3340,3,6,85,40,0
3342,1,5,60,60,60
3344,1,7,85,15,50
3345,1,7,85,40,50
3347,1,5,100,15,30
3348,1,4,70,40,0
3350,1,6,60,30,15
3351,2,1,40,100,60
3352,1,5,70,50,30
3353,2,2,30,70,15
3355,2,1,15,100,50
3356,3,5,40,30,70
3357,1,2,70,40,30
3358,3,6,70,30,70
3359,3,7,60,10,80
3361,1,7,100,70,70
3364,1,1,60,30,70
3365,2,2,30,85,15
3368,2,2,30,85,85
3369,3,5,60,50,85
3370,1,5,85,40,30
3371,1,7,100,30,0
3372,1,7,75,25,35
3373,2,1,0,70,60
3376,2,2,30,85,70
3378,3,1,30,60,60
3379,1,7,100,50,50
3381,1,5,70,0,50
3383,2,1,30,85,60
3384,3,5,40,60,70
3385,1,7,85,0,60
3386,1,4,70,50,50
3387,1,5,85,0,60
3388,2,2,60,70,0
3389,3,2,30,70,15
3390,3,3,15,50,70
3391,1,6,70,0,40
3393,1,6,85,40,85
3394,1,6,60,15,15
3401,3,5,60,50,50
3402,3,3,50,65,80
3403,1,5,70,60,70
3404,1,1,0,70,50
3406,2,3,50,85,50
3408,1,6,100,70,72
3409,2,2,40,60,15
3410,2,1,40,100,30
3411,3,2,60,60,85
3412,1,5,85,40,40
3413,1,5,60,50,70
3414,1,2,50,50,50
3415,2,1,60,60,0
3417,2,3,50,85,30
3418,1,6,70,15,85
3421,2,2,10,60,60
3422,2,1,30,85,60
3423,2,1,72,85,70
3424,2,5,30,85,85
3425,2,1,15,85,25
3426,3,3,60,60,85
3427,3,7,40,50,60
3428,2,2,0,60,40
3429,1,7,85,0,0
3430,2,2,60,60,50
3431,1,2,85,40,0
3433,1,7,70,0,30
3434,1,6,70,30,15
3435,2,4,70,60,50
3436,2,3,30,85,60
3437,2,2,40,60,40
3438,2,2,15,40,0
3439,1,5,60,35,60
3440,1,6,85,30,15
3441,3,6,85,60,50
3444,1,6,60,30,0
3445,2,1,0,60,0
3446,2,1,50,60,50
3447,3,3,0,70,100
3449,3,2,40,60,50
3451,3,3,60,70,70
3455,2,4,60,40,85
3456,2,2,40,70,30
3460,2,1,0,25,0
3461,2,5,50,70,40
3462,1,7,70,40,50
3464,1,7,100,50,0
3466,3,5,50,10,75
3467,1,5,15,50,70
3471,2,1,15,85,40
3473,2,4,50,85,70
3476,1,6,60,30,60
3477,3,5,40,60,15
3478,1,6,60,30,70
3479,1,7,70,0,0
3481,1,7,70,30,30
3482,1,6,85,60,70
3484,1,6,70,0,85
3485,2,2,50,70,30
3486,2,3,30,70,40
3489,1,7,85,0,0
3490,2,2,50,60,40
3491,2,2,40,85,60
3492,1,5,70,10,50
3495,2,3,0,60,30
3499,1,7,85,0,0
3502,2,1,15,85,60
3503,1,6,85,40,30
3505,2,2,60,70,50
3507,1,4,70,85,50
3508,1,7,90,30,85
3509,2,2,30,60,50
3510,3,6,70,60,50
3511,1,7,85,15,40
3513,2,2,50,70,60
3514,1,7,80,40,40
3515,1,5,85,50,60
3516,2,1,15,70,0
3517,1,5,70,40,15
3522,2,3,85,85,100
3523,2,1,30,85,50
3524,2,3,15,60,0
3525,2,1,30,50,30
3526,1,6,85,40,0
3527,1,6,60,50,30
3529,2,3,30,70,70
3531,2,6,70,60,50
3532,1,5,85,40,0
3533,3,4,85,40,70
3534,2,3,0,60,60
3535,1,7,85,70,30
3536,1,5,70,60,40
3537,2,2,15,70,70
3538,2,6,25,75,5
3540,1,5,100,15,0
3543,2,2,40,60,15
3545,3,5,40,30,60
3546,1,4,85,30,30
3549,2,2,85,85,85
3550,1,7,85,15,15
3551,1,7,100,30,50
3552,3,3,40,60,70
3553,1,7,100,10,5
3555,1,4,50,50,50
3558,1,7,85,30,15
3559,3,4,85,50,100
3561,2,3,30,60,0
3562,2,1,50,70,50
3564,2,4,60,85,100
3565,2,3,40,70,40
3566,2,3,40,60,30
3567,1,5,70,30,50
3568,2,2,15,60,30
3570,2,6,70,100,85
3571,1,7,100,50,60
3572,2,2,60,85,60
3573,2,1,15,70,0
3574,1,6,70,50,30
3575,1,5,60,0,30
3576,3,3,70,70,80
3577,2,7,0,60,50
3580,2,1,50,85,60
3581,2,2,40,85,85
3583,2,1,0,100,60
3584,2,2,50,60,70
3588,2,2,40,85,50
3590,1,2,70,15,100
3592,1,7,100,0,0
3594,2,2,0,70,0
3595,1,5,100,85,85
3596,2,2,60,70,30
3597,3,3,30,70,60
3598,2,5,30,40,15
3599,3,5,40,15,50
3600,1,7,70,15,60
3603,3,6,40,15,60
3605,3,4,50,60,100
3606,1,6,60,60,60
3607,3,3,15,85,70
3608,1,7,85,30,60
3612,2,1,15,85,40
3614,1,5,60,40,50
3615,2,2,60,85,40
3616,2,3,30,85,0
3618,2,1,45,70,48
3619,2,1,60,85,60
3622,3,6,70,60,70
3624,2,4,40,50,50
3626,2,2,60,50,60
3627,1,5,50,30,50
3628,2,3,50,70,0
3629,1,7,100,0,0
3630,2,1,50,100,15
3631,2,2,50,70,60
3632,2,1,40,80,50
3634,2,1,0,90,10
3636,3,4,15,70,100
3637,3,4,20,30,80
3638,1,5,70,30,30
3639,1,5,70,15,85
3640,3,3,40,60,85
3641,1,7,70,50,40
3644,3,7,60,40,70
3645,2,2,40,70,30
3646,2,3,40,50,30
3647,3,4,60,85,70
3648,2,3,30,70,50
3650,2,2,15,85,60
3651,3,5,70,70,100
3653,1,7,70,0,60
3654,1,6,70,40,60
3655,2,4,50,60,60
3656,1,2,100,30,50
3657,2,3,0,100,70
3661,1,7,70,15,60
3662,1,5,60,40,15
3663,3,3,15,60,85
3664,2,2,40,60,0
3665,1,6,85,70,60
3666,1,7,85,80,0
3667,2,3,0,70,40
3670,1,7,85,15,70
3671,2,3,50,70,50
3672,1,5,70,60,0
3673,2,3,15,85,40
3674,3,3,50,15,50
3676,1,6,70,30,50
3677,2,3,50,70,30
3678,1,7,60,40,50
3679,2,3,30,70,40
3680,1,5,70,50,40
3681,2,3,30,70,0
3682,3,5,80,80,100
3683,1,7,70,40,60
3684,1,4,85,0,0
3685,2,4,70,70,70
3687,3,3,70,30,85
3688,3,2,50,70,85
3689,3,5,50,0,80
3690,3,3,15,50,60
3691,3,3,30,70,85
3693,2,3,40,50,0
3694,2,1,30,70,60
3695,3,4,35,10,75
3696,2,3,50,85,70
3697,2,2,15,70,15
3698,1,5,85,60,50
3699,2,1,40,60,50
3701,3,2,15,30,30
3703,2,3,60,85,50
3706,2,2,60,70,60
3708,3,3,60,85,30
3709,1,4,70,60,50
3710,1,4,60,40,40
3712,1,7,85,30,40
3715,3,2,60,70,40
3716,1,7,70,60,85
3718,1,7,60,40,40
3719,1,6,50,50,50
3720,2,1,50,70,30
3721,1,2,50,50,0
3724,3,6,70,40,85
3728,1,7,100,40,40
3729,1,1,60,85,50
3731,3,5,15,15,60
3732,2,1,30,50,15
3733,3,6,40,15,60
3734,1,5,85,85,40
3735,1,7,100,0,30
3736,1,5,85,50,100
3737,2,6,15,60,50
3739,3,5,60,50,40
3741,2,1,40,60,0
3742,3,5,85,70,85
3745,2,4,40,60,60
3746,2,4,49,50,40
3747,3,5,60,70,70
3748,3,2,40,40,10
3749,3,6,85,30,60
3751,2,2,0,60,0
3752,2,2,85,40,50
3753,2,2,30,70,70
3754,2,1,50,70,30
3755,1,5,85,30,50
3757,2,2,50,70,55
3758,2,3,30,70,60
3759,2,4,60,60,0
3761,1,7,90,0,50
3762,1,7,85,60,40
3763,2,6,30,60,50
3764,2,1,40,70,85
3766,1,7,100,60,0
3769,2,2,60,70,0
3770,1,6,60,50,30
3771,2,1,0,85,0
3772,3,6,60,40,60
3773,1,6,85,30,40
3774,1,7,85,0,40
3775,1,6,60,15,15
3777,2,5,60,70,0
3778,1,7,85,50,50
3779,2,5,70,60,15
3781,2,3,0,85,85
3783,2,3,40,65,40
3784,3,7,0,50,100
3785,3,7,85,40,60
3786,1,6,60,40,50
3787,2,1,15,70,60
3789,2,2,15,70,50
3791,1,7,85,30,30
3792,2,1,40,50,15
3794,1,5,70,40,50
3796,2,2,50,50,50
3797,3,2,60,40,60
3798,2,6,0,50,0
3799,1,6,70,0,60
3800,3,7,60,30,85
3801,2,4,0,70,0
3802,1,7,85,15,50
3803,3,3,60,70,70
3806,2,1,15,85,0
3807,1,5,85,30,50
3808,2,5,50,60,70
3809,2,2,30,70,60
3810,2,5,60,60,50
3811,2,2,30,60,30
3812,2,1,15,85,40
3813,1,2,85,60,60
3815,1,6,70,30,50
3817,3,7,70,85,50
3818,3,4,15,0,85
3821,1,7,100,0,70
3822,2,1,30,85,60
3825,2,3,50,60,40
3826,3,3,40,60,70
3827,2,2,25,60,50
3828,1,7,98,15,15
3829,2,6,70,70,60
3832,3,4,60,40,0
3833,2,1,50,85,60
3835,1,2,85,70,50
3836,2,1,50,100,85
3837,1,2,100,50,100
3839,1,6,85,15,85
3840,3,3,0,40,40
3841,2,3,50,85,40
3842,1,4,70,50,70
3843,2,2,40,85,85
3844,2,1,50,85,60
3847,1,6,60,30,0
3848,3,4,40,30,50
3849,3,5,75,50,50
3851,2,1,50,70,50
3852,2,5,40,50,30
3855,2,1,40,70,30
3857,1,6,100,15,30
3858,1,6,85,50,40
3861,1,7,85,30,30
3862,3,5,15,15,60
3863,2,2,15,85,50
3864,2,3,70,60,70
3868,1,2,70,60,40
3869,1,5,70,40,85
3871,2,3,50,60,50
3873,2,1,40,60,0
3874,1,6,70,50,30
3875,2,2,0,85,50
3876,3,4,50,50,60
3878,3,3,50,15,50
3879,2,2,0,70,0
3881,2,1,40,85,0
3882,2,2,70,85,70
3883,2,2,0,85,70
3885,2,1,30,70,0
3886,1,7,85,0,40
3887,1,4,50,50,0
3888,2,1,30,70,50
3889,2,2,35,65,15
3891,2,1,25,50,25
3892,2,2,40,85,85
3893,2,1,70,85,60
3894,2,1,15,70,40
3895,2,1,30,70,30
3896,2,3,30,85,60
3897,2,2,40,95,80
3899,1,5,95,10,40
3900,2,2,40,90,70
3901,1,6,80,30,50
3902,1,7,70,15,15
3903,1,5,15,40,40
3904,2,3,60,85,30
3905,2,2,60,70,60
3906,2,4,20,60,80
3907,1,2,90,20,50
3908,2,1,70,85,15
3913,1,7,85,60,60
3916,3,4,40,60,85
3917,2,1,40,85,60
3919,1,5,70,30,60
3921,1,7,70,60,70
3923,3,5,60,30,70
3925,2,3,0,60,50
3926,1,6,85,15,60
3927,3,7,50,20,60
3928,3,6,70,30,85
3930,1,7,50,50,50
3932,2,2,15,70,60
3933,2,3,50,60,50
3934,1,5,85,30,85
3935,3,3,30,60,60
3936,2,3,30,60,30
3937,1,5,60,15,50
3938,2,4,70,70,50
3939,1,5,40,30,15
3940,3,7,60,30,70
3941,2,1,15,85,60
3942,1,2,85,70,60
3943,1,5,80,20,40
3944,3,6,60,70,85
3945,1,7,65,25,25
3946,1,7,70,70,40
3948,3,5,60,40,70
3950,2,1,50,70,50
3952,2,1,40,85,40
3954,2,1,50,70,60
3955,3,6,50,50,60
3956,1,7,70,70,50
3957,2,1,0,85,0
3959,1,5,85,40,50
3961,2,1,0,100,0
3962,2,2,40,70,50
3963,2,2,60,70,15
3964,1,6,65,45,30
3967,2,1,70,85,50
3969,1,7,70,60,50
3972,1,4,60,60,30
3973,1,6,85,30,60
3974,2,3,65,75,50
3976,1,3,60,60,30
3977,2,4,15,85,60
3978,2,2,15,60,70
3980,2,1,60,70,0
3982,2,4,0,60,85
3984,2,2,30,60,30
3986,2,3,0,70,60
3987,3,4,60,70,100
3988,2,3,0,70,50
3989,2,2,50,60,50
3990,3,2,0,85,70
3991,3,6,70,50,60
3992,3,7,70,50,85
3995,3,6,60,15,85
3996,2,1,0,70,30
3997,1,5,85,30,60
4001,2,3,50,85,50
4002,3,2,30,40,50
4003,3,3,0,50,85
4004,1,2,50,30,15
5001,1,5,70,40,60
5002,2,1,25,80,0
5003,1,7,70,30,40
5004,2,1,40,85,100
5006,2,3,60,70,50
5009,1,6,50,50,0
5012,3,6,70,70,70
5014,2,1,70,85,70
5016,2,1,50,70,15
5022,2,1,0,100,0
5023,3,1,30,60,100
5024,2,1,0,100,15
5025,2,3,40,60,70
5026,1,3,30,40,50
5028,1,5,70,40,50
5029,2,1,30,85,0
5034,3,2,85,60,70
5036,2,1,30,70,15
5038,3,2,15,70,50
5039,1,7,85,40,30
5041,2,3,50,85,0
5043,3,7,85,60,40
5046,3,2,70,60,85
5047,1,3,60,40,30
5048,1,7,70,30,30
5049,1,7,100,50,50
5051,2,5,40,85,60
5053,2,1,30,95,75
5054,1,6,100,15,15
5055,3,6,70,15,60
5056,1,7,100,0,15
5058,1,6,70,50,0
5060,2,3,0,70,60
5061,2,3,60,70,50
5062,2,2,60,30,40
5064,1,6,60,60,85
5066,2,3,50,60,50
5070,2,2,15,70,0
5071,3,2,50,60,70
5072,2,4,40,85,40
5073,2,6,70,85,85
5074,2,2,40,60,60
5076,3,2,0,60,85
5077,3,5,70,30,60
5078,2,4,15,85,40
5080,3,6,60,70,100
5082,2,2,25,60,50
5083,1,7,85,0,0
5085,1,7,85,30,50
5086,2,2,30,85,70
5087,2,1,15,100,0
5088,2,3,50,75,10
5090,1,5,70,50,40
5091,1,7,70,60,30
5095,2,1,0,85,30
5096,2,3,0,85,0
5097,1,5,60,40,20
5098,1,6,70,50,50
5100,1,6,70,40,40
5101,2,1,85,100,50
5103,3,6,60,15,85
5105,2,1,50,85,50
5106,1,6,70,50,50
5107,1,7,70,30,30
5108,3,6,60,65,70
5109,1,7,85,60,70
5110,2,3,30,85,70
5111,2,1,0,85,15
5113,2,2,15,85,0
5114,1,3,70,40,0
5115,2,2,50,60,0
5116,2,4,60,60,50
5118,3,3,70,100,50
5119,3,4,70,40,50
5121,2,1,60,60,30
5122,2,3,40,60,85
5124,2,2,40,70,15
5126,3,3,15,60,0
5127,1,7,60,15,70
5128,3,2,15,60,100
5129,3,2,60,0,40
5130,3,3,40,40,70
5131,1,6,100,40,40
5132,1,7,85,0,15
5133,1,5,70,50,60
5134,2,6,85,90,50
5135,3,6,60,40,50
5136,3,6,70,60,40
5137,2,4,40,70,50
5139,2,2,0,60,0
5141,2,3,50,70,50
5142,2,1,50,70,50
5143,2,2,60,85,70
5144,2,1,0,100,40
5145,2,1,50,85,50
5146,2,1,30,85,100
5148,2,2,15,60,15
5150,2,1,0,60,50
5151,1,6,40,15,0
5152,1,5,60,60,15
5153,3,2,60,60,30
5154,2,2,50,50,50
5155,1,4,40,30,0
5156,1,7,70,0,15
5157,1,6,85,0,0
5159,2,3,60,60,40
5162,2,1,30,100,15
5163,2,2,35,75,40
5164,3,6,60,40,60
5165,1,4,50,50,50
5166,2,4,50,70,50
5167,2,2,30,60,50
5168,1,5,40,50,50
5169,1,6,85,50,40
5170,3,6,60,40,40
5171,1,6,85,15,60
5172,2,1,30,60,30
5176,1,2,85,40,0
5177,2,1,0,85,60
5178,3,1,0,60,0
5179,2,1,50,85,60
5180,3,2,30,60,70
5182,2,1,60,60,50
5183,2,1,40,100,30
5185,1,6,70,50,30
5186,1,4,70,60,50
5187,3,1,0,100,60
5191,1,7,85,50,0
5192,2,2,50,75,65
5193,3,4,60,40,85
5201,2,2,85,70,100
5202,1,6,85,50,60
5207,1,7,85,40,60
5208,2,1,30,70,50
5209,2,4,15,85,50
5210,2,1,50,60,40
5211,2,2,50,75,25
5212,2,1,30,85,15
5214,2,1,0,85,0
5218,1,5,60,40,15
5220,2,2,80,90,80
5221,1,6,70,40,40
5224,2,2,50,85,40
5227,1,6,85,30,60
5229,1,7,100,0,15
5230,3,2,70,40,85
5231,3,5,30,50,85
5232,1,6,60,0,50
5233,2,2,40,60,50
5234,2,1,0,100,0
5235,3,7,85,50,70
5238,1,5,40,30,30
5239,2,4,70,70,40
5240,2,1,40,85,85
5242,2,1,0,85,50
5244,1,6,70,50,40
5247,2,3,40,60,50
5250,2,6,40,60,0
5251,3,5,65,60,40
5253,1,6,85,30,85
5257,1,7,85,0,15
5258,3,3,50,60,40
5259,1,6,70,70,40
5263,2,2,40,60,30
5265,3,6,60,50,70
5272,2,1,40,100,15
5273,3,3,70,85,70
5274,2,1,0,85,0
5275,1,6,90,40,65
5277,2,3,0,100,0
5278,1,6,100,60,60
5280,2,4,40,50,20
5282,1,5,50,50,70
5286,2,4,0,70,60
5287,3,5,70,30,85
5288,1,6,60,30,60
5292,3,3,30,60,30
5293,1,4,0,50,50
5294,2,1,30,85,30
5295,1,6,85,40,50
5296,3,5,50,50,70
5297,2,3,60,70,60
5298,2,3,15,60,15
5299,2,3,60,70,30
5300,1,6,90,10,10
5301,2,1,15,70,40
5302,1,7,85,30,50
5303,1,1,60,85,60
5305,2,2,40,60,70
5306,1,1,60,40,30
5307,1,6,60,60,60
5308,2,1,40,85,50
5309,2,1,15,85,60
5310,2,3,30,70,50
5311,2,1,25,65,50
5312,1,6,85,40,50
5314,1,5,85,50,50
5315,1,2,85,60,70
5316,3,2,15,50,60
5317,2,6,80,87,50
5318,2,1,70,85,50
5322,1,7,75,10,50
5326,1,6,80,50,60
5327,2,1,35,75,0
5328,2,2,70,60,0
5329,1,7,85,30,0
5330,1,6,70,40,15
5331,1,7,85,15,0
5332,2,2,60,60,15
5333,2,3,30,60,40
5335,2,1,40,60,50
5336,3,1,50,60,85
5337,3,2,15,15,50
5340,1,7,85,30,40
5343,1,4,60,40,40
5345,2,1,0,70,60
5346,2,1,70,85,50
5347,2,2,30,70,0
5348,2,4,15,50,0
5350,1,7,85,50,15
5351,1,7,70,0,15
5352,3,6,60,15,40
5354,3,4,0,15,85
5355,2,3,45,65,55
5356,2,1,15,85,0
5358,1,5,100,85,60
5359,2,4,40,45,60
5360,2,3,30,60,50
5362,2,6,40,60,0
5363,1,7,100,30,30
5364,1,7,85,40,30
5367,2,1,40,70,30
5369,1,7,85,30,15
5371,3,7,70,40,50
5372,1,7,100,30,0
5374,3,6,70,40,60
5375,3,5,50,40,60
5376,3,3,30,50,40
5377,2,1,40,85,0
5379,2,3,0,70,15
5380,2,3,40,60,0
5381,1,7,100,50,50
5384,2,1,0,85,15
5385,2,3,30,85,60
5386,3,4,50,0,100
5387,3,4,0,0,100
5388,2,1,40,85,40
5390,2,3,50,85,70
5391,2,7,85,70,60
5392,1,6,50,30,30
5393,1,7,85,30,0
5397,1,7,85,50,50
5398,3,1,50,60,70
5402,1,3,70,0,0
5403,2,1,60,85,50
5404,2,1,70,70,50
5405,2,3,50,85,30
5407,2,3,50,50,0
5408,2,1,0,100,15
5412,3,6,60,85,15
5413,2,1,0,100,0
5414,1,7,75,30,60
5415,3,7,60,15,60
5416,1,6,60,60,70
5418,1,4,70,70,70
5420,1,7,85,30,15
5422,1,6,40,15,0
5423,1,6,85,100,60
5425,2,1,0,90,40
5427,3,6,40,30,60
5431,2,1,50,70,60
5432,2,3,30,70,15
5433,1,2,85,70,50
5434,2,3,50,60,40
5436,1,5,70,40,50
5437,2,1,10,75,0
5438,1,7,85,15,50
5439,2,1,30,100,50
5441,1,7,85,30,60
5442,2,1,0,85,50
5443,2,1,15,85,30
5444,3,7,85,40,60
5445,3,5,75,40,75
5449,1,6,100,50,15
5450,1,6,70,60,50
5451,2,6,60,85,60
5453,2,6,70,40,60
5455,2,2,60,70,50
5456,1,5,100,40,50
5457,3,6,60,70,85
5459,3,3,70,15,60
5461,2,3,60,40,0
5462,1,2,70,60,15
5464,1,2,85,70,50
5466,3,3,15,60,30
5467,3,5,50,30,30
5469,2,5,70,40,80
5470,3,7,70,60,70
5471,2,1,60,85,50
5472,2,3,30,70,0
5473,1,5,85,60,60
5477,3,2,40,60,60
5478,2,2,40,70,30
5479,3,4,70,50,85
5480,1,6,80,30,50
5481,2,3,25,50,25
5484,2,1,30,100,85
5485,2,3,50,100,70
5486,2,1,70,85,50
5488,1,4,60,30,15
5490,1,7,85,15,50
5491,3,3,60,60,40
5492,2,4,40,85,70
5494,2,3,15,70,30
5495,2,5,30,60,50
5496,2,2,40,70,50
5498,3,5,70,15,70
5501,1,4,30,30,40
5503,1,3,70,60,60
5504,1,6,80,40,40
5507,1,5,70,60,50
5508,1,5,60,30,15
5509,1,7,100,0,0
5510,2,4,40,85,0
5511,2,1,30,85,0
5513,2,2,30,85,60
5514,2,4,50,60,15
5515,2,2,0,100,50
5516,1,7,100,60,60
5521,3,2,50,50,25
5522,2,1,0,85,50
5523,3,3,0,70,100
5526,2,2,40,60,50
5528,2,1,0,100,60
5529,1,5,85,30,70
5530,3,3,0,60,40
5531,1,7,70,0,70
5532,2,1,50,80,65
5533,1,5,70,55,55
5534,1,7,80,15,0
5535,1,7,70,15,50
5536,1,7,85,0,40
5538,2,1,15,100,85
5539,2,6,0,85,0
5540,1,2,50,50,15
5541,3,2,15,30,30
5542,2,3,30,60,30
5543,3,6,60,50,60
5545,1,5,70,30,85
5546,1,7,100,0,0
5548,1,6,70,35,40
5550,1,7,85,60,50
5552,1,6,90,30,10
5553,3,4,15,40,85
5554,1,5,70,40,15
5555,3,1,70,60,30
5556,2,1,0,100,50
5558,1,6,40,0,90
5559,1,7,90,0,0
5560,1,7,60,60,0
5562,1,5,70,50,50
5563,1,5,100,60,70
5564,1,5,60,30,50
5567,3,5,85,0,70
5568,2,2,0,60,0
5569,1,7,85,40,50
5570,2,3,0,70,40
5571,2,2,60,70,15
5572,1,6,85,15,50
5574,3,6,70,15,85
5575,3,6,60,15,15
5576,2,1,50,50,30
5578,1,3,60,30,30
5579,2,1,70,70,50
5580,1,2,70,50,50
5581,2,2,0,75,50
5583,2,3,0,100,50
5584,2,3,0,70,50
5586,2,2,40,85,0
5587,1,1,100,50,0
5588,3,6,50,50,70
5589,2,3,60,60,30
5590,3,5,70,30,85
5591,3,6,70,30,60
5594,2,1,15,85,70
5595,1,7,85,15,40
5596,1,5,75,10,50
5597,3,6,60,40,50
5598,1,6,60,50,60
5599,2,3,0,75,30
5602,2,4,15,60,50
5603,3,4,60,60,100
5604,1,6,85,5,5
5605,1,7,85,40,70
5606,1,5,70,40,15
5608,2,3,30,70,85
5609,2,1,30,60,50
5610,2,2,40,50,40
5611,3,3,20,30,60
5613,1,7,80,60,70
5615,1,6,85,15,50
5617,2,2,70,60,30
5620,1,7,100,25,20
5621,1,4,85,60,50
5624,1,7,100,0,60
5626,2,1,0,85,0
5627,2,2,15,85,60
5628,2,1,0,70,15
5630,1,6,50,40,15
5631,3,4,70,60,60
5632,2,3,60,70,60
5633,1,5,60,0,30
5636,2,2,60,85,50
5639,3,3,60,60,40
5640,2,3,60,50,0
5641,1,7,85,40,0
5643,1,6,70,60,60
5644,2,2,35,75,50
5645,2,1,30,70,50
5646,1,7,70,40,40
5647,2,3,50,70,30
5649,3,5,60,50,85
5650,2,1,40,60,50
5653,2,3,75,85,55
5654,2,3,15,85,60
5655,2,2,60,85,50
5656,1,2,70,70,60
5660,2,1,20,70,30
5661,1,5,70,60,50
5663,2,1,0,80,50
5664,2,6,70,85,60
5665,1,6,70,40,50
5666,3,4,85,70,30
5667,1,6,0,0,60
5668,1,7,85,50,0
5670,1,6,60,50,40
5674,2,6,60,85,50
5676,1,7,85,40,70
5677,1,3,50,20,20
5678,2,3,30,70,60
5683,3,1,40,70,70
5684,3,6,70,40,50
5685,3,4,50,50,80
5687,2,1,40,85,50
5691,2,4,30,60,50
5692,1,7,85,15,0
5693,2,4,50,85,70
5694,2,1,30,85,30
5695,3,3,0,70,85
5697,3,5,0,70,85
5698,2,3,50,70,50
5700,2,3,50,75,50
5701,2,3,70,70,60
5705,2,3,0,85,50
5706,2,1,0,70,0
5707,2,1,30,80,45
5709,1,6,70,50,50
5710,1,7,85,0,0
5711,1,5,60,0,0
5713,2,1,0,80,20
5715,2,2,40,70,50
5718,2,2,70,70,100
5721,2,2,30,60,60
5722,1,5,70,40,15
5725,2,4,15,40,0
5726,2,3,60,85,50
5727,2,2,60,80,20
5729,2,1,10,100,0
5730,2,1,70,85,60
5734,3,4,85,70,85
5736,2,3,70,30,50
5737,2,2,50,85,15
5739,1,4,70,60,30
5741,3,5,70,50,100
5742,2,4,30,70,70
5743,3,3,50,70,85
5744,2,1,50,60,50
5745,2,2,40,70,15
5747,3,2,70,60,40
5748,3,5,60,40,60
5751,2,1,0,30,15
5753,1,5,85,0,0
5754,2,1,0,60,85
5755,2,1,15,60,15
5757,3,6,50,50,50
5758,3,6,50,50,60
5760,3,4,60,30,60
5762,1,5,60,60,60
5763,2,2,60,85,50
5764,1,7,70,15,50
5765,1,7,85,15,0
5767,2,1,15,70,30
5768,2,5,40,60,30
5772,2,1,50,100,50
5773,2,3,5,45,10
5774,1,7,70,30,15
5775,2,2,30,60,50
5776,2,1,50,60,30
5778,1,5,70,40,85
5779,2,1,15,70,15
5781,2,1,60,60,40
5782,1,6,70,50,0
5783,2,1,30,60,50
5786,2,1,8,100,10
5788,3,2,50,60,50
5790,2,2,40,85,50
5793,3,7,65,0,85
5795,2,3,30,60,50
5796,2,2,15,60,30
5798,2,1,15,85,0
5799,2,1,40,85,70
5801,2,1,40,85,0
5802,1,7,60,40,50
5804,2,1,50,65,85
5806,2,2,30,85,30
5807,3,5,60,50,100
5808,1,7,85,0,0
5809,2,4,40,50,50
5813,2,1,0,100,70
5814,1,6,85,40,50
5815,3,2,60,70,60
5817,1,7,100,40,85
5818,3,3,75,50,75
5819,2,3,5,85,75
5820,2,1,50,100,70
5823,1,7,50,25,40
5824,3,2,30,30,15
5826,1,5,85,60,100
5827,2,2,70,80,40
5828,2,2,60,85,85
5829,2,1,50,100,50
5830,2,2,40,60,30
5833,2,2,30,60,20
5836,2,1,40,95,70
5838,2,5,30,80,95
5839,3,4,15,60,70
5840,3,3,50,50,85
5843,1,7,85,60,50
5845,1,7,85,40,30
5846,1,1,85,30,70
5847,2,1,50,60,50
5850,2,2,40,70,50
5851,2,3,30,70,50
5852,3,5,50,60,50
5853,1,7,85,30,50
5854,2,3,5,65,40
5857,2,2,40,80,50
5858,2,1,70,80,75
5862,2,2,40,85,50
5863,3,6,50,50,75
5864,3,4,0,30,50
5865,2,3,50,60,60
5867,3,3,70,60,70
5868,2,1,15,85,85
5871,1,5,80,50,75
5873,3,4,0,85,100
5874,2,1,15,80,70
5875,2,1,15,90,5
5876,2,2,80,70,70
5877,2,2,40,40,100
5878,2,3,50,50,0
5880,2,6,60,50,60
5882,1,6,100,15,50
5884,2,1,50,70,60
5886,2,1,30,85,30
5887,1,7,85,15,30
5889,1,7,100,30,70
5892,2,1,40,98,30
5893,2,3,40,100,70
5894,3,6,70,0,70
5896,3,4,60,60,70
5897,2,3,40,70,60
5898,2,1,0,100,50
5899,2,2,25,50,25
5900,2,2,70,85,70
5901,2,1,0,85,40
5902,2,1,10,55,45
5904,1,7,85,30,0
5905,2,5,70,70,60
5906,3,2,40,60,85
5907,2,3,40,70,70
5909,1,4,70,40,15
5913,2,4,50,50,50
5914,2,5,15,85,70
5916,2,2,50,50,0
5919,1,7,70,0,0
5920,1,7,85,50,30
5921,2,1,0,100,15
5922,3,3,40,60,15
5924,3,2,50,70,50
5925,1,7,70,0,60
5926,2,1,60,100,15
5927,1,5,80,20,30
5928,2,1,50,85,15
5929,2,3,50,85,60
5931,2,1,25,85,50
5933,2,1,30,60,60
5935,1,2,85,30,50
5936,1,6,75,70,70
5937,3,6,50,50,50
5938,3,6,70,60,60
5939,2,1,40,85,60
5941,2,2,30,85,85
5944,1,7,80,40,70
5945,1,6,90,50,10
5946,3,4,0,70,70
5949,1,6,85,65,50
5950,2,2,50,85,65
5951,2,1,40,70,50
5952,1,5,70,0,50
5953,1,6,60,55,55
5954,1,5,70,15,30
5956,1,6,70,40,50
5957,2,1,35,80,50
5958,2,2,40,70,60
5959,2,3,15,70,40
5962,2,1,60,85,40
5963,3,2,70,40,60
5964,1,6,85,15,0
5967,1,3,60,0,0
5968,2,1,25,80,65
5969,2,2,25,75,15
5970,2,1,40,70,60
5973,1,3,70,60,55
5976,3,1,40,40,85
5979,1,2,70,60,50
5981,1,5,85,40,50
5982,2,2,0,70,50
5983,1,3,85,50,60
5984,3,1,15,70,85
5987,1,7,90,20,30
5989,1,4,70,60,30
5990,1,7,80,1,60
5991,1,6,70,30,40
5993,1,6,85,60,70
5994,2,7,60,70,60
5999,2,1,15,60,100
6000,2,3,40,70,50
6002,2,1,0,100,15
6003,2,2,0,85,15
6007,3,4,30,40,50
6008,2,2,30,70,50
6009,1,6,45,20,45
6010,1,7,100,50,40
6011,3,2,85,85,75
6012,2,1,0,100,15
6013,1,7,70,30,50
6014,2,3,15,85,0
6015,2,1,15,80,20
6016,1,5,60,0,0
6017,1,6,70,50,40
6018,2,1,0,85,70
6021,2,3,40,70,70
6024,1,7,70,30,15
6025,2,1,15,85,0
6028,2,4,60,60,60
6030,3,5,40,30,60
6032,3,5,60,30,60
6033,2,1,0,100,0
6034,2,1,85,85,0
6035,3,6,40,60,70
6036,3,6,40,20,95
6037,3,1,50,50,60
6039,1,7,85,15,60
6040,2,6,50,50,0
6044,1,5,85,40,50
6045,1,7,100,0,0
6048,1,2,70,40,0
6049,2,5,60,60,50
6051,3,4,15,70,60
6052,1,5,40,50,60
6053,2,3,40,50,85
6055,2,2,85,40,0
6056,1,7,85,50,40
6058,3,5,75,75,60
6060,2,2,65,75,70
6061,1,5,60,40,15
6063,2,2,60,60,40
6064,1,7,85,15,50
6066,2,3,30,80,60
6067,3,3,60,80,90
6070,2,3,85,30,60
6071,2,3,60,85,70
6072,3,6,70,60,50
6075,3,3,60,60,30
6076,2,1,0,70,15
6077,1,7,100,0,40
6078,2,5,40,40,40
6079,2,3,30,70,60
6080,2,4,0,60,85
6081,2,2,40,85,50
6082,3,6,70,60,50
6083,1,6,85,70,40
6086,3,3,60,60,50
6087,2,2,60,70,50
6088,2,1,60,70,60
6089,2,1,30,85,15
6090,3,5,85,30,40
6094,1,5,70,60,0
6096,2,2,50,85,85
6097,2,3,70,85,70
6100,3,3,70,85,60
6103,1,7,90,40,25
6104,3,2,30,60,100
6105,1,6,70,40,40
6106,3,6,50,50,55
6107,1,2,70,40,15
6109,1,3,50,50,85
6110,3,5,40,45,50
6111,2,1,15,70,85
6112,1,6,70,40,60
6113,2,2,50,70,50
6116,2,3,50,60,0
6117,1,4,100,40,40
6118,1,6,85,60,30
6119,3,2,70,60,0
6120,2,4,30,60,0
6121,2,3,0,85,60
6122,2,1,15,85,40
6123,2,3,0,70,60
6125,2,1,70,70,0
6126,3,3,50,50,70
6130,1,7,62,53,50
6131,1,6,90,20,0
6132,2,1,60,60,50
6134,2,1,15,100,30
6135,2,1,0,50,0
6138,3,2,55,60,60
6139,2,3,40,70,40
6141,1,5,40,10,30
6143,3,6,70,50,50
6144,3,5,30,70,85
6145,3,5,60,40,50
6146,1,5,60,15,85
6148,3,6,60,0,85
6149,2,2,0,100,15
6156,2,1,60,100,50
6159,2,1,50,100,50
6160,3,2,60,30,15
6162,3,5,70,60,70
6165,2,3,40,60,15
6166,1,1,60,50,60
6167,1,6,75,50,60
6168,1,6,70,60,0
6169,1,2,85,0,0
6170,2,1,50,70,50
6171,2,2,60,70,50
6172,3,2,60,85,70
6175,2,3,15,60,30
6176,2,2,40,70,30
6178,2,4,30,70,40
6180,1,3,60,40,0
6181,2,3,40,70,15
6182,3,4,60,60,60
6183,3,2,40,60,50
6184,2,4,50,60,0
6185,1,7,85,30,40
6186,2,2,0,15,10
6187,2,2,40,70,85
6188,2,1,15,70,60
6189,1,6,60,50,15
6190,1,7,70,30,60
6191,2,1,30,85,15
6192,1,5,100,40,40
6194,2,3,30,60,50
6195,1,6,70,40,30
6196,2,1,20,75,75
6197,3,7,60,40,85
6198,2,6,70,70,70
6199,3,7,15,50,30
6200,1,2,70,50,40
6202,1,5,85,50,70
6203,3,4,60,0,85
6204,3,5,60,65,75
6205,3,6,70,50,60
6206,2,1,40,40,40
6208,2,1,0,85,40
6209,2,1,30,70,15
6211,3,2,60,70,50
6213,1,7,85,15,0
6215,3,4,35,15,75
6216,3,7,70,50,85
6217,2,1,0,100,50
6219,2,3,0,40,40
6220,2,1,30,60,50
6222,2,2,40,60,0
6223,1,5,75,0,0
6225,3,6,70,30,60
6226,2,1,65,100,20
6227,3,5,70,40,85
6228,2,1,50,80,50
6229,2,1,50,60,60
6230,2,1,40,95,70
6231,3,5,70,40,70
6232,3,4,15,0,100
6233,2,1,30,60,0
6235,1,7,100,50,70
6241,2,1,60,85,15
6242,2,3,40,60,85
6243,2,2,0,60,0
6245,1,6,100,0,50
6246,2,5,60,55,0
6247,2,1,0,85,50
6250,2,1,30,60,40
6251,1,6,70,30,60
