country,year,ue,inf,cbi,cwagebrg,GDP_PC,open,uden,lcab,wagexcbi,HasLCAB
1,1955,4.3,1.8,.750044,0,9.182249000000001,.066238,.2964,0,0,1
1,1956,4,3.1,.750044,0,9.181118,.073487,.2931,0,0,1
1,1957,4.1,3.3,.750044,0,9.173988,.076048,.291,0,0,1
1,1958,6.6,1.8,.750044,0,9.145268,.068139,.2699,0,0,1
1,1959,5.3,2.1,.750044,0,9.194108999999999,.06761,.2646,0,0,1
1,1960,5.3,1.5,.750044,0,9.199785,.070134,.2596,0,0,1
1,1961,6.4,1,.750044,0,9.204926,.067962,.2532,0,0,1
1,1962,5.3,1.9,.750044,0,9.245514,.067836,.275,0,0,1
1,1963,5.5,1.5,.750044,0,9.272563999999999,.068093,.2762,0,0,1
1,1964,5,1.7,.750044,0,9.312175,.071014,.2781,0,0,1
1,1965,4.4,2,.750044,0,9.362976,.071057,.282,0,0,1
1,1966,3.6,3.5,.750044,0,9.406236,.074266,.2845,0,0,1
1,1967,3.7,2.9,.750044,0,9.418817000000001,.07338,.2845,0,0,1
1,1968,3.5,5,.750044,0,9.451167,.078152,.2835,0,0,1
1,1969,3.4,5.1,.750044,0,9.47078,.079031,.2783,0,0,1
1,1970,4.8,5.3,.750044,0,9.469854,.084173,.2809,0,0,1
1,1971,5.8,5.3,.750044,0,9.490468999999999,.083781,.2714,0,0,1
1,1972,5.5,4.4,.750044,0,9.528575999999999,.089566,.2688,0,0,1
1,1973,4.8,5.5,.750044,0,9.573524000000001,.106754,.2694,0,0,1
1,1974,5.5,9,.750044,0,9.552369000000001,.144247,.2651,0,0,1
1,1975,8.300000000000001,9.199999999999999,.750044,0,9.523835999999999,.135497,.2598,0,0,1
1,1976,7.6,5.9,.750044,0,9.565985,.141074,.252,0,0,1
1,1977,6.9,5.7,.750044,0,9.604542,.143657,.2391,0,0,1
1,1978,6,7.4,.750044,0,9.644717,.148651,.2329,0,0,1
1,1979,5.8,8.5,.750044,0,9.657394999999999,.164178,.2299,0,0,1
1,1980,7,9.6,.750044,0,9.635281000000001,.178188,.2149,0,0,1
1,1981,7.5,8.9,.750044,0,9.648724,.168966,.208,0,0,1
1,1982,9.5,6.9,.750044,0,9.608915,.149646,.1945,0,0,1
1,1983,9.5,3.3,.750044,0,9.634954,.139648,.1831,0,0,1
1,1984,7.4,3.7,.750044,0,9.696156,.150995,.1673,0,0,1
1,1985,7.1,3.2,.750044,0,9.715349,.141451,.1608,0,0,1
1,1986,6.9,2.7,.750044,0,9.731987,.142776,.1571,0,0,1
1,1987,6.1,3.3,.750044,0,9.751849999999999,.149467,.154,0,0,1
1,1988,5.4,3.4,.750044,0,9.781885000000001,.159572,.1527,0,0,1
1,1989,5.2,5,.750044,0,9.803391,.163163,.1495,0,0,1
1,1990,5.5,4.2,.750044,0,9.801123,.164894,.148872,0,0,1
2,1955,2.7,1.6,.409401,.75,7.627057,.192832,.3559,0,.30705076,1
2,1956,2.5,5,.409401,.75,7.690743,.218956,.3412,0,.30705076,1
2,1957,2,6.3,.409401,.75,7.753624,.236876,.3354,0,.30705076,1
2,1958,2.1,-1.7,.409401,.75,7.798113,.184261,.3305,0,.30705076,1
2,1959,2.2,2.9,.409401,.75,7.874359,.19257,.3244,0,.30705076,1
2,1960,1.7,6,.409401,.75,7.990915,.192192,.3298,0,.30705076,1
2,1961,1.5,7.9,.409401,.75,8.117013999999999,.187051,.345,0,.30705076,1
2,1962,1.3,3.6,.409401,.75,8.175829,.17313,.3538,0,.30705076,1
2,1963,1.3,4.5,.409401,.75,8.265136,.17473,.3426,0,.30705076,1
2,1964,1.2,4.4,.409401,.75,8.376321000000001,.178058,.3479,0,.30705076,1
2,1965,1.3,5.1,.409401,.75,8.409831000000001,.182042,.346,0,.30705076,1
2,1966,1.4,5,.409401,.75,8.501875999999999,.182028,.3401,0,.30705076,1
2,1967,1.3,5.8,.409401,.75,8.597296999999999,.177908,.3372,0,.30705076,1
2,1968,1.2,5.2,.409401,.75,8.712102,.176423,.3387,0,.30705076,1
2,1969,1.1,4.8,.409401,.75,8.805825,.179402,.3455,0,.30705076,1
2,1970,1.1,7.3,.409401,.75,8.896587999999999,.187484,.3449,0,.30705076,1
2,1971,1.2,5.2,.409401,.75,8.923990999999999,.189626,.3393,0,.30705076,1
2,1972,1.4,5.2,.409401,.75,8.989568999999999,.17355,.336,0,.30705076,1
2,1973,1.3,11.9,.409401,.75,9.052398999999999,.181648,.3285,0,.30705076,1
2,1974,1.4,20.6,.409401,.75,9.023408,.255408,.3359,0,.30705076,1
2,1975,1.9,7.8,.409401,.75,9.033723,.227524,.3361,0,.30705076,1
2,1976,2,6.4,.409401,.75,9.068546,.235086,.3275,0,.30705076,1
2,1977,2,5.7,.409401,.75,9.104535,.219694,.3206,0,.30705076,1
2,1978,2.2,4.6,.409401,.75,9.142061999999999,.182257,.3156,0,.30705076,1
2,1979,2.1,2.6,.409401,.75,9.185638000000001,.211138,.3083,0,.30705076,1
2,1980,2,2.8,.409401,.75,9.217515000000001,.25555,.3028,0,.30705076,1
2,1981,2.2,2.7,.409401,.75,9.247636,.251714,.2996,0,.30705076,1
2,1982,2.4,1.8,.409401,.75,9.271906,.247926,.2958,0,.30705076,1
2,1983,2.6,.4,.409401,.75,9.291091,.230421,.2869,0,.30705076,1
2,1984,2.7,1.2,.409401,.75,9.327234000000001,.241713,.2816,0,.30705076,1
2,1985,2.6,1.5,.409401,.75,9.373393999999999,.227936,.2779,0,.30705076,1
2,1986,2.8,1.8,.409401,.75,9.392329,.169876,.2715,0,.30705076,1
2,1987,2.8,-.2,.409401,.75,9.427868,.158011,.2667,0,.30705076,1
2,1988,2.5,.4,.409401,.75,9.484633000000001,.155979,.2605,0,.30705076,1
2,1989,2.3,1.5,.409401,.75,9.525589,.168613,.2536,0,.30705076,1
2,1990,2.1,1.5,.409401,.75,9.570180000000001,.177396,.247976,0,.30705076,1
3,1955,4.3,2.1,.931438,.75,8.543445999999999,.2776,.3657,0,.69857848,1
3,1956,3.5,3,.931438,.75,8.592115,.296843,.3597,0,.69857848,1
3,1957,2.9,3.1,.931438,.75,8.631949000000001,.313632,.3619,0,.69857848,1
3,1958,3,3.4,.931438,.75,8.656781000000001,.298616,.3631,0,.69857848,1
3,1959,2,1.4,.931438,.75,8.721113000000001,.307588,.3659,0,.69857848,1
3,1960,1.1,2.5,.931438,.75,8.790269,.299537,.3584,0,.69857848,1
3,1961,.6,4.3,.931438,.75,8.827175,.287428,.347,0,.69857848,1
3,1962,.6,4.1,.931438,.75,8.856946000000001,.284035,.344,0,.69857848,1
3,1963,.4,2.8,.931438,.75,8.872066999999999,.2892,.3393,0,.69857848,1
3,1964,.4,3,.931438,.75,8.930626,.294526,.3368,0,.69857848,1
3,1965,.3,3.5,.931438,.75,8.976136,.309451,.3352,0,.69857848,1
3,1966,.2,3.6,.931438,.75,8.987447,.314011,.3317,0,.69857848,1
3,1967,1.3,1.3,.931438,.75,8.976514999999999,.318022,.331,.45,.69857848,1
3,1968,1.5,1.8,.931438,.75,9.034677,.33889,.3286,.45,.69857848,1
3,1969,.9,4.2,.931438,.75,9.102086999999999,.354322,.3261,.508333,.69857848,1
3,1970,.8,7.6,.931438,.75,9.151121,.347831,.3295,.8,.69857848,1
3,1971,.9,7.8,.931438,.75,9.167954999999999,.341598,.3295,.8,.69857848,1
3,1972,.8,5.4,.931438,.75,9.200896,.337456,.3305,.8,.69857848,1
3,1973,.8,6.5,.931438,.75,9.241353999999999,.353014,.3307,.722222,.69857848,1
3,1974,1.6,6.8,.931438,.75,9.231221,.417024,.3391,.738426,.69857848,1
3,1975,3.6,6.1,.931438,.75,9.219696000000001,.395383,.3393,.75,.69857848,1
3,1976,3.7,3.5,.931438,.75,9.279120000000001,.427318,.345,.75,.69857848,1
3,1977,3.6,3.6,.931438,.75,9.308555,.425659,.3467,.75,.69857848,1
3,1978,3.5,4.1,.931438,.75,9.339173000000001,.411826,.3499,.75,.69857848,1
3,1979,3.2,4,.931438,.75,9.383117,.436841,.3472,.75,.69857848,1
3,1980,3,4.3,.931438,.75,9.385973,.470263,.3433,.751225,.69857848,1
3,1981,4.4,4.2,.931438,.75,9.376363,.498912,.3403,.764706,.69857848,1
3,1982,6.1,4.7,.931438,.75,9.364433999999999,.5067739999999999,.3307,.637255,.69857848,1
3,1983,8,3.3,.931438,.75,9.388989,.493354,.3252,0,.69857848,1
3,1984,7.1,2,.931438,.75,9.417517,.5272520000000001,.3198,0,.69857848,1
3,1985,7.2,1.7,.931438,.75,9.43628,.548146,.3208,0,.69857848,1
3,1986,6.4,3.1,.931438,.75,9.460243,.487629,.3145,0,.69857848,1
3,1987,6.2,2.1,.931438,.75,9.474011000000001,.470581,.3106,0,.69857848,1
3,1988,6.2,1.5,.931438,.75,9.50718,.480976,.3085,0,.69857848,1
3,1989,5.6,2.5,.931438,.75,9.535100999999999,.51606,.3077,0,.69857848,1
3,1990,5,3.4,.931438,.75,9.570878,.500864,.306631,0,.69857848,1
4,1955,2.1,2.1,.436667,.25,8.470102000000001,.198371,.2032,0,.10916675,1
4,1956,1.6,4.9,.436667,.25,8.533657,.188565,.1994,.545455,.10916675,1
4,1957,1.2,6,.436667,.25,8.572817000000001,.19543,.1801,.455206,.10916675,1
4,1958,1.4,11.8,.436667,.25,8.588210999999999,.184307,.1893,.211111,.10916675,1
4,1959,1.9,6.3,.436667,.25,8.611958,.19799,.1936,0,.10916675,1
4,1960,1.8,3.5,.442917,.25,8.669570999999999,.218941,.1958,0,.11072925,1
4,1961,1.5,3.4,.442917,.25,8.713911,.212238,.1971,0,.11072925,1
4,1962,1.4,4.7,.442917,.25,8.76421,.202151,.1981,0,.11072925,1
4,1963,1.3,6.4,.442917,.25,8.802522,.206653,.1974,0,.11072925,1
4,1964,1.4,4.1,.442917,.25,8.860499000000001,.211095,.1953,0,.11072925,1
4,1965,1.5,2.7,.442917,.25,8.896177,.209942,.1977,0,.11072925,1
4,1966,1.8,2.9,.442917,.25,8.941807000000001,.215457,.1967,0,.11072925,1
4,1967,1.9,3.2,.442917,.25,8.980423999999999,.20948,.1956,0,.11072925,1
4,1968,2.6,4.2,.442917,.25,9.015298,.216291,.2157,0,.11072925,1
4,1969,2.3,6.6,.442917,.25,9.078863999999999,.241003,.2182,0,.11072925,1
4,1970,2.5,5.6,.442917,.25,9.126958999999999,.260594,.2155,0,.11072925,1
4,1971,2.7,5.8,.442917,.25,9.163038999999999,.263973,.2146,0,.11072925,1
4,1972,2.8,6.2,.419292,.25,9.193906,.272878,.2138,0,.104823,1
4,1973,2.7,7.8,.419292,.25,9.241451,.291835,.2145,0,.104823,1
4,1974,2.8,11.1,.419292,.25,9.260082000000001,.365521,.2127,0,.104823,1
4,1975,4,13.4,.419292,.25,9.239608,.312267,.2161,0,.104823,1
4,1976,4.4,9.9,.419292,.25,9.282754000000001,.341854,.2115,0,.104823,1
4,1977,4.9,9,.419292,.25,9.310457,.347054,.2057,0,.104823,1
4,1978,5.2,9.5,.419292,.25,9.335561999999999,.332717,.1955,0,.104823,1
4,1979,5.9,10.4,.419292,.25,9.364262,.355747,.1856,0,.104823,1
4,1980,6.3,12.2,.419292,.25,9.372119,.377643,.1756,0,.104823,1
4,1981,7.3,11.8,.419292,.25,9.371268000000001,.389127,.1743,.573292,.104823,1
4,1982,8.1,12.6,.419292,.25,9.390159000000001,.385169,.1645,.985294,.104823,1
4,1983,8.300000000000001,9.5,.419292,.25,9.387314,.381777,.1582,.987395,.104823,1
4,1984,9.699999999999999,7.2,.419292,.25,9.395491,.403619,.154,.987974,.104823,1
4,1985,10.2,5.9,.419292,.25,9.409682999999999,.398886,.1443,.987805,.104823,1
4,1986,10.4,5.1,.419292,.25,9.434044,.347076,.1322,.621951,.104823,1
4,1987,10.5,2.9,.419292,.25,9.452816,.344551,.121,.5,.104823,1
4,1988,10,3.2,.419292,.25,9.492432000000001,.359328,.1117,.670732,.104823,1
4,1989,9.4,3.2,.419292,.25,9.520909,.385243,.1015,.846154,.104823,1
4,1990,8.9,3.4,.419292,.25,9.539932,.376493,.09691,.846154,.104823,1
5,1955,7,3.3,.365104,.25,8.182839,.190333,.3804,.190476,.091275997,1
5,1956,8.6,4,.365104,.25,8.217439000000001,.202744,.3425,.190476,.091275997,1
5,1957,7.2,2,.365104,.25,8.252185000000001,.220909,.277,.077922,.091275997,1
5,1958,6.3,2.4,.365104,.25,8.286773,.191587,.2546,.079365,.091275997,1
5,1959,5.7,-.3,.365104,.25,8.344267,.1962,.2333,.031746,.091275997,1
5,1960,4.4,2.1,.365104,.25,8.425955,.22569,.2305,0,.091275997,1
5,1961,3.8,2.8,.365104,.25,8.500861,.227829,.2347,0,.091275997,1
5,1962,3.3,5.8,.365104,.25,8.557950999999999,.231379,.2424,.104167,.091275997,1
5,1963,2.9,8.5,.365104,.25,8.61214,.238042,.2449,.0625,.091275997,1
5,1964,3.2,6.5,.365104,.25,8.626765000000001,.226923,.2478,.346154,.091275997,1
5,1965,4.2,4.2,.365104,.25,8.646641000000001,.232992,.2336,.346154,.091275997,1
5,1966,4.4,2.2,.365104,.25,8.701014000000001,.245118,.2303,.346154,.091275997,1
5,1967,4,2.8,.365104,.25,8.766862,.248051,.2318,.346154,.091275997,1
5,1968,4.2,1.7,.365104,.25,8.821142,.252846,.2802,.173077,.091275997,1
5,1969,4.2,4.1,.365104,.25,8.878219,.270555,.2951,.222222,.091275997,1
5,1970,3.8,6.9,.365104,.25,8.931684000000001,.262083,.3337,.262346,.091275997,1
5,1971,3.9,7.2,.365104,.25,8.936298000000001,.263904,.3597,.37037,.091275997,1
5,1972,4.5,6.3,.365104,.25,8.952992999999999,.27713,.3738,.157882,.091275997,1
5,1973,4.4,11.6,.365104,.25,9.020994,.301923,.3885,.255858,.091275997,1
5,1974,3.7,18.5,.365104,.25,9.067508999999999,.380851,.4216,.342617,.091275997,1
5,1975,4,17.5,.365104,.25,9.021839999999999,.346797,.4357,0,.091275997,1
5,1976,4.6,18,.365104,.25,9.083529,.388222,.4527,0,.091275997,1
5,1977,4.9,19.1,.365104,.25,9.106756000000001,.384319,.4442,0,.091275997,1
5,1978,4.9,13.9,.365104,.25,9.136048000000001,.376225,.4497,0,.091275997,1
5,1979,5.2,15.9,.365104,.25,9.193296,.401953,.4412,.141304,.091275997,1
5,1980,5.2,20.7,.365104,.25,9.24213,.394852,.4413,.259699,.091275997,1
5,1981,5.8,18.3,.365104,.25,9.238441999999999,.418728,.4252,.363757,.091275997,1
5,1982,6.4,17.9,.365104,.25,9.236203,.398822,.4093,.363095,.091275997,1
5,1983,7,15.3,.365104,.25,9.239608,.365769,.3935,.32567,.091275997,1
5,1984,7,10.2,.365104,.25,9.264923,.386201,.3875,.310345,.091275997,1
5,1985,7.1,8.800000000000001,.365104,.25,9.288042000000001,.386113,.3623,.310345,.091275997,1
5,1986,7.5,7.6,.365104,.25,9.316051,.325826,.3441,.310345,.091275997,1
5,1987,7.9,6.1,.365104,.25,9.346182000000001,.317945,.3377,.256226,.091275997,1
5,1988,7.9,5.9,.365104,.25,9.385805,.317271,.3384,.372222,.091275997,1
5,1989,7.8,5.5,.365104,.25,9.413036,.337493,.3353,.372222,.091275997,1
5,1990,7.2,6.9,.365104,.25,9.432523,.32109,.333696,.372222,.091275997,1
6,1955,1.4,4.2,.399973,0,8.732143000000001,.357927,.4073,0,0,1
6,1956,1.5,6.4,.399973,0,8.740497,.346846,.4031,0,0,1
6,1957,1.9,3.7,.399973,0,8.755421999999999,.348677,.4037,0,0,1
6,1958,2.8,4,.399973,0,8.754319000000001,.316193,.3963,0,0,1
6,1959,2.9,1.3,.399973,0,8.790725999999999,.315613,.3946,0,0,1
6,1960,2.2,1,.448583,0,8.828055000000001,.326149,.397,0,0,1
6,1961,1.9,3.3,.448583,0,8.849513999999999,.309916,.3955,0,0,1
6,1962,2.9,3.7,.448583,0,8.850517999999999,.301631,.3937,0,0,1
6,1963,3.5,2,.448583,0,8.884887000000001,.306211,.4027,0,0,1
6,1964,2.6,3.7,.448583,0,8.932345,.308074,.4059,.166667,0,1
6,1965,2.2,5.1,.448583,0,8.946244999999999,.29667,.4063,1,0,1
6,1966,2.2,4.6,.448583,0,8.960468000000001,.292572,.401,1,0,1
6,1967,3.1,3,.448583,0,8.983815999999999,.289183,.4023,1,0,1
6,1968,3.1,4.1,.448583,0,9.017968,.327368,.4046,1,0,1
6,1969,2.9,5.4,.448583,0,9.025696,.332322,.4166,1,0,1
6,1970,3,7.3,.448583,0,9.052165,.332413,.4465,.5,0,1
6,1971,3.8,9.4,.448583,0,9.065892,.326736,.4483,0,0,1
6,1972,4.2,8.300000000000001,.415083,0,9.101641000000001,.319749,.4557,0,0,1
6,1973,3.1,7.1,.415083,0,9.170038999999999,.374495,.4532,0,0,1
6,1974,3.1,14.9,.415083,0,9.149634000000001,.470403,.4635,.75,0,1
6,1975,4.5,27.2,.415083,0,9.139059,.412404,.4758,1,0,1
6,1976,5.7,14.9,.415083,0,9.164192,.449988,.4779,1,0,1
6,1977,6.1,13.9,.415083,0,9.186968999999999,.467249,.4926,1,0,1
6,1978,5.9,11.1,.415083,0,9.223553000000001,.444508,.4999,1,0,1
6,1979,5,14.5,.415083,0,9.253208000000001,.441741,.5009,.416667,0,1
6,1980,6.4,19.8,.415083,0,9.226902000000001,.419079,.4861,0,0,1
6,1981,9.800000000000001,11.7,.415083,0,9.212039000000001,.400765,.4586,0,0,1
6,1982,11.3,7.1,.415083,0,9.231807999999999,.403297,.441,0,0,1
6,1983,12.5,4.9,.415083,0,9.270965,.416426,.4298,0,0,1
6,1984,11.7,4.2,.415083,0,9.295783999999999,.458662,.4168,0,0,1
6,1985,11.2,6,.415083,0,9.326967,.457321,.4047,0,0,1
6,1986,11.1,3.5,.415083,0,9.369564,.413585,.3939,0,0,1
6,1987,10.2,4.8,.415083,0,9.415971000000001,.410683,.3935,0,0,1
6,1988,8.300000000000001,6.6,.415083,0,9.470317,.399266,.3829,0,0,1
6,1989,6.9,6.8,.415083,0,9.491073,.41761,.383353,0,0,1
6,1990,6.5,5.8,.415083,0,9.489259000000001,.416929,.383795,0,0,1
7,1955,4,.6,.614141,0,8.850517999999999,.322598,.2897,0,0,1
7,1956,3.2,3.6,.614141,0,8.913954,.336991,.2947,0,0,1
7,1957,4.3,2.2,.614141,0,8.90123,.320975,.2877,0,0,1
7,1958,6.5,1.4,.614141,0,8.881003,.295937,.2913,0,0,1
7,1959,5.5,2,.614141,0,8.896177,.297571,.2856,0,0,1
7,1960,6.3,1.2,.614141,0,8.889860000000001,.29237,.2759,0,0,1
7,1961,6.5,1.8,.614141,0,8.890273000000001,.301272,.2691,0,0,1
7,1962,5.4,1.7,.614141,0,8.936560999999999,.299415,.2597,0,0,1
7,1963,5,1.7,.614141,0,8.971575,.299077,.2513,0,0,1
7,1964,4.3,2.9,.614141,0,9.017241,.319065,.2509,0,0,1
7,1965,3.6,3.2,.614141,0,9.066932,.320393,.2557,0,0,1
7,1966,3.3,4.6,.614141,0,9.115259999999999,.335766,.2651,0,0,1
7,1967,3.8,3.7,.614141,0,9.130323000000001,.340805,.2829,0,0,1
7,1968,4.4,3.3,.614141,0,9.167642000000001,.363511,.2861,0,0,1
7,1969,4.4,4.7,.614141,0,9.207837,.367903,.286,0,0,1
7,1970,5.6,4.6,.614141,0,9.222664,.364172,.2905,0,0,1
7,1971,6.1,2,.614141,0,9.268515000000001,.36163,.2865,0,0,1
7,1972,6.2,5.5,.614141,0,9.31695,.375384,.2962,0,0,1
7,1973,5.5,9.1,.614141,0,9.380421,.401609,.3105,0,0,1
7,1974,5.3,15.3,.614141,0,9.411238000000001,.442016,.312,0,0,1
7,1975,6.9,11.4,.614141,0,9.416297,.416159,.3172,0,0,1
7,1976,7.1,8.699999999999999,.614141,0,9.467228,.402592,.3282,0,0,1
7,1977,8,7.7,.614141,0,9.486758999999999,.418097,.3305,0,0,1
7,1978,8.300000000000001,6.7,.614141,0,9.520102,.447699,.3326,0,0,1
7,1979,7.4,10.6,.614141,0,9.554921999999999,.487515,.3278,0,0,1
7,1980,7.5,11.1,.614141,0,9.556267999999999,.491652,.323,0,0,1
7,1981,7.5,10.4,.614141,0,9.58569,.480601,.3222,0,0,1
7,1982,10.9,10,.614141,0,9.528067,.426282,.3331,0,0,1
7,1983,11.8,4.8,.614141,0,9.554285,.430001,.3239,0,0,1
7,1984,11.2,3.4,.614141,0,9.612734,.489524,.3269,0,0,1
7,1985,10.4,3.2,.614141,0,9.654320999999999,.490343,.3226,0,0,1
7,1986,9.5,2.5,.614141,0,9.682155,.483086,.3216,0,0,1
7,1987,8.800000000000001,4.3,.614141,0,9.717278,.458316,.3193,0,0,1
7,1988,7.7,4.2,.614141,0,9.756031,.466802,.3179,0,0,1
7,1989,7.5,4.7,.614141,0,9.771326999999999,.439668,.32,0,0,1
7,1990,8.1,3.4,.614141,0,9.751094,.437259,.320058,0,0,1
8,1955,2.9,3.1,.669444,1,8.265136,.384674,.5839,.444444,.66944402,1
8,1956,2.8,4.1,.669444,1,8.300528999999999,.397609,.5788,.449495,.66944402,1
8,1957,2.6,4.3,.669444,1,8.356555,.415322,.5715,.454545,.66944402,1
8,1958,2.8,.5,.669444,1,8.393668999999999,.376827,.5707,.454545,.66944402,1
8,1959,2.5,3.6,.669444,1,8.426174,.3754,.5705,.508207,.66944402,1
8,1960,1.9,3.1,.6379860000000001,1,8.545392,.403809,.5738,.583333,.637986,1
8,1961,1.5,4.9,.6379860000000001,1,8.59193,.386427,.5644,.583333,.637986,1
8,1962,1.5,3.7,.6379860000000001,1,8.609043,.38065,.5645,.583333,.637986,1
8,1963,1.7,3.5,.6379860000000001,1,8.646114000000001,.376421,.5606,.554924,.637986,1
8,1964,1.6,3.2,.6379860000000001,1,8.695841,.379339,.5683,.545455,.637986,1
8,1965,1.6,5.6,.6379860000000001,1,8.723231,.39032,.5643,.545455,.637986,1
8,1966,1.5,3.2,.6379860000000001,1,8.769818000000001,.388425,.5628,.181818,.637986,1
8,1967,1.6,3.2,.6379860000000001,1,8.794219,.374912,.5553,0,.637986,1
8,1968,1.6,2.8,.6379860000000001,1,8.831566,.380062,.6014,0,.637986,1
8,1969,1.6,2.7,.6379860000000001,1,8.876545,.406516,.6073,0,.637986,1
8,1970,1.1,4.7,.6379860000000001,1,8.923990999999999,.443038,.6098,.666667,.637986,1
8,1971,1,6.2,.6379860000000001,1,8.968396,.437243,.6025,1,.637986,1
8,1972,1,7.6,.6379860000000001,1,9.022323,.438538,.595,1,.637986,1
8,1973,.9,8,.6379860000000001,1,9.067508999999999,.441297,.594,1,.637986,1
8,1974,1.1,9.5,.6379860000000001,1,9.102086999999999,.487599,.5643,1,.637986,1
8,1975,1.5,6.5,.6379860000000001,1,9.097842999999999,.448499,.5717,1,.637986,1
8,1976,1.5,5.6,.6379860000000001,1,9.144307,.494198,.5736,1,.637986,1
8,1977,1.4,5.3,.6379860000000001,1,9.188299000000001,.498144,.5692,1,.637986,1
8,1978,1.7,5.3,.6379860000000001,1,9.18533,.484388,.5565,1,.637986,1
8,1979,1.7,4.1,.6379860000000001,1,9.231807999999999,.518361,.5475,1,.637986,1
8,1980,1.5,5.1,.6379860000000001,1,9.259987000000001,.544903,.5497,1,.637986,1
8,1981,2.1,6.3,.6379860000000001,1,9.250234000000001,.555188,.5416,1,.637986,1
8,1982,3.1,6.2,.6379860000000001,1,9.257605999999999,.528814,.5106000000000001,1,.637986,1
8,1983,3.7,3.7,.6379860000000001,1,9.280612,.520712,.5049,.883333,.637986,1
8,1984,3.8,5,.6379860000000001,1,9.294406,.553412,.4924,.8,.637986,1
8,1985,3.6,3,.6379860000000001,1,9.317489,.5821229999999999,.4888,.8,.637986,1
8,1986,3.1,4.1,.6379860000000001,1,9.329278,.527546,.4814,.80625,.637986,1
8,1987,3.8,2.6,.6379860000000001,1,9.346792000000001,.50917,.4676,.526042,.637986,1
8,1988,3.6,1.5,.6379860000000001,1,9.384798,.532852,.4619,.5,.637986,1
8,1989,3.2,2.7,.6379860000000001,1,9.41906,.564292,.4552,.5,.637986,1
8,1990,3.3,3.5,.6379860000000001,1,9.448962999999999,.567535,.447808,.5,.637986,1
9,1955,4.1,1.5,.407917,.5,8.520587000000001,.624834,.4414,.5625,.2039585,1
9,1956,3,3.3,.407917,.5,8.54364,.672917,.4411,.5625,.2039585,1
9,1957,2.4,4.1,.407917,.5,8.560252999999999,.651277,.4482,.5625,.2039585,1
9,1958,3.5,1,.407917,.5,8.53464,.603119,.4616,.28125,.2039585,1
9,1959,4.2,.4,.407917,.5,8.560827,.636347,.4692,0,.2039585,1
9,1960,3.4,.8,.407917,.5,8.611594,.688121,.3907,0,.2039585,1
9,1961,2.6,1.3,.407917,.5,8.657303000000001,.6795,.3847,.3,.2039585,1
9,1962,2.2,1.7,.407917,.5,8.701513,.692068,.3723,.45,.2039585,1
9,1963,1.8,3,.407917,.5,8.733110999999999,.721274,.3911,.45,.2039585,1
9,1964,1.6,4.6,.407917,.5,8.791638000000001,.745796,.3882,.45,.2039585,1
9,1965,1.8,5.1,.407917,.5,8.81715,.765796,.3909,.429167,.2039585,1
9,1966,2,4.2,.407917,.5,8.840870000000001,.774254,.3951,.1,.2039585,1
9,1967,2.6,3.1,.407917,.5,8.871926,.740619,.401,0,.2039585,1
9,1968,3.1,2.7,.407917,.5,8.907071,.798073,.4069,.232143,.2039585,1
9,1969,2.3,4,.407917,.5,8.965462,.873675,.4092,.464286,.2039585,1
9,1970,2.1,4.6,.407917,.5,9.027739,.898205,.4132,.464286,.2039585,1
9,1971,2.1,5.7,.407917,.5,9.05649,.891084,.4333,.464286,.2039585,1
9,1972,2.7,6.2,.410417,.5,9.100191000000001,.887699,.462,.497024,.2052085,1
9,1973,2.7,7.2,.410417,.5,9.157467,.968687,.4758,.390873,.2052085,1
9,1974,3,12.6,.410417,.5,9.197355999999999,1.081062,.4907,.126984,.2052085,1
9,1975,5,12.1,.410417,.5,9.17295,.945871,.5217000000000001,0,.2052085,1
9,1976,6.4,7.5,.410417,.5,9.225820000000001,1.000949,.5383,0,.2052085,1
9,1977,7.4,7.5,.410417,.5,9.230535,.980927,.5485,.204545,.2052085,1
9,1978,7.9,4.4,.410417,.5,9.255792,.960203,.547,.409091,.2052085,1
9,1979,8.199999999999999,4.5,.410417,.5,9.276033999999999,1.055314,.5543,.414141,.2052085,1
9,1980,8.800000000000001,3.8,.410417,.5,9.315511000000001,1.156534,.5581,.427083,.2052085,1
9,1981,10.8,4.9,.410417,.5,9.289982999999999,1.22194,.5588,.5,.2052085,1
9,1982,12.6,7.1,.410417,.5,9.304377000000001,1.29766,.5538,0,.2052085,1
9,1983,12.1,5.9,.410417,.5,9.303102000000001,1.326916,.5438,0,.2052085,1
9,1984,12.1,5,.410417,.5,9.326878000000001,1.395872,.5446,0,.2052085,1
9,1985,11.3,5.5,.410417,.5,9.33123,1.36796,.5496,0,.2052085,1
9,1986,11.2,5,.410417,.5,9.346705,1.229313,.5411,0,.2052085,1
9,1987,11,1.9,.410417,.5,9.369649000000001,1.192435,.5433,0,.2052085,1
9,1988,9.699999999999999,1.2,.410417,.5,9.418898,1.217811,.5412,.276316,.2052085,1
9,1989,8.1,2.8,.410417,.5,9.457513000000001,1.29758,.5479000000000001,.48,.2052085,1
9,1990,7.6,4.4,.410417,.5,9.490392999999999,1.240041,.549297,.48,.2052085,1
10,1955,4.4,4.8,.529979,.75,8.600431,.534325,.581916,1,.39748424,1
10,1956,4.9,4.8,.529979,.75,8.623174000000001,.541586,.587326,1,.39748424,1
10,1957,4.6,1.8,.529979,.75,8.660081,.53152,.589374,.759804,.39748424,1
10,1958,4.2,1.6,.529979,.75,8.669570999999999,.52656,.59175,.588235,.39748424,1
10,1959,3,3.8,.529979,.75,8.756368,.543937,.600183,.588235,.39748424,1
10,1960,2.4,1.8,.529979,.75,8.818778,.558775,.601,.596507,.39748424,1
10,1961,2.1,4.3,.529979,.75,8.873748000000001,.516601,.6152,.6875,.39748424,1
10,1962,2.1,6.6,.529979,.75,8.924257000000001,.510486,.583,.692096,.39748424,1
10,1963,2.3,5.8,.529979,.75,8.909776000000001,.513444,.5889,.705882,.39748424,1
10,1964,1.9,4.6,.529979,.75,9.002947000000001,.526274,.5946,.779412,.39748424,1
10,1965,1.7,7.4,.529979,.75,9.040264000000001,.509613,.6114000000000001,1,.39748424,1
10,1966,1.9,6.8,.529979,.75,9.055089000000001,.488161,.6112,1,.39748424,1
10,1967,1.7,6,.529979,.75,9.080004000000001,.466993,.6022999999999999,1,.39748424,1
10,1968,1.7,7.2,.529979,.75,9.108418,.466854,.6109,.166667,.39748424,1
10,1969,1.7,6.8,.529979,.75,9.168996999999999,.477521,.621,0,.39748424,1
10,1970,1.3,8.1,.529979,.75,9.176784,.490936,.6016,0,.39748424,1
10,1971,1.6,7.9,.529979,.75,9.196241000000001,.4691,.6178,.166667,.39748424,1
10,1972,1.6,9,.529979,.75,9.244161999999999,.438792,.6159,1,.39748424,1
10,1973,1,10.4,.529979,.75,9.269835,.488826,.6185,1,.39748424,1
10,1974,2.3,12.8,.529979,.75,9.25225,.554747,.636,0,.39748424,1
10,1975,5.3,12.8,.529979,.75,9.233665999999999,.507337,.6819,.833333,.39748424,1
10,1976,5.3,9,.529979,.75,9.298443000000001,.517691,.7067,1,.39748424,1
10,1977,6.4,8.699999999999999,.529979,.75,9.309913999999999,.501518,.7181999999999999,1,.39748424,1
10,1978,7.3,9.5,.529979,.75,9.318028,.471156,.7522,.888889,.39748424,1
10,1979,6.2,7.6,.529979,.75,9.348710000000001,.502041,.7655999999999999,.722222,.39748424,1
10,1980,7,8.199999999999999,.529979,.75,9.336268,.543748,.7634,1,.39748424,1
10,1981,9.199999999999999,10.1,.529979,.75,9.319464,.586005,.769,1,.39748424,1
10,1982,9.800000000000001,10.6,.529979,.75,9.352361,.574969,.7716,.75,.39748424,1
10,1983,10.4,8.199999999999999,.529979,.75,9.378225,.576931,.7758,0,.39748424,1
10,1984,10.1,5.2,.529979,.75,9.426983,.59643,.7882,0,.39748424,1
10,1985,9,5.3,.529979,.75,9.470317,.603382,.785,0,.39748424,1
10,1986,7.8,4.7,.529979,.75,9.508516999999999,.534819,.7883,0,.39748424,1
10,1987,7.8,5.1,.529979,.75,9.50666,.498677,.7653,0,.39748424,1
10,1988,8.6,4.9,.529979,.75,9.515689999999999,.492075,.7437,0,.39748424,1
10,1989,9.300000000000001,4,.529979,.75,9.522447,.521852,.747153,0,.39748424,1
10,1990,9.6,3.3,.529979,.75,9.540291,.519617,.750542,0,.39748424,1
11,1955,.5,2.9,.492917,.75,8.416931,.359278,.242716,.269231,.36968774,1
11,1956,.7,9,.492917,.75,8.433812,.345966,.259067,.228022,.36968774,1
11,1957,1.8,7.4,.492917,.75,8.431417,.366057,.275686,.089286,.36968774,1
11,1958,3.1,7.8,.492917,.75,8.415603000000001,.37166,.292527,.122222,.36968774,1
11,1959,2.2,1.3,.492917,.75,8.482395,.379616,.309547,.013889,.36968774,1
11,1960,1.5,2.2,.492917,.75,8.573763,.405494,.3267,0,.36968774,1
11,1961,1.2,5.3,.492917,.75,8.643649999999999,.384858,.3232,0,.36968774,1
11,1962,1.3,4,.492917,.75,8.655737,.379502,.3615,0,.36968774,1
11,1963,1.5,5.1,.492917,.75,8.670601,.353349,.3821,0,.36968774,1
11,1964,1.5,7.2,.492917,.75,8.723394000000001,.371553,.3785,.375,.36968774,1
11,1965,1.4,5,.492917,.75,8.781708999999999,.36917,.3804,0,.36968774,1
11,1966,1.5,4.7,.492917,.75,8.794219,.362207,.4041,.194444,.36968774,1
11,1967,2.9,7.4,.492917,.75,8.803424,.352011,.4252,.333333,.36968774,1
11,1968,3.8,12.1,.492917,.75,8.815963999999999,.377499,.4394,.317708,.36968774,1
11,1969,2.8,4.2,.492917,.75,8.910856000000001,.4111,.4739,.3125,.36968774,1
11,1970,1.9,3.8,.492917,.75,9.000607,.45388,.5193,.261581,.36968774,1
11,1971,2.2,7.6,.492917,.75,9.014811999999999,.430501,.5683,.221078,.36968774,1
11,1972,2.5,8.4,.492917,.75,9.076923000000001,.430097,.6168,.375,.36968774,1
11,1973,2.3,14.1,.492917,.75,9.13777,.436556,.6188,.233333,.36968774,1
11,1974,1.7,22.5,.492917,.75,9.170976,.514858,.6425,.233333,.36968774,1
11,1975,2.2,14.5,.492917,.75,9.170455,.467743,.6592,.234801,.36968774,1
11,1976,3.8,12.5,.492917,.75,9.151757,.454913,.6802,.210938,.36968774,1
11,1977,5.8,10.1,.492917,.75,9.147081,.479487,.6788,.145833,.36968774,1
11,1978,7.2,7.7,.492917,.75,9.159573,.474693,.6825,.25,.36968774,1
11,1979,5.9,8.4,.492917,.75,9.236203,.529453,.6938,.25,.36968774,1
11,1980,4.6,9.300000000000001,.492917,.75,9.292013000000001,.580264,.7035,.25,.36968774,1
11,1981,4.8,11.4,.492917,.75,9.296792999999999,.561142,.7002,.25,.36968774,1
11,1982,5.3,8.699999999999999,.492917,.75,9.326166000000001,.524558,.6932,.708333,.36968774,1
11,1983,5.4,8.6,.492917,.75,9.348100000000001,.5201210000000001,.6964,.741422,.36968774,1
11,1984,5.2,8.9,.492917,.75,9.371268000000001,.51086,.6976,.735294,.36968774,1
11,1985,5,5.1,.492917,.75,9.396903,.498525,.6899999999999999,.735294,.36968774,1
11,1986,5.3,4.6,.492917,.75,9.414179000000001,.451647,.6973,.735294,.36968774,1
11,1987,5,5.2,.492917,.75,9.451717,.448496,.703,.72658,.36968774,1
11,1988,4.5,6.3,.492917,.75,9.501291999999999,.413169,.7178,.722222,.36968774,1
11,1989,3.4,5.8,.492917,.75,9.562897,.420197,.7194,.722222,.36968774,1
11,1990,3.4,6.5,.492917,.75,9.551017999999999,.396651,.727604,.722222,.36968774,1
13,1955,4.6,2.3,.461979,0,8.033982999999999,.6021069999999999,.5329930000000001,.307692,0,1
13,1956,5.3,2.8,.461979,0,8.008366000000001,.549245,.5329970000000001,.307692,0,1
13,1957,6.7,3.7,.461979,0,7.995644,.574317,.533008,.076923,0,1
13,1958,6.4,5.8,.461979,0,7.990915,.581514,.533031,0,0,1
13,1959,6.1,2.6,.461979,0,8.05484,.565296,.533069,0,0,1
13,1960,5.6,.1,.461979,0,8.105005999999999,.599683,.533123,0,0,1
13,1961,5.1,2.8,.461979,0,8.154500000000001,.649265,.533184,0,0,1
13,1962,4.9,4.4,.461979,0,8.192847,.609239,.5332249999999999,0,0,1
13,1963,5,2.6,.461979,0,8.234565,.634513,.533186,0,0,1
13,1964,4.7,9.199999999999999,.461979,0,8.275631000000001,.603774,.532965,0,0,1
13,1965,4.6,4.4,.461979,0,8.29405,.618144,.5324140000000001,0,0,1
13,1966,4.7,4.3,.461979,0,8.295299,.611188,.5313560000000001,0,0,1
13,1967,5,3.9,.461979,0,8.333750999999999,.6133150000000001,.529658,0,0,1
13,1968,5.3,4.3,.461979,0,8.414052,.660643,.527379,0,0,1
13,1969,5,8.9,.461979,0,8.478868,.668567,.525037,0,0,1
13,1970,5.8,8.9,.461979,0,8.520189,.704935,.524,0,0,1
13,1971,5.5,10.6,.461979,0,8.542861,.698165,.527,0,0,1
13,1972,6.2,13.5,.461979,0,8.592485999999999,.664879,.53,0,0,1
13,1973,5.7,15.3,.461979,0,8.629629,.735141,.535,.25,0,1
13,1974,5.3,6.1,.461979,0,8.650149000000001,.923638,.543,.333333,0,1
13,1975,7.3,22.4,.461979,0,8.666646999999999,.831039,.53,.333333,0,1
13,1976,9,21,.461979,0,8.671801,.9026650000000001,.529,.333333,0,1
13,1977,8.800000000000001,13.3,.461979,0,8.741616,.983553,.537,.194444,0,1
13,1978,8.199999999999999,10.5,.461979,0,8.801017999999999,.988042,.551,0,0,1
13,1979,7.1,13.9,.461979,0,8.824825000000001,1.049741,.5590000000000001,0,0,1
13,1980,7.3,14.5,.461979,0,8.828055000000001,1.015159,.551,0,0,1
13,1981,9.9,18,.461979,0,8.851520000000001,.999701,.533,.133333,0,1
13,1982,11.4,15.6,.461979,0,8.858369,.934644,.515,.066667,0,1
13,1983,14,10.4,.461979,0,8.840291000000001,.959426,.504,.266667,0,1
13,1984,15.5,7.7,.461979,0,8.870944,1.075713,.491,.266667,0,1
13,1985,17.4,5,.461979,0,8.892199,1.066893,.462,.266667,0,1
13,1986,17.4,7.3,.461979,0,8.8871,.913328,.436557,.266667,0,1
13,1987,17.5,2.6,.461979,0,8.92811,.943203,.413257,.066667,0,1
13,1988,16.7,2.2,.461979,0,8.974491,.991276,.391182,0,0,1
13,1989,15.6,3.5,.461979,0,9.050641000000001,1.057558,.36974,0,0,1
13,1990,14,3.6,.461979,0,9.134969999999999,.98595,.348558,0,0,1
14,1955,1.4,4.5,.564036,.5,8.575272999999999,.87596,.3894,.357143,.28201801,1
14,1956,1,3.9,.564036,.5,8.624252,.910281,.4021,.361722,.28201801,1
14,1957,1.3,5.7,.564036,.5,8.634798,.922565,.3913,.384615,.28201801,1
14,1958,2.4,1.8,.564036,.5,8.587092,.863048,.387,.384615,.28201801,1
14,1959,1.9,2,.564036,.5,8.627840000000001,.893797,.3861,0,.28201801,1
14,1960,1.2,2.7,.564036,.5,8.712266,.905766,.3909,0,.28201801,1
14,1961,.9,2.4,.564036,.5,8.736329,.911448,.3872,0,.28201801,1
14,1962,.8,3.5,.564036,.5,8.764366000000001,.886597,.3997,0,.28201801,1
14,1963,.8,4.7,.564036,.5,8.791334000000001,.899593,.3994,0,.28201801,1
14,1964,.7,8.699999999999999,.564036,.5,8.870241999999999,.9010049999999999,.3861,0,.28201801,1
14,1965,.8,6.1,.564036,.5,8.908695,.868614,.3842,.238095,.28201801,1
14,1966,1.1,6,.564036,.5,8.926385,.849106,.3904,.327381,.28201801,1
14,1967,2.1,4.2,.564036,.5,8.968650999999999,.8149999999999999,.3885,0,.28201801,1
14,1968,2,4.2,.564036,.5,9.024131000000001,.826325,.3842,0,.28201801,1
14,1969,1.3,6.4,.564036,.5,9.076695000000001,.867306,.3732,0,.28201801,1
14,1970,1.3,5.6,.564036,.5,9.126849999999999,.867459,.3752,0,.28201801,1
14,1971,1.7,8.5,.564036,.5,9.155462,.865414,.3731,.052083,.28201801,1
14,1972,2.9,9.4,.564036,.5,9.178127,.828471,.3575,.125,.28201801,1
14,1973,2.9,8.4,.564036,.5,9.21672,.885301,.3541,.416667,.28201801,1
14,1974,3.6,9.300000000000001,.564036,.5,9.247154,1.024565,.3504,.625,.28201801,1
14,1975,5.2,11.2,.564036,.5,9.235521,.927359,.361,.625,.28201801,1
14,1976,5.5,8.9,.564036,.5,9.277998999999999,.972096,.3532,.625,.28201801,1
14,1977,5.3,6.3,.564036,.5,9.296702,.919211,.3537,.625,.28201801,1
14,1978,5.3,5.2,.564036,.5,9.315421000000001,.86396,.3515,0,.28201801,1
14,1979,5.4,4.2,.564036,.5,9.331318,.956832,.3481,0,.28201801,1
14,1980,6,5.7,.564036,.5,9.331141000000001,1.02341,.3282,0,.28201801,1
14,1981,8.5,5.5,.564036,.5,9.312806999999999,1.088623,.3023,.05,.28201801,1
14,1982,11.4,6,.564036,.5,9.293670000000001,1.070775,.2852,0,.28201801,1
14,1983,12,1.8,.564036,.5,9.304104000000001,1.062171,.2709,0,.28201801,1
14,1984,11.8,1.8,.564036,.5,9.331495,1.15348,.259,0,.28201801,1
14,1985,10.6,1.7,.564036,.5,9.353488,1.17267,.2519,0,.28201801,1
14,1986,9.9,.7,.564036,.5,9.375601,.873516,.2478,0,.28201801,1
14,1987,9.6,-1,.564036,.5,9.380758,.846255,.2271,0,.28201801,1
14,1988,9.199999999999999,1.6,.564036,.5,9.399886,.874676,.2249,0,.28201801,1
14,1989,8.300000000000001,1.3,.564036,.5,9.440738,.927442,.2282,.475728,.28201801,1
14,1990,7.2,3.2,.564036,.5,9.474933,.908172,.21944,.5,.28201801,1
15,1955,1.7,4.5,.224567,1,8.530504000000001,.507043,.4955,1,.224567,1
15,1956,2,7.5,.224567,1,8.550435,.516023,.5787,1,.224567,1
15,1957,2.1,3.5,.224567,1,8.578099999999999,.511795,.5800999999999999,1,.224567,1
15,1958,3.4,.8,.224567,1,8.583543000000001,.502362,.5855,1,.224567,1
15,1959,3.3,.8,.224567,1,8.602637,.492183,.5803,1,.224567,1
15,1960,2.4,1,.224567,1,8.632306,.506261,.5766,1,.224567,1
15,1961,1.8,2.6,.224567,1,8.67488,.504576,.5821,1,.224567,1
15,1962,2.1,4.8,.224567,1,8.712431,.484732,.5788,1,.224567,1
15,1963,2.5,3.4,.224567,1,8.758412,.496089,.5793,.916667,.224567,1
15,1964,2.2,4.7,.224567,1,8.803274,.510209,.5750999999999999,1,.224567,1
15,1965,1.8,4.8,.224567,1,8.846496999999999,.516139,.5731000000000001,.833333,.224567,1
15,1966,1.6,4,.224567,1,8.88364,.519278,.5664,0,.224567,1
15,1967,1.5,3,.224567,1,8.932741,.53665,.5600000000000001,0,.224567,1
15,1968,2.1,4.4,.224567,1,8.942983999999999,.5203449999999999,.5581,0,.224567,1
15,1969,2,4.2,.224567,1,8.982184,.529415,.5562,0,.224567,1
15,1970,1.6,12.8,.224567,1,8.991438,.550726,.5556,0,.224567,1
15,1971,1.5,6.7,.224567,1,9.026538,.524262,.52955,.75,.224567,1
15,1972,1.7,5,.234948,1,9.076352,.512478,.5034999999999999,.833333,.23494799,1
15,1973,1.5,9.199999999999999,.234948,1,9.112728000000001,.564381,.5103,.166667,.23494799,1
15,1974,1.5,10.3,.234948,1,9.154933,.626594,.5247000000000001,1,.23494799,1
15,1975,2.3,10,.234948,1,9.187379,.594936,.5147,1,.23494799,1
15,1976,1.8,7.5,.234948,1,9.25225,.608418,.5006,1,.23494799,1
15,1977,1.5,8.300000000000001,.234948,1,9.280612,.604824,.5097,1,.23494799,1
15,1978,1.8,6.4,.234948,1,9.324115000000001,.550277,.5147,1,.23494799,1
15,1979,2,6.6,.234948,1,9.368967,.577643,.5282,1,.23494799,1
15,1980,1.6,14.6,.234948,1,9.404343000000001,.61491,.5574,1,.23494799,1
15,1981,2,14,.234948,1,9.409682999999999,.591916,.5516,.833333,.23494799,1
15,1982,2.6,10.2,.234948,1,9.407304,.587912,.5505,0,.23494799,1
15,1983,3.4,6.1,.234948,1,9.450459,.57137,.5407999999999999,0,.23494799,1
15,1984,3.1,6.4,.234948,1,9.50666,.590345,.5458,0,.23494799,1
15,1985,2.6,5.2,.234948,1,9.557046,.606349,.541,0,.23494799,1
15,1986,2,-1.4,.234948,1,9.594446,.552634,.5414,.75,.23494799,1
15,1987,2.1,6,.234948,1,9.603192999999999,.528218,.5318000000000001,1,.23494799,1
15,1988,3.2,2.9,.234948,1,9.593832000000001,.464777,.5308,1,.23494799,1
15,1989,4.9,2,.234948,1,9.590828999999999,.513704,.5384,.791667,.23494799,1
15,1990,5.3,4.7,.234948,1,9.609251,.5284489999999999,.540192,.236111,.23494799,1
18,1955,1.7,4,.302917,1,8.798455000000001,.379107,.6862,1,.302917,1
18,1956,1.3,5.6,.302917,1,8.820995,.389229,.6869,1,.302917,1
18,1957,1.6,4.3,.302917,1,8.841882,.400729,.6881,1,.302917,1
18,1958,2.2,3.2,.302917,1,8.857799999999999,.370146,.6934,1,.302917,1
18,1959,1.8,1.1,.302917,1,8.904358999999999,.36086,.6954,1,.302917,1
18,1960,1.3,4.9,.302917,1,8.934850000000001,.391935,.7008,1,.302917,1
18,1961,1.1,2.9,.302917,1,8.981807,.373765,.6225000000000001,1,.302917,1
18,1962,1.1,4,.302917,1,9.015905999999999,.367183,.6325,1,.302917,1
18,1963,1.4,1.9,.302917,1,9.059634000000001,.374904,.6418,1,.302917,1
18,1964,1.2,4.4,.302917,1,9.120305999999999,.383805,.6492,1,.302917,1
18,1965,1,6,.302917,1,9.148678,.386763,.6492,1,.302917,1
18,1966,1.3,6.6,.302917,1,9.157572,.376377,.6428,1,.302917,1
18,1967,1.7,5,.302917,1,9.182249000000001,.361483,.6539,1,.302917,1
18,1968,1.8,2.4,.302917,1,9.211739,.370797,.6572,1,.302917,1
18,1969,1.5,3.4,.302917,1,9.251386,.394597,.6661,1,.302917,1
18,1970,1.2,6,.302917,1,9.284148,.414568,.6618000000000001,1,.302917,1
18,1971,2.1,7.1,.302917,1,9.28387,.399613,.6766,1,.302917,1
18,1972,2.2,7,.302917,1,9.302281000000001,.39442,.6885,1,.302917,1
18,1973,2,7,.302917,1,9.338118,.443914,.7016,1,.302917,1
18,1974,1.6,9.5,.302917,1,9.367088000000001,.563636,.7175,1,.302917,1
18,1975,1.3,14.5,.302917,1,9.389156,.480076,.7285,1,.302917,1
18,1976,1.3,11.9,.302917,1,9.394410000000001,.486464,.7382,.833333,.302917,1
18,1977,1.5,10.5,.302917,1,9.367857000000001,.475374,.7599,0,.302917,1
18,1978,1.8,9.6,.302917,1,9.376871,.462982,.7706,0,.302917,1
18,1979,1.7,7.9,.302917,1,9.414179000000001,.521667,.7732,0,.302917,1
18,1980,1.6,11.7,.302917,1,9.429957999999999,.515042,.7801,0,.302917,1
18,1981,2.1,9.5,.302917,1,9.423029,.502524,.7841,0,.302917,1
18,1982,2.6,8.699999999999999,.302917,1,9.431482000000001,.53981,.7891,.166667,.302917,1
18,1983,2.9,9.699999999999999,.302917,1,9.447939,.578832,.798,1,.302917,1
18,1984,2.6,7.7,.302917,1,9.487821,.580862,.8086,1,.302917,1
18,1985,2.4,6.8,.302917,1,9.506809000000001,.582863,.8126,1,.302917,1
18,1986,2.2,7.1,.302917,1,9.526973999999999,.5252869999999999,.8241000000000001,1,.302917,1
18,1987,1.9,5.3,.302917,1,9.555914,.526298,.846,1,.302917,1
18,1988,1.6,6.6,.302917,1,9.575538999999999,.523509,.8384,1,.302917,1
18,1989,1.4,8,.302917,1,9.594309000000001,.5255880000000001,.8289,1,.302917,1
18,1990,1.6,10.5,.302917,1,9.599812,.485646,.833195,1,.302917,1
19,1955,1,1,.8412500000000001,.75,8.999866000000001,.442022,.3891,0,.63093752,1
19,1956,1.1,.8,.8412500000000001,.75,9.052398999999999,.471024,.3898,0,.63093752,1
19,1957,.7,2.3,.8412500000000001,.75,9.068546,.487492,.3812,0,.63093752,1
19,1958,1.2,5.1,.8412500000000001,.75,9.014811999999999,.437,.3818,0,.63093752,1
19,1959,.8,-.1,.8412500000000001,.75,9.082848,.457118,.3706,.047619,.63093752,1
19,1960,.4,2.8,.8412500000000001,.75,9.149422,.475374,.3697,.285714,.63093752,1
19,1961,.2,4.1,.8412500000000001,.75,9.218011000000001,.487286,.3611,.285714,.63093752,1
19,1962,.2,5.8,.8412500000000001,.75,9.242032999999999,.484249,.3523,.285714,.63093752,1
19,1963,.2,4.8,.8412500000000001,.75,9.267004,.476238,.346,.285714,.63093752,1
19,1964,0,5.3,.8412500000000001,.75,9.303739999999999,.475405,.3419,.285714,.63093752,1
19,1965,0,3.8,.8412500000000001,.75,9.319195000000001,.472742,.3381,.285714,.63093752,1
19,1966,0,4.8,.8412500000000001,.75,9.333176999999999,.477187,.3339,.285714,.63093752,1
19,1967,0,4.4,.8412500000000001,.75,9.351753,.468054,.3235,.285714,.63093752,1
19,1968,0,3.1,.8412500000000001,.75,9.373989,.489667,.3174,.285714,.63093752,1
19,1969,0,2.6,.8412500000000001,.75,9.418654999999999,.525098,.3129,.285714,.63093752,1
19,1970,0,4.7,.8412500000000001,.75,9.468233,.551422,.2887,.285714,.63093752,1
19,1971,0,9.199999999999999,.8412500000000001,.75,9.498146999999999,.517282,.2908,.285714,.63093752,1
19,1972,0,9.800000000000001,.8412500000000001,.75,9.517752,.500823,.2877,.285714,.63093752,1
19,1973,0,8.1,.8412500000000001,.75,9.540004,.511276,.2856,.285714,.63093752,1
19,1974,0,6.9,.8412500000000001,.75,9.553292000000001,.554798,.2885,.285714,.63093752,1
19,1975,.9,7.1,.8412500000000001,.75,9.472011999999999,.482803,.3207,.285714,.63093752,1
19,1976,1.8,2.7,.8412500000000001,.75,9.460710000000001,.5203449999999999,.3343,.285714,.63093752,1
19,1977,1.2,.3,.8412500000000001,.75,9.485621,.582599,.3279,.285714,.63093752,1
19,1978,.9,3.6,.8412500000000001,.75,9.486682999999999,.554245,.3227,.285714,.63093752,1
19,1979,.9,2,.8412500000000001,.75,9.513033999999999,.585609,.3166,.285714,.63093752,1
19,1980,.6,2.7,.851563,.75,9.568085,.649019,.3113,.285714,.63867223,1
19,1981,.6,6.9,.851563,.75,9.57408,.611201,.3043,.285714,.63867223,1
19,1982,1.2,7.3,.851563,.75,9.557187000000001,.565316,.3014,.285714,.63867223,1
19,1983,2.4,3.3,.851563,.75,9.561489999999999,.564198,.3002,.285714,.63867223,1
19,1984,3,2.8,.851563,.75,9.574775000000001,.608724,.297,.285714,.63867223,1
19,1985,2.4,2.7,.851563,.75,9.606697,.620061,.2846,.285714,.63867223,1
19,1986,2.1,3.8,.851563,.75,9.632400000000001,.577309,.2786,.285714,.63867223,1
19,1987,1.8,2.5,.851563,.75,9.648014,.560063,.2765,.285714,.63867223,1
19,1988,2.1,3,.851563,.75,9.671682000000001,.582947,.2693,.285714,.63867223,1
19,1989,1.8,3.3,.851563,.75,9.699166,.618034,.2656,.285714,.63867223,1
19,1990,1.8,4.5,.851563,.75,9.711418999999999,.5887520000000001,.263761,.285714,.63867223,1
20,1955,.8,3.2,.473771,.25,8.883224,.3506,.46998,0,.11844275,1
20,1956,1.4,6.9,.473771,.25,8.861067,.316436,.471081,0,.11844275,1
20,1957,2,.1,.473771,.25,8.858511,.314165,.47243,0,.11844275,1
20,1958,2.6,0,.473771,.25,8.906935000000001,.272471,.474083,0,.11844275,1
20,1959,2.5,4.5,.473771,.25,8.949624999999999,.282394,.476111,0,.11844275,1
20,1960,1.9,3.2,.473771,.25,8.959569,.280841,.4786,0,.11844275,1
20,1961,3.5,1.2,.473771,.25,8.932741,.278812,.47,0,.11844275,1
20,1962,2.8,1.2,.473771,.25,8.984318,.26855,.4757,0,.11844275,1
20,1963,2.7,3.7,.473771,.25,9.03229,.27916,.4768,0,.11844275,1
20,1964,1.7,2.7,.473771,.25,9.088286,.290255,.4727,0,.11844275,1
20,1965,1.5,2.9,.473771,.25,9.085117,.284866,.4725,0,.11844275,1
20,1966,1.7,3.3,.473771,.25,9.120963,.262165,.4491,0,.11844275,1
20,1967,1.9,3.1,.473771,.25,9.144307,.266815,.4408,0,.11844275,1
20,1968,1.8,3.1,.473771,.25,9.219003000000001,.259712,.4368,0,.11844275,1
20,1969,1.8,4.9,.473771,.25,9.249946,.25937,.4339,0,.11844275,1
20,1970,1.6,4.9,.473771,.25,9.283219000000001,.263563,.4342,0,.11844275,1
20,1971,1.9,6.3,.473771,.25,9.295233,.246179,.4452,0,.11844275,1
20,1972,2.6,9.4,.473771,.25,9.318657,.230416,.4499,0,.11844275,1
20,1973,2.3,14.7,.473771,.25,9.351319,.2412,.4625,1,.11844275,1
20,1974,2.6,18.4,.473771,.25,9.340579,.271134,.4747,1,.11844275,1
20,1975,4.8,15.1,.473771,.25,9.350711,.245194,.4742,.916667,.11844275,1
20,1976,4.7,11.1,.473771,.25,9.370927,.250639,.4673,0,.11844275,1
20,1977,5.6,7.7,.473771,.25,9.364091,.265484,.458,0,.11844275,1
20,1978,6.2,7.9,.473771,.25,9.405989,.258741,.4587,0,.11844275,1
20,1979,6.2,11,.473771,.25,9.411402000000001,.28286,.4643,0,.11844275,1
20,1980,6,10.1,.473771,.25,9.435083000000001,.293814,.464,0,.11844275,1
20,1981,5.7,10.2,.473771,.25,9.448491000000001,.276254,.4599,0,.11844275,1
20,1982,7.1,10.9,.473771,.25,9.403601999999999,.284214,.4586,0,.11844275,1
20,1983,9.9,7.5,.473771,.25,9.45595,.253823,.4457,.75,.11844275,1
20,1984,8.9,6.1,.473771,.25,9.493563,.26903,.4446,1,.11844275,1
20,1985,8.199999999999999,7,.473771,.25,9.516574,.302009,.4537,1,.11844275,1
20,1986,8,7.2,.473771,.25,9.518413000000001,.290589,.4517,1,.11844275,1
20,1987,8,7.7,.473771,.25,9.554072,.283018,.4448,1,.11844275,1
20,1988,7.2,9.1,.473771,.25,9.595874999999999,.277419,.4361,1,.11844275,1
20,1989,6.1,7,.473771,.25,9.606024,.291222,.4269,1,.11844275,1
20,1990,6.8,4.5,.473771,.25,9.578104,.277437,.428731,1,.11844275,1
21,1955,0,1.5,.120058,.25,8.836083,.552249,.58157,0,.0300145,1
21,1956,0,3.1,.120058,.25,8.820551999999999,.525409,.581519,0,.0300145,1
21,1957,.1,1.8,.120058,.25,8.855093,.514652,.5814510000000001,0,.0300145,1
21,1958,.1,1.4,.120058,.25,8.843038,.460448,.581388,1,.0300145,1
21,1959,.1,2.9,.120058,.25,8.859363,.422683,.581376,1,.0300145,1
21,1960,.1,2.1,.150495,.25,8.982184,.434127,.581494,1,.037623748,1
21,1961,0,.4,.150495,.25,8.995412999999999,.435322,.581844,0,.037623748,1
21,1962,.1,3.6,.150495,.25,9.006264,.372157,.582517,0,.037623748,1
21,1963,.1,3.6,.150495,.25,9.034438,.398258,.583519,0,.037623748,1
21,1964,.1,4.3,.150495,.25,9.068431,.407802,.58465,0,.037623748,1
21,1965,.1,3.6,.150495,.25,9.108529000000001,.381893,.585349,0,.037623748,1
21,1966,0,.7,.150495,.25,9.118335,.38663,.584561,0,.037623748,1
21,1967,.4,4.4,.150495,.25,9.071538,.339708,.580774,0,.037623748,1
21,1968,.7,4.9,.150495,.25,9.062303999999999,.383363,.572414,0,.037623748,1
21,1969,.3,2.7,.150495,.25,9.118444,.384963,.558809,0,.037623748,1
21,1970,.1,10.2,.150495,.25,9.147614000000001,.377846,.541709,0,.037623748,1
21,1971,.3,13.5,.150495,.25,9.182558,.34709,.527,0,.037623748,1
21,1972,.5,10.5,.150495,.25,9.210739999999999,.351032,.54781,0,.037623748,1
21,1973,.2,7.8,.150495,.25,9.27153,.380987,.577098,1,.037623748,1
21,1974,.1,3.1,.150495,.25,9.313618999999999,.430797,.568556,1,.037623748,1
21,1975,.3,16.6,.150495,.25,9.261604,.37794,.579539,1,.037623748,1
21,1976,.4,17.4,.150495,.25,9.27153,.431622,.584,0,.037623748,1
21,1977,.6,15.1,.150495,.25,9.214829999999999,.454258,.588081,0,.037623748,1
21,1978,1.7,14.2,.150495,.25,9.213934,.413081,.596623,0,.037623748,1
21,1979,1.9,19.6,.150495,.25,9.243969,.460829,.614928,0,.037623748,1
21,1980,2.7,13.7,.150495,.25,9.245901,.484404,.617368,0,.037623748,1
21,1981,3.5,15.6,.150495,.25,9.288689,.468247,.607,0,.037623748,1
21,1982,3.7,10.9,.150495,.25,9.296151,.478863,.611267,0,.037623748,1
21,1983,5.4,1.5,.150495,.25,9.306013999999999,.459411,.603945,0,.037623748,1
21,1984,4.6,8.199999999999999,.150495,.25,9.345395999999999,.517254,.5659999999999999,.416667,.037623748,1
21,1985,3.6,15.2,.150495,.25,9.345133000000001,.517262,.5600000000000001,1,.037623748,1
21,1986,4,17,.150495,.25,9.367686000000001,.415222,.56977,1,.037623748,1
21,1987,4.1,15.4,.150495,.25,9.366318,.390051,.5801809999999999,1,.037623748,1
21,1988,5.6,7.9,.150495,.25,9.350189,.367482,.5867329999999999,1,.037623748,1
21,1989,6.8,5,.150495,.25,9.372629,.413545,.58965,1,.037623748,1
21,1990,7.6,4.4,.150495,.25,9.351232,.43602,.590425,.833333,.037623748,1
