justice,service,retire,age,pension,pagree
1,1,0,44,0,1
1,2,0,45,0,1
1,3,0,46,0,1
1,4,0,47,0,1
1,5,0,48,0,1
1,6,0,49,0,1
1,7,1,50,0,1
2,1,0,50,0,1
2,2,0,51,0,1
2,3,1,52,0,1
3,1,0,57,0,1
3,2,0,58,0,1
3,3,0,59,0,1
3,4,0,60,0,1
3,5,0,61,0,1
3,6,0,62,0,1
3,7,0,63,0,1
3,8,0,64,0,1
3,9,0,65,0,1
3,10,0,66,0,1
3,11,0,67,0,1
3,12,0,68,0,0
3,13,0,69,0,0
3,14,0,70,0,0
3,15,0,71,0,0
3,16,0,72,0,0
3,17,0,73,0,0
3,18,0,74,0,0
3,19,0,75,0,0
3,20,0,76,0,0
3,21,0,77,0,0
4,1,0,47,0,1
4,2,0,48,0,1
4,3,0,49,0,1
4,4,0,50,0,1
4,5,0,51,0,1
4,6,0,52,0,1
4,7,0,53,0,1
4,8,0,54,0,1
4,9,0,55,0,1
4,10,0,56,0,1
5,1,0,58,0,1
5,2,0,59,0,1
5,3,0,60,0,1
5,4,0,61,0,1
5,5,0,62,0,1
5,6,0,63,0,1
5,7,1,64,0,1
6,1,0,38,0,1
6,2,0,39,0,1
6,3,0,40,0,1
6,4,0,41,0,1
6,5,0,42,0,1
6,6,0,43,0,1
6,7,0,44,0,1
6,8,0,45,0,1
6,9,0,46,0,1
6,10,0,47,0,1
7,1,0,59,0,1
7,2,1,60,0,1
8,1,0,47,0,1
8,2,0,48,0,1
8,3,0,49,0,1
8,4,0,50,0,1
8,5,0,51,0,1
8,6,0,52,0,1
8,7,0,53,0,1
8,8,0,54,0,0
8,9,0,55,0,0
8,10,0,56,0,0
8,11,0,57,0,0
8,12,0,58,0,0
8,13,0,59,0,0
8,14,0,60,0,0
9,1,0,54,0,1
9,2,0,55,0,1
9,3,0,56,0,1
9,4,0,57,0,1
9,5,0,58,0,1
9,6,0,59,0,0
9,7,0,60,0,0
9,8,0,61,0,0
9,9,0,62,0,0
9,10,0,63,0,0
9,11,0,64,0,0
9,12,0,65,0,0
9,13,0,66,0,0
9,14,0,67,0,0
9,15,0,68,0,0
9,16,0,69,0,0
10,1,0,50,0,1
10,2,0,51,0,1
10,3,0,52,0,1
10,4,0,53,0,1
10,5,1,54,0,1
11,1,0,36,0,1
11,2,0,37,0,1
11,3,0,38,0,1
11,4,0,39,0,1
11,5,0,40,0,0
11,6,0,41,0,0
11,7,0,42,0,0
11,8,0,43,0,0
11,9,0,44,0,0
11,10,0,45,0,0
11,11,0,46,0,0
11,12,0,47,0,0
11,13,0,48,0,0
11,14,0,49,0,0
11,15,0,50,0,0
11,16,0,51,0,0
11,17,0,52,0,0
11,18,0,53,0,0
11,19,0,54,0,0
11,20,0,55,0,0
11,21,0,56,0,0
11,22,0,57,0,0
11,23,0,58,0,0
11,24,0,59,0,0
11,25,0,60,0,0
11,26,0,61,0,0
11,27,0,62,0,0
11,28,0,63,0,0
11,29,0,64,0,0
11,30,0,65,0,0
11,31,0,66,0,0
11,32,0,67,0,0
11,33,0,68,0,0
12,1,0,45,0,1
12,2,0,46,0,0
12,3,0,47,0,0
12,4,0,48,0,0
12,5,1,49,0,0
13,1,0,45,0,0
13,2,0,46,0,0
13,3,0,47,0,0
13,4,0,48,0,0
13,5,0,49,0,0
13,6,0,50,0,0
13,7,0,51,0,0
13,8,0,52,0,0
13,9,0,53,0,0
13,10,0,54,0,0
13,11,0,55,0,0
13,12,0,56,0,0
13,13,0,57,0,0
13,14,0,58,0,0
13,15,0,59,0,0
13,16,0,60,0,0
13,17,0,61,0,0
13,18,0,62,0,0
13,19,0,63,0,0
13,20,0,64,0,0
13,21,0,65,0,0
13,22,0,66,0,0
13,23,0,67,0,0
13,24,0,68,0,0
13,25,0,69,0,0
13,26,0,70,0,0
13,27,0,71,0,0
13,28,0,72,0,0
13,29,0,73,0,0
13,30,0,74,0,0
13,31,0,75,0,0
13,32,0,76,0,0
13,33,0,77,0,0
13,34,0,78,0,0
13,35,0,79,0,0
14,1,0,32,0,1
14,2,0,33,0,1
14,3,0,34,0,1
14,4,0,35,0,1
14,5,0,36,0,1
14,6,0,37,0,1
14,7,0,38,0,1
14,8,0,39,0,1
14,9,0,40,0,1
14,10,0,41,0,1
14,11,0,42,0,1
14,12,0,43,0,1
14,13,0,44,0,1
14,14,0,45,0,1
14,15,0,46,0,1
14,16,0,47,0,1
14,17,0,48,0,1
14,18,0,49,0,1
14,19,0,50,0,1
14,20,0,51,0,1
14,21,0,52,0,1
14,22,0,53,0,1
14,23,0,54,0,1
14,24,0,55,0,1
14,25,0,56,0,1
14,26,0,57,0,1
14,27,0,58,0,1
14,28,0,59,0,1
14,29,0,60,0,1
14,30,0,61,0,1
14,31,0,62,0,1
15,1,0,49,0,1
15,2,0,50,0,1
15,3,0,51,0,1
15,4,0,52,0,1
15,5,0,53,0,1
15,6,0,54,0,1
15,7,0,55,0,1
15,8,0,56,0,1
15,9,0,57,0,1
15,10,0,58,0,1
15,11,0,59,0,1
15,12,0,61,0,1
15,13,0,61,0,1
15,14,0,62,0,1
15,15,0,63,0,1
15,16,0,64,0,1
15,17,0,65,0,1
16,1,0,42,0,1
16,2,0,43,0,1
16,3,0,44,0,1
16,4,0,45,0,1
16,5,0,46,0,1
16,6,0,47,0,1
16,7,0,48,0,1
16,8,0,49,0,1
16,9,0,50,0,1
16,10,0,51,0,1
16,11,0,52,0,1
16,12,0,53,0,1
16,13,0,54,0,1
16,14,0,55,0,1
16,15,0,56,0,1
16,16,0,57,0,1
16,17,0,58,0,1
16,18,0,59,0,1
16,19,0,60,0,1
16,20,0,61,0,1
17,1,0,58,0,1
17,2,0,59,0,1
17,3,0,60,0,1
17,4,0,61,0,1
17,5,0,62,0,1
17,6,0,63,0,1
17,7,0,64,0,1
17,8,0,65,0,1
17,9,0,66,0,1
17,10,0,67,0,1
17,11,0,68,0,1
17,12,0,69,0,1
17,13,0,70,0,1
17,14,0,71,0,1
17,15,0,72,0,1
17,16,0,73,0,1
17,17,0,74,0,1
17,18,0,75,0,1
17,19,0,76,0,1
17,20,0,77,0,1
17,21,0,78,0,1
17,22,0,79,0,1
17,23,0,80,0,1
17,24,0,81,0,1
17,25,1,82,0,1
18,1,0,32,0,1
18,2,0,33,0,1
18,3,0,34,0,1
18,4,0,35,0,1
18,5,0,36,0,1
18,6,0,37,0,1
18,7,0,38,0,1
18,8,0,39,0,1
18,9,0,40,0,1
18,10,0,41,0,1
18,11,0,42,0,1
18,12,0,43,0,1
18,13,0,44,0,1
18,14,0,45,0,1
18,15,0,46,0,1
18,16,0,47,0,1
18,17,0,48,0,1
18,18,0,49,0,1
18,19,0,50,0,1
18,20,0,51,0,1
18,21,0,52,0,1
18,22,0,53,0,1
18,23,0,54,0,1
18,24,0,55,0,1
18,25,0,56,0,1
18,26,0,57,0,1
18,27,0,58,0,1
18,28,0,59,0,1
18,29,0,60,0,1
18,30,0,61,0,0
18,31,0,62,0,0
18,32,0,63,0,0
18,33,0,64,0,0
18,34,0,65,0,1
19,1,0,55,0,1
19,2,0,56,0,1
19,3,0,57,0,1
19,4,0,58,0,1
19,5,0,59,0,1
19,6,0,60,0,1
19,7,0,61,0,1
19,8,0,62,0,1
19,9,0,63,0,1
19,10,0,64,0,1
19,11,0,65,0,1
19,12,0,66,0,1
19,13,0,67,0,1
19,14,0,68,0,1
19,15,0,69,0,1
19,16,0,70,0,1
19,17,0,71,0,1
19,18,0,72,0,1
19,19,0,73,0,0
19,20,0,74,0,0
19,21,0,75,0,0
20,1,0,49,0,1
20,2,0,50,0,1
20,3,0,51,0,1
21,1,0,44,0,1
21,2,0,45,0,1
21,3,0,46,0,1
21,4,0,47,0,1
21,5,0,48,0,1
21,6,0,49,0,1
21,7,0,50,0,1
21,8,0,51,0,1
21,9,0,52,0,1
21,10,0,53,0,1
21,11,0,54,0,1
21,12,0,55,0,0
21,13,0,56,0,0
21,14,0,57,0,0
21,15,0,58,0,0
21,16,0,59,0,1
21,17,0,60,0,1
21,18,0,61,0,1
21,19,0,62,0,1
21,20,0,63,0,0
21,21,0,64,0,0
21,22,0,65,0,0
21,23,0,66,0,0
21,24,0,67,0,1
21,25,0,68,0,1
21,26,0,69,0,1
21,27,0,70,0,1
21,28,0,71,0,1
21,29,0,72,0,1
21,30,0,73,0,1
21,31,0,74,0,1
21,32,0,75,0,0
22,1,0,50,0,1
22,2,0,51,0,1
22,3,0,52,0,1
22,4,0,53,0,1
22,5,0,54,0,1
22,6,0,55,0,1
22,7,0,56,0,1
22,8,0,57,0,1
22,9,0,58,0,1
22,10,0,59,0,1
22,11,0,60,0,1
22,12,0,61,0,0
22,13,0,62,0,0
22,14,0,63,0,0
22,15,0,64,0,0
23,1,0,45,0,1
23,2,0,46,0,1
23,3,0,47,0,1
23,4,0,48,0,1
23,5,0,49,0,1
23,6,0,50,0,1
23,7,0,51,0,0
23,8,0,52,0,0
23,9,0,53,0,0
23,10,0,54,0,0
23,11,0,55,0,1
23,12,0,56,0,1
23,13,0,57,0,1
23,14,0,58,0,1
23,15,0,59,0,0
23,16,0,60,0,0
23,17,0,61,0,0
23,18,0,62,0,0
23,19,0,63,0,1
23,20,0,64,0,1
23,21,0,65,0,1
23,22,0,66,0,1
23,23,0,67,0,1
23,24,0,68,0,1
23,25,0,69,0,1
23,26,0,70,0,1
23,27,0,71,0,0
23,28,0,72,0,0
23,29,0,73,0,0
23,30,0,74,0,0
23,31,0,75,0,0
23,32,0,76,0,1
23,33,0,77,0,1
24,1,0,59,0,1
24,2,0,60,0,1
24,3,0,61,0,1
24,4,0,62,0,1
24,5,0,63,0,1
24,6,0,64,0,0
24,7,0,65,0,0
24,8,0,66,0,0
24,9,0,67,0,0
24,10,0,68,0,1
24,11,0,69,0,1
24,12,0,70,0,1
24,13,0,71,0,1
24,14,0,72,0,0
24,15,0,73,0,0
24,16,0,74,0,0
24,17,0,75,0,0
24,18,0,76,0,1
24,19,0,77,0,1
24,20,0,78,0,1
24,21,0,79,0,1
24,22,0,80,0,1
24,23,0,81,0,1
24,24,0,82,0,1
24,25,0,83,0,1
24,26,0,84,0,0
24,27,0,85,0,0
24,28,0,86,0,0
24,29,0,87,0,0
25,1,0,52,0,1
25,2,0,53,0,1
25,3,0,54,0,1
25,4,0,55,0,1
25,5,0,56,0,1
25,6,0,57,0,0
26,7,0,58,0,1
26,8,0,59,0,1
26,9,0,60,0,1
26,10,0,61,0,1
26,11,0,62,0,0
26,12,0,63,0,0
26,13,0,64,0,0
26,14,0,65,0,0
26,15,0,66,0,1
26,16,0,67,0,1
26,17,0,68,0,1
26,18,0,69,0,1
26,19,0,70,0,0
26,20,0,71,0,0
26,21,0,72,0,0
26,22,0,73,0,0
26,23,0,74,0,1
26,24,0,75,0,1
26,25,0,76,0,1
26,26,0,77,0,1
26,27,0,78,0,1
26,28,0,79,0,1
26,29,0,80,0,1
26,30,0,81,0,1
26,31,0,82,0,0
26,32,0,83,0,0
26,33,0,84,0,0
26,34,0,85,0,0
26,35,0,86,0,0
27,1,0,57,0,1
27,2,0,58,0,1
27,3,0,59,0,1
27,4,0,60,0,0
27,5,0,61,0,0
27,6,0,62,0,0
27,7,0,63,0,0
27,8,0,64,0,1
27,9,0,65,0,1
27,10,0,66,0,1
27,11,0,67,0,1
27,12,0,68,0,0
27,13,0,69,0,0
27,14,0,70,0,0
27,15,0,71,0,0
28,1,0,57,0,0
28,2,0,58,0,0
28,3,0,59,0,0
28,4,0,60,0,1
28,5,0,61,0,1
28,6,0,62,0,1
28,7,0,63,0,1
28,8,0,64,0,0
28,9,0,65,0,0
28,10,0,66,0,0
28,11,0,67,0,0
28,12,0,68,0,1
28,13,0,69,0,1
28,14,0,70,0,1
28,15,0,71,0,1
28,16,0,72,0,1
28,17,0,73,0,1
28,18,0,74,0,1
28,19,0,75,0,1
29,1,0,52,0,1
29,2,0,53,0,1
29,3,0,54,0,1
29,4,0,55,0,1
29,5,0,56,0,0
29,6,0,57,0,0
29,7,0,58,0,0
29,8,0,59,0,0
29,9,0,60,0,1
29,10,0,61,0,1
29,11,0,62,0,1
29,12,0,63,0,1
29,13,0,64,0,1
29,14,0,65,0,1
29,15,0,66,0,1
29,16,0,67,0,1
29,17,0,68,0,0
29,18,0,69,0,0
29,19,0,70,0,0
29,20,0,71,0,0
29,21,0,72,0,0
29,22,0,73,0,1
29,23,0,74,0,1
29,24,0,75,0,1
29,25,0,76,0,0
29,26,0,77,1,0
29,27,0,78,1,0
29,28,1,79,1,0
30,1,0,55,0,1
30,2,0,56,0,1
30,3,0,57,0,1
30,4,0,58,0,1
30,5,0,59,0,0
30,6,0,60,0,0
30,7,0,61,0,0
31,1,0,52,0,1
31,2,0,53,0,1
31,3,0,54,0,1
31,4,0,55,0,0
31,5,0,56,0,0
31,6,0,57,0,0
31,7,0,58,0,0
31,8,0,59,0,1
31,9,0,60,0,1
31,10,0,61,0,1
31,11,0,62,0,1
31,12,0,63,0,1
31,13,0,64,0,1
31,14,0,65,0,1
31,15,0,66,0,1
31,16,0,67,0,0
31,17,0,68,0,0
31,18,0,69,0,0
31,19,0,70,0,0
31,20,0,71,0,0
31,21,0,72,0,1
31,22,0,73,0,1
31,23,0,74,0,1
31,24,0,75,0,0
31,25,1,76,1,0
32,1,0,41,0,1
32,2,0,42,0,1
32,3,0,43,0,0
32,4,0,44,0,0
32,5,0,45,0,0
32,6,0,46,0,0
32,7,1,47,0,0
33,1,0,41,0,1
33,2,0,42,0,1
33,3,0,43,0,1
33,4,0,44,0,1
33,5,0,45,0,1
33,6,0,46,0,1
33,7,0,47,0,1
33,8,0,48,0,1
33,9,1,49,0,0
34,1,0,54,0,1
34,2,0,55,0,1
34,3,0,56,0,1
34,4,0,57,0,0
34,5,0,58,0,0
34,6,0,59,0,0
34,7,0,60,0,0
34,8,0,61,0,0
34,9,0,62,0,1
34,10,0,63,0,1
34,11,0,64,0,1
34,12,0,65,0,0
34,13,0,66,0,0
34,14,0,67,0,0
34,15,0,68,0,0
34,16,0,69,0,0
34,17,0,70,1,0
34,18,0,71,1,0
34,19,0,72,1,0
34,20,0,73,1,0
34,21,0,74,1,0
34,22,0,75,1,0
34,23,0,76,1,0
34,24,0,77,1,0
35,1,0,57,0,1
35,2,0,58,0,1
35,3,0,59,0,1
35,4,0,60,0,1
35,5,0,61,0,0
35,6,0,62,0,0
35,7,0,63,0,0
35,8,0,64,0,1
35,9,0,65,0,1
35,10,0,66,0,1
35,11,0,67,0,1
35,12,0,68,0,1
35,13,0,69,0,1
35,14,0,70,1,1
35,15,0,71,1,1
35,16,0,72,1,1
35,17,0,73,1,1
35,18,0,74,1,1
35,19,0,75,1,1
35,20,1,76,1,1
36,1,0,46,0,1
36,2,0,47,0,1
36,3,0,48,0,1
36,4,0,49,0,1
36,5,0,50,0,0
36,6,0,51,0,0
36,7,0,52,0,0
36,8,0,53,0,1
36,9,0,54,0,1
36,10,0,55,0,1
36,11,0,56,0,1
36,12,0,57,0,1
36,13,0,58,0,1
36,14,0,59,0,1
36,15,0,60,0,1
36,16,0,61,0,1
36,17,0,62,0,1
36,18,0,63,0,1
36,19,0,64,0,1
36,20,0,65,0,1
36,21,0,66,0,1
36,22,0,67,0,1
36,23,0,68,0,1
36,24,0,69,0,0
36,25,0,70,1,0
36,26,0,71,1,0
36,27,0,72,1,0
36,28,0,73,1,1
36,29,0,74,1,1
37,1,0,47,0,1
37,2,0,48,0,1
37,3,0,49,0,1
37,4,0,50,0,1
37,5,0,51,0,0
37,6,0,52,0,0
37,7,0,53,0,0
37,8,0,54,0,1
37,9,0,55,0,1
37,10,0,56,0,1
37,11,0,57,0,1
37,12,0,58,0,1
37,13,0,59,0,1
37,14,0,60,0,1
37,15,0,61,0,1
37,16,1,62,0,1
38,1,0,46,0,0
38,2,0,47,0,0
38,3,0,48,0,0
38,4,0,49,0,1
38,5,0,50,0,1
38,6,0,51,0,1
38,7,0,52,0,0
38,8,0,53,0,0
38,9,0,54,0,0
38,10,0,55,0,0
38,11,0,56,0,0
38,12,0,57,0,0
38,13,0,58,0,0
38,14,0,59,0,0
38,15,0,60,0,0
38,16,0,61,0,0
38,17,0,62,0,0
38,18,0,63,0,0
38,19,0,64,0,0
38,20,0,65,0,0
38,21,0,66,0,0
38,22,0,67,0,0
38,23,0,68,0,1
38,24,0,69,0,1
38,25,0,70,1,1
38,26,0,71,1,1
38,27,0,72,1,0
38,28,0,73,1,0
38,29,0,74,1,0
38,30,0,75,1,0
38,31,0,76,1,1
38,32,0,77,1,1
38,33,0,78,1,1
38,34,0,79,1,1
38,35,1,80,1,0
39,1,0,56,0,1
39,2,0,57,0,1
39,3,0,58,0,0
39,4,0,59,0,0
39,5,0,60,0,0
39,6,0,61,0,1
39,7,0,62,0,1
39,8,0,63,0,1
39,9,0,64,0,1
39,10,0,65,0,1
40,1,0,61,0,1
40,2,0,62,0,1
40,3,0,63,0,1
40,4,0,64,0,1
40,5,0,65,0,1
40,6,0,66,0,1
40,7,0,67,0,1
40,8,0,68,0,1
40,9,0,69,0,1
40,10,0,70,1,1
40,11,1,71,1,1
41,1,0,57,0,1
41,2,0,58,0,1
41,3,0,59,0,1
41,4,0,60,0,1
41,5,0,61,0,1
41,6,0,62,0,1
41,7,0,63,0,1
41,8,0,64,0,1
41,9,0,65,0,1
41,10,0,66,0,1
41,11,0,67,0,1
41,12,0,68,0,1
41,13,0,69,0,1
41,14,0,70,1,1
41,15,0,71,1,1
41,16,0,72,1,0
41,17,0,73,1,0
41,18,0,74,1,0
41,19,0,75,1,0
41,20,0,76,1,1
41,21,0,77,1,1
41,22,0,78,1,1
41,23,0,79,1,1
42,1,0,62,0,1
42,2,0,63,0,1
42,3,0,64,0,1
42,4,0,65,0,1
42,5,0,66,0,1
42,6,0,67,0,1
42,7,0,68,0,1
42,8,0,69,0,1
42,9,0,70,0,1
42,10,1,71,1,1
43,1,0,57,0,1
43,2,0,58,0,1
43,3,0,59,0,1
43,4,0,60,0,1
43,5,0,61,0,1
43,6,0,62,0,1
43,7,0,63,0,1
43,8,0,64,0,1
43,9,0,65,0,1
43,10,0,66,0,1
43,11,0,67,0,1
43,12,0,68,0,0
43,13,0,69,0,0
43,14,0,70,1,0
43,15,0,71,1,0
44,1,0,44,0,1
44,2,0,45,0,1
44,3,0,46,0,1
44,4,0,47,0,1
44,5,0,48,0,1
44,6,0,49,0,1
44,7,0,50,0,1
44,8,0,51,0,1
44,9,0,52,0,0
44,10,0,53,0,0
44,11,0,54,0,0
44,12,0,55,0,0
44,13,0,56,0,1
44,14,0,57,0,1
44,15,0,58,0,1
44,16,0,59,0,1
44,17,0,60,0,0
44,18,0,61,0,0
44,19,0,62,0,0
44,20,0,63,0,0
44,21,0,64,0,1
44,22,0,65,0,1
44,23,0,66,0,1
44,24,0,67,0,1
44,25,0,68,0,1
44,26,0,69,0,1
44,27,0,70,1,1
44,28,0,71,1,1
44,29,0,72,1,1
44,30,0,73,1,1
44,31,0,74,1,1
44,32,0,75,1,1
44,33,0,76,1,1
44,34,0,77,1,1
44,35,0,78,1,1
45,1,0,56,0,1
45,2,0,57,0,1
45,3,0,58,0,1
45,4,0,59,0,1
45,5,0,60,0,0
45,6,0,61,0,0
45,7,0,62,0,0
46,1,0,56,0,1
46,2,0,57,0,1
46,3,0,58,0,1
46,4,0,59,0,1
46,5,0,60,0,0
46,6,0,61,0,0
46,7,0,62,0,0
46,8,0,63,0,0
46,9,0,64,0,1
47,1,0,53,0,1
47,2,0,54,0,1
47,3,0,55,0,1
47,4,0,56,0,0
47,5,0,57,0,0
47,6,0,58,0,0
47,7,0,59,0,0
47,8,0,60,0,1
47,9,0,61,0,1
47,10,0,62,0,1
47,11,0,63,0,1
47,12,0,64,0,0
47,13,0,65,0,0
47,14,0,66,0,0
47,15,0,67,0,0
47,16,0,68,0,1
47,17,0,69,0,1
47,18,0,70,1,1
47,19,0,71,1,1
47,20,0,72,1,1
47,21,1,73,1,1
48,1,0,62,0,1
48,2,0,63,0,1
48,3,0,64,0,1
48,4,0,65,0,0
48,5,0,66,0,0
48,6,0,67,0,0
48,7,0,68,0,0
48,8,0,69,0,1
48,9,0,70,0,1
48,10,0,71,1,1
48,11,0,72,1,1
48,12,0,73,1,0
49,1,0,62,0,1
49,2,0,63,0,0
49,3,0,64,0,0
49,4,0,65,0,0
49,5,0,66,0,0
49,6,0,67,0,1
50,1,0,55,0,1
50,2,0,56,0,0
50,3,0,57,0,0
50,4,0,58,0,0
50,5,0,59,0,0
50,6,0,60,0,1
50,7,0,61,0,1
50,8,0,62,0,1
50,9,0,63,0,1
50,10,0,64,0,0
50,11,0,65,0,0
50,12,0,66,0,0
50,13,0,67,0,0
50,14,0,68,0,0
50,15,0,69,0,0
50,16,0,70,1,0
50,17,0,71,1,0
50,18,0,72,1,0
50,19,0,73,1,0
50,20,0,74,1,0
50,21,0,75,1,0
50,22,0,76,1,0
50,23,0,77,1,0
51,1,0,52,0,1
51,2,0,53,0,1
51,3,0,54,0,1
51,4,0,55,0,0
51,5,0,56,0,0
51,6,0,57,0,0
51,7,0,58,0,0
51,8,0,59,0,1
51,9,0,60,0,1
51,10,0,61,0,1
51,11,0,62,0,1
51,12,0,63,0,1
51,13,0,64,0,1
51,14,0,65,0,1
51,15,0,66,0,1
51,16,0,67,0,1
51,17,0,68,0,1
51,18,0,69,0,1
51,19,0,70,1,1
51,20,0,71,1,1
51,21,0,72,1,1
52,1,0,54,0,1
52,2,0,55,0,1
52,3,0,56,0,0
52,4,0,57,0,0
52,5,0,58,0,0
52,6,0,59,0,0
52,7,0,60,0,1
52,8,0,61,0,1
52,9,0,62,0,1
52,10,0,63,0,1
52,11,0,64,0,1
52,12,0,65,0,1
52,13,0,66,0,1
52,14,0,67,0,1
52,15,0,68,0,1
52,16,1,69,0,1
53,1,0,60,0,1
53,2,0,61,0,0
53,3,0,62,0,0
53,4,0,63,0,0
53,5,0,64,0,0
53,6,0,65,0,1
53,7,0,66,0,1
53,8,0,67,0,1
53,9,0,68,0,1
53,10,0,69,0,1
53,11,0,70,1,1
53,12,1,71,1,1
54,1,0,60,0,0
54,2,0,61,0,0
54,3,0,62,0,0
55,1,0,48,0,1
55,2,0,49,0,1
55,3,0,50,0,1
55,4,0,51,0,0
55,5,0,52,0,0
55,6,0,53,0,0
55,7,0,54,0,0
55,8,0,55,0,0
55,9,0,56,0,0
55,10,0,57,0,0
55,11,0,58,0,0
55,12,0,59,0,0
55,13,0,60,0,0
55,14,0,61,0,0
55,15,0,62,0,0
55,16,0,63,0,0
55,17,0,64,0,0
55,18,0,65,0,0
55,19,0,66,0,0
55,20,0,67,0,1
55,21,0,68,0,1
55,22,0,69,0,1
55,23,0,70,1,1
55,24,0,71,1,1
55,25,0,72,1,1
55,26,0,73,1,1
55,27,0,74,1,1
55,28,0,75,1,0
56,1,0,57,0,1
56,2,0,58,0,0
56,3,0,59,0,0
56,4,0,60,0,0
56,5,0,61,0,0
56,6,0,62,0,0
56,7,0,63,0,0
56,8,0,64,0,0
56,9,0,65,0,0
56,10,0,66,0,0
56,11,0,67,0,0
56,12,0,68,0,0
56,13,0,69,0,0
56,14,0,70,1,0
57,1,0,54,0,1
57,2,0,55,0,1
57,3,0,56,0,1
57,4,0,57,0,1
57,5,0,58,0,1
57,6,0,59,0,1
57,7,0,60,0,1
57,8,0,61,0,1
57,9,0,62,0,1
57,10,0,63,0,1
57,11,0,64,0,1
57,12,0,65,0,1
57,13,0,66,0,1
57,14,0,67,0,1
57,15,0,68,0,1
57,16,0,69,0,0
57,17,0,70,1,0
57,18,0,71,1,0
57,19,0,72,1,0
57,20,0,73,1,0
57,21,0,74,1,0
57,22,0,75,1,0
57,23,0,76,1,0
57,24,0,77,1,1
57,25,0,78,1,1
57,26,0,79,1,1
57,27,0,80,1,1
57,28,1,81,1,1
58,1,0,61,0,1
58,2,0,62,0,1
58,3,0,63,0,1
58,4,0,64,0,1
58,5,0,65,0,1
58,6,0,66,0,1
58,7,0,67,0,1
58,8,0,68,0,1
58,9,0,69,0,1
58,10,0,70,1,1
58,11,0,71,1,1
58,12,0,72,1,0
58,13,0,73,1,0
58,14,0,74,1,0
58,15,0,75,1,0
58,16,0,76,1,0
58,17,0,77,1,0
58,18,0,78,1,0
58,19,0,79,1,0
58,20,0,80,1,1
58,21,0,81,1,1
58,22,0,82,1,1
58,23,0,83,1,1
58,24,0,84,1,1
58,25,0,85,1,1
58,26,0,86,1,1
58,27,0,87,1,1
58,28,0,88,1,1
58,29,0,89,1,1
58,30,0,90,1,1
58,31,1,91,1,1
59,1,0,53,0,1
59,2,0,54,0,1
59,3,0,55,0,1
59,4,0,56,0,1
59,5,0,57,0,1
59,6,0,58,0,1
59,7,0,59,0,1
59,8,0,60,0,1
59,9,0,61,0,1
59,10,0,62,0,1
59,11,0,63,0,0
59,12,0,64,0,0
59,13,0,65,0,0
59,14,0,66,0,0
59,15,0,67,0,0
59,16,0,68,0,0
59,17,0,69,0,0
59,18,0,70,1,0
59,19,0,71,1,1
59,20,1,72,1,1
60,1,0,52,0,1
60,2,0,53,0,1
60,3,0,54,0,1
60,4,0,55,0,1
60,5,1,56,0,1
61,1,0,66,0,0
61,2,0,67,0,0
61,3,0,68,0,0
61,4,0,69,0,1
61,5,0,70,0,1
62,1,0,48,0,1
62,2,0,49,0,1
62,3,0,50,0,1
62,4,0,51,0,0
62,5,0,52,0,0
62,6,0,53,0,0
62,7,1,54,0,0
63,1,0,51,0,1
63,2,0,52,0,1
63,3,0,53,0,0
63,4,0,54,0,0
63,5,0,55,0,0
63,6,0,56,0,0
63,7,0,57,0,0
63,8,0,58,0,0
63,9,0,59,0,0
63,10,0,60,0,0
63,11,0,61,0,1
63,12,0,62,0,1
63,13,0,63,0,1
63,14,0,64,0,1
63,15,0,65,0,1
63,16,0,66,0,1
63,17,0,67,0,1
63,18,0,68,0,1
63,19,0,69,0,1
63,20,0,70,1,1
63,21,0,71,1,1
63,22,0,72,1,1
63,23,0,73,1,0
63,24,0,74,1,0
63,25,0,75,1,0
63,26,0,76,1,0
63,27,1,77,1,0
64,1,0,53,0,0
64,2,0,54,0,0
64,3,0,55,0,1
64,4,0,56,0,1
64,5,0,57,0,1
64,6,0,58,0,1
65,1,0,54,0,1
65,2,0,55,0,0
65,3,0,56,0,0
65,4,0,57,0,0
65,5,0,58,0,0
65,6,0,59,0,0
65,7,0,60,0,0
65,8,0,61,0,0
65,9,0,62,0,0
65,10,0,63,0,1
65,11,1,64,0,1
66,1,0,52,0,1
66,2,0,53,0,1
66,3,0,54,0,1
66,4,0,55,0,1
66,5,0,56,0,1
66,6,0,57,0,1
66,7,0,58,0,1
66,8,0,59,0,0
66,9,0,60,0,0
66,10,0,61,0,0
66,11,0,62,0,0
66,12,0,63,0,0
66,13,0,64,0,0
66,14,0,65,0,0
66,15,0,66,0,0
66,16,0,67,0,0
66,17,0,68,0,0
66,18,0,69,0,0
66,19,0,70,1,0
66,20,0,71,1,1
66,21,0,72,1,1
66,22,0,73,1,1
66,23,0,74,1,1
66,24,0,75,1,1
66,25,0,76,1,1
66,26,0,77,1,1
66,27,0,78,1,1
66,28,1,79,1,1
67,1,0,59,0,1
67,2,0,60,0,1
67,3,0,61,0,1
67,4,0,62,0,1
67,5,0,63,0,1
67,6,0,64,0,0
67,7,0,65,0,0
67,8,0,66,0,0
67,9,0,67,0,0
67,10,0,68,0,0
67,11,0,69,0,0
67,12,0,70,1,0
67,13,0,71,1,0
67,14,0,72,1,0
67,15,0,73,1,0
67,16,0,74,1,0
67,17,0,75,1,0
67,18,0,76,1,1
67,19,0,77,1,1
67,20,0,78,1,1
67,21,0,79,1,1
67,22,0,80,1,1
67,23,0,81,1,1
67,24,1,82,1,1
68,1,0,59,0,1
68,2,0,60,0,1
68,3,0,61,0,1
68,4,0,62,0,1
68,5,0,63,0,1
68,6,0,64,0,0
68,7,1,65,0,0
69,1,0,63,0,1
69,2,0,64,0,1
69,3,0,65,0,1
69,4,0,66,0,1
69,5,0,67,0,1
69,6,0,68,0,1
69,7,0,69,0,1
69,8,0,70,0,1
69,9,0,71,0,1
69,10,1,72,1,1
70,1,0,60,0,1
70,2,0,61,0,1
70,3,0,62,0,1
70,4,0,63,0,1
70,5,0,64,0,1
70,6,0,65,0,1
70,7,0,66,0,1
70,8,0,67,0,1
70,9,0,68,0,1
70,10,0,69,0,1
70,11,0,70,1,1
70,12,0,71,1,0
70,13,0,72,1,0
70,14,0,73,1,0
70,15,0,74,1,0
70,16,0,75,1,0
70,17,1,76,1,0
71,1,0,56,0,0
71,2,0,57,0,0
71,3,0,58,0,0
71,4,0,59,0,0
71,5,0,60,0,0
71,6,0,61,0,0
71,7,0,62,0,0
71,8,0,63,0,0
71,9,0,64,0,0
71,10,0,65,0,0
71,11,0,66,0,1
71,12,0,67,0,1
71,13,0,68,0,1
71,14,0,69,0,1
71,15,0,70,1,1
71,16,0,71,1,1
71,17,0,72,1,1
72,1,0,57,0,1
72,2,0,58,0,1
72,3,0,59,0,1
72,4,0,60,0,1
72,5,0,61,0,1
72,6,0,62,0,1
72,7,0,63,0,1
72,8,0,64,0,1
73,1,0,52,0,1
73,2,0,53,0,1
73,3,0,54,0,1
73,4,0,55,0,1
73,5,0,56,0,1
73,6,0,57,0,1
73,7,0,58,0,1
73,8,0,59,0,1
73,9,0,60,0,0
73,10,0,61,0,0
73,11,0,62,0,0
73,12,0,63,0,0
73,13,0,64,0,0
73,14,0,65,0,0
73,15,0,66,1,0
73,16,0,67,1,0
73,17,0,68,1,0
73,18,0,69,1,0
73,19,0,70,1,0
73,20,0,71,1,0
73,21,0,72,1,0
73,22,0,73,1,0
74,8,0,67,0,1
74,9,0,68,0,1
74,10,0,69,0,1
74,11,0,70,1,0
74,12,0,71,1,0
74,13,0,72,1,0
74,14,0,73,1,0
74,15,0,74,1,0
74,16,0,75,1,0
74,17,0,76,1,0
74,18,0,77,1,0
74,19,1,78,1,0
75,1,0,55,0,1
75,2,0,56,0,1
75,3,0,57,0,1
75,4,0,58,0,0
75,5,0,59,0,0
75,6,0,60,0,0
75,7,0,61,0,0
75,8,0,62,0,0
75,9,0,63,0,0
75,10,0,64,0,0
75,11,0,65,0,0
75,12,0,66,0,0
75,13,0,67,1,0
75,14,0,68,1,0
75,15,0,69,1,0
75,16,1,70,1,0
76,1,0,61,0,0
76,2,0,62,0,1
76,3,0,63,0,1
76,4,0,64,0,1
76,5,0,65,0,1
76,6,0,66,0,1
76,7,0,67,0,1
77,1,0,51,0,1
77,2,0,52,0,1
77,3,0,53,0,1
77,4,0,54,0,1
77,5,0,55,0,1
77,6,0,56,0,1
77,7,0,57,0,1
77,8,0,58,0,1
77,9,0,59,0,1
77,10,0,60,0,1
77,11,0,61,0,1
77,12,0,62,0,1
77,13,0,63,0,1
77,14,0,64,0,1
77,15,0,65,1,1
77,16,0,66,1,1
77,17,0,67,1,0
77,18,0,68,1,0
77,19,0,69,1,0
77,20,0,70,1,0
77,21,0,71,1,0
77,22,0,72,1,0
77,23,0,73,1,0
77,24,0,74,1,0
77,25,0,75,1,1
77,26,0,76,1,1
77,27,0,77,1,1
77,28,0,78,1,1
77,29,0,79,1,1
77,30,0,80,1,1
77,31,0,81,1,1
77,32,0,82,1,1
77,33,0,83,1,0
77,34,0,84,1,0
77,35,1,85,1,0
78,1,0,53,0,1
78,2,0,54,0,1
78,3,0,55,0,1
78,4,0,56,0,1
78,5,0,57,0,1
78,6,0,58,0,1
78,7,0,59,0,1
78,8,0,60,0,1
78,9,0,61,0,1
78,10,0,62,0,1
78,11,0,63,0,1
78,12,0,64,0,1
78,13,0,65,0,1
78,14,0,66,1,1
78,15,0,67,1,1
78,16,0,68,1,0
78,17,0,69,1,0
78,18,0,70,1,0
78,19,0,71,1,0
78,20,1,72,1,0
79,1,0,56,0,1
79,2,0,57,0,1
79,3,0,58,0,1
79,4,0,59,0,1
79,5,0,60,0,1
79,6,0,61,0,1
79,7,0,62,0,1
79,8,0,63,0,1
79,9,0,64,0,1
79,10,0,65,0,1
79,11,0,66,0,1
79,12,0,67,0,1
79,13,0,68,1,1
79,14,0,69,1,1
79,15,0,70,1,0
79,16,0,71,1,0
79,17,0,72,1,0
79,18,0,73,1,0
79,19,0,74,1,0
79,20,0,75,1,0
79,21,0,76,1,0
79,22,0,77,1,0
79,23,0,78,1,1
79,24,1,79,1,1
80,1,0,40,0,1
80,2,0,41,0,1
80,3,0,42,0,1
80,4,0,43,0,1
80,5,0,44,0,1
80,6,0,45,0,1
80,7,0,46,0,1
80,8,0,47,0,1
80,9,0,48,0,1
80,10,0,49,0,1
80,11,0,50,0,1
80,12,0,51,0,1
80,13,0,52,0,1
80,14,0,53,0,1
80,15,0,54,0,0
80,16,0,55,0,0
80,17,0,56,0,0
80,18,0,57,0,0
80,19,0,58,0,0
80,20,0,59,0,0
80,21,0,60,1,0
80,22,0,61,1,0
80,23,0,62,1,1
80,24,0,63,1,1
80,25,0,64,1,1
80,26,0,65,1,1
80,27,0,66,1,1
80,28,0,67,1,1
80,29,0,68,1,1
80,30,0,69,1,1
80,31,0,70,1,0
80,32,0,71,1,0
80,33,0,72,1,0
80,34,0,73,1,0
80,35,0,74,1,0
80,36,0,75,1,0
80,37,1,76,1,0
81,1,0,49,0,1
81,2,0,50,0,1
81,3,0,51,0,1
81,4,0,52,0,1
81,5,0,53,0,1
81,6,0,54,0,1
81,7,0,55,0,1
81,8,0,56,0,1
81,9,0,57,0,1
81,10,0,58,0,1
82,1,0,62,0,1
82,2,1,63,0,1
83,1,0,49,0,1
83,2,0,50,0,1
83,3,0,51,0,1
83,4,0,52,0,1
83,5,0,53,0,1
83,6,0,54,0,1
83,7,0,55,0,1
83,8,0,56,0,1
83,9,0,57,0,1
83,10,0,58,0,1
83,11,0,59,0,1
83,12,0,60,0,1
83,13,0,61,0,0
83,14,0,62,0,0
84,1,0,48,0,1
84,2,0,49,0,1
84,3,0,50,0,1
84,4,0,51,0,1
84,5,0,52,0,1
84,6,0,53,0,1
84,7,0,54,0,1
85,1,0,57,0,0
85,2,0,58,0,0
85,3,0,59,0,0
85,4,0,60,0,0
85,5,0,61,0,0
85,6,0,62,0,0
85,7,0,63,0,0
85,8,0,64,0,0
85,9,0,65,0,1
85,10,0,66,0,1
85,11,0,67,0,1
85,12,0,68,1,1
85,13,0,69,1,1
85,14,1,70,1,1
86,1,0,56,0,1
86,2,0,57,0,1
86,3,0,58,0,1
86,4,0,59,0,1
86,5,0,60,0,1
86,6,0,61,0,1
86,7,0,62,0,1
86,8,0,63,0,0
87,1,0,49,0,1
87,2,0,50,0,1
87,3,0,51,0,1
87,4,0,52,0,1
87,5,0,53,0,0
87,6,0,54,0,0
87,7,0,55,0,0
87,8,0,56,0,0
87,9,0,57,0,0
87,10,0,58,0,0
87,11,0,59,0,0
87,12,0,60,0,0
87,13,0,61,0,1
87,14,0,62,0,1
87,15,0,63,0,1
87,16,0,64,1,1
87,17,0,65,1,1
87,18,0,66,1,1
87,19,1,67,1,1
88,1,0,58,0,1
88,2,0,59,0,1
88,3,0,60,0,1
88,4,0,61,0,1
88,5,0,62,0,0
88,6,0,63,0,0
88,7,0,64,0,0
88,8,1,65,0,0
89,1,0,62,0,1
89,2,0,63,0,1
89,3,0,64,0,1
89,4,0,65,0,1
89,5,0,66,0,1
89,6,0,67,0,1
89,7,0,68,0,1
89,8,0,69,0,1
89,9,0,70,0,0
89,10,0,71,1,0
89,11,0,72,1,0
89,12,0,73,1,0
89,13,0,74,1,0
89,14,0,75,1,0
89,15,0,76,1,0
89,16,0,77,1,0
89,17,1,78,1,1
90,1,0,55,0,1
90,2,0,56,0,1
90,3,0,57,0,1
90,4,0,58,0,1
90,5,0,59,0,1
90,6,0,60,0,1
90,7,0,61,0,0
90,8,0,62,0,0
90,9,0,63,0,0
90,10,0,64,0,0
90,11,0,65,0,0
90,12,0,66,0,0
90,13,0,67,1,0
90,14,0,68,1,0
90,15,0,69,1,1
90,16,0,70,1,1
90,17,1,71,1,1
91,1,0,50,0,0
91,2,0,51,0,0
91,3,0,52,0,0
91,4,0,53,0,0
91,5,0,54,0,0
91,6,0,55,0,1
91,7,0,56,0,1
91,8,0,57,0,1
91,9,0,58,0,1
91,10,0,59,0,1
91,11,0,60,0,1
91,12,0,61,0,1
91,13,0,62,0,1
91,14,0,63,0,0
91,15,0,64,0,0
91,16,0,65,1,0
91,17,0,66,1,0
91,18,0,67,1,0
91,19,0,68,1,0
91,20,0,69,1,0
91,21,0,70,1,0
91,22,0,71,1,1
91,23,0,72,1,1
91,24,0,73,1,1
91,25,0,74,1,1
91,26,0,75,1,0
91,27,0,76,1,0
91,28,0,77,1,0
91,29,0,78,1,0
91,30,0,79,1,0
91,31,0,80,1,0
91,32,0,81,1,0
91,33,0,82,1,0
91,34,1,83,1,0
92,1,0,56,0,1
92,2,0,57,0,1
92,3,0,58,0,1
92,4,0,59,0,1
92,5,0,60,0,0
92,6,1,61,0,0
93,1,0,43,0,1
93,2,0,44,0,1
93,3,0,45,0,1
93,4,0,46,0,0
93,5,0,47,0,0
93,6,0,48,0,0
93,7,0,49,0,0
93,8,0,50,0,0
93,9,0,51,0,0
93,10,0,52,0,0
93,11,0,53,0,0
93,12,0,54,0,1
93,13,0,55,0,1
93,14,0,56,0,1
93,15,0,57,0,1
93,16,0,58,0,1
93,17,0,59,0,1
93,18,0,60,0,1
93,19,0,61,1,1
93,20,0,62,1,0
93,21,0,63,1,0
93,22,0,64,1,0
93,23,0,65,1,0
94,1,0,44,0,1
94,2,0,45,0,1
94,3,0,46,0,1
94,4,0,47,0,1
94,5,0,48,0,1
94,6,0,49,0,1
94,7,0,50,0,1
94,8,0,51,0,0
94,9,0,52,0,0
94,10,0,53,0,0
94,11,0,54,0,0
94,12,0,55,0,0
94,13,0,56,0,0
94,14,0,57,0,0
94,15,0,58,0,0
94,16,0,59,0,1
94,17,0,60,0,1
94,18,0,61,0,1
94,19,0,62,1,1
94,20,0,63,0,0
94,21,0,64,0,0
94,22,0,65,1,0
94,23,0,66,1,0
94,24,0,67,1,0
94,25,0,68,1,0
94,26,0,69,1,0
94,27,0,70,1,0
94,28,0,71,1,0
94,29,0,72,1,0
94,30,0,73,1,0
94,31,1,74,1,0
95,1,0,54,0,1
95,2,0,55,0,1
95,3,0,56,0,1
95,4,1,57,0,1
96,1,0,55,0,1
96,2,0,56,0,1
96,3,0,57,0,1
96,4,0,58,0,1
96,5,1,59,0,0
97,1,0,59,0,1
97,2,0,60,0,1
97,3,0,61,0,0
97,4,0,62,0,0
97,5,0,63,0,0
97,6,0,64,0,0
97,7,0,65,0,0
97,8,0,66,0,0
97,9,0,67,0,0
97,10,0,68,0,0
97,11,0,69,1,1
97,12,0,70,1,1
97,13,0,71,1,1
97,14,0,72,1,1
97,15,0,73,1,0
97,16,0,74,1,0
97,17,0,75,1,0
97,18,0,76,1,0
97,19,0,77,1,0
97,20,0,78,1,0
97,21,0,79,1,0
97,22,0,80,1,0
97,23,0,81,1,0
97,24,1,82,1,0
98,1,0,61,0,1
98,2,0,62,0,1
98,3,0,63,0,1
98,4,0,64,0,1
98,5,0,65,0,1
98,6,0,66,0,1
98,7,0,67,0,1
98,8,0,68,0,1
98,9,0,69,0,0
98,10,0,70,1,0
98,11,0,71,1,0
98,12,0,72,1,0
98,13,0,73,1,1
98,14,0,74,1,1
98,15,0,75,1,1
98,16,0,76,1,1
98,17,1,77,1,1
99,1,0,61,0,1
99,2,0,62,0,1
99,3,0,63,0,1
99,4,0,64,0,1
99,5,0,65,0,1
99,6,0,66,0,1
99,7,0,67,0,1
99,8,0,68,0,0
99,9,0,69,0,0
99,10,0,70,1,0
99,11,0,71,1,0
99,12,0,72,1,1
99,13,0,73,1,1
99,14,0,74,1,1
99,15,0,75,1,1
99,16,0,76,1,1
99,17,0,77,1,1
99,18,0,78,1,1
99,19,0,79,1,1
99,20,0,80,1,1
99,21,0,81,1,1
99,22,0,82,1,1
99,23,0,83,1,1
100,1,0,64,0,0
100,2,0,65,0,0
100,3,0,66,0,0
100,4,0,67,0,0
100,5,0,68,0,0
100,6,0,69,0,1
100,7,0,70,0,1
100,8,0,71,0,1
100,9,0,72,1,1
100,10,0,73,1,0
100,11,0,74,1,0
100,12,0,75,1,0
100,13,0,76,1,0
100,14,0,77,1,0
100,15,1,78,1,0
101,1,0,47,0,1
101,2,0,48,0,1
101,3,0,49,0,1
101,4,0,50,0,1
101,5,0,51,0,1
101,6,0,52,0,1
101,7,0,53,0,0
101,8,0,54,0,0
101,9,0,55,0,0
101,10,0,56,0,0
101,11,0,57,0,1
101,12,0,58,0,1
101,13,0,59,0,1
101,14,0,60,0,1
101,15,0,61,0,1
101,16,0,62,0,1
101,17,0,63,0,1
101,18,0,64,0,1
101,19,0,65,1,1
101,20,0,66,1,1
101,21,0,67,1,1
101,22,0,68,1,1
102,1,0,55,0,1
102,2,0,56,0,1
102,3,0,57,0,0
102,4,0,58,0,0
102,5,0,59,0,0
102,6,0,60,0,0
102,7,0,61,0,1
102,8,0,62,0,1
102,9,0,63,0,1
102,10,0,64,0,1
102,11,0,65,0,1
102,12,0,66,0,1
102,13,0,67,1,1
102,14,0,68,1,1
102,15,0,69,1,1
102,16,0,70,1,1
102,17,0,71,1,1
102,18,0,72,1,1
103,1,0,51,0,1
103,2,0,52,0,1
103,3,0,53,0,1
103,4,0,54,0,1
103,5,0,55,0,1
103,6,0,56,0,1
103,7,0,57,0,1
103,8,0,58,0,1
103,9,0,59,0,1
103,10,0,60,0,1
103,11,0,61,0,1
103,12,0,62,0,1
104,1,0,50,0,1
104,2,0,51,0,1
104,3,0,52,0,1
104,4,0,53,0,1
104,5,0,54,0,1
104,6,0,55,0,1
104,7,0,56,0,1
105,1,0,51,0,1
105,2,0,52,0,1
105,3,0,53,0,1
105,4,0,54,0,1
105,5,0,55,0,1
105,6,0,56,0,1
106,1,0,51,0,1
106,2,0,52,0,1
106,3,0,53,0,1
107,1,0,43,0,1
107,2,0,44,0,1
