justice,svcstart,service,retire,death,chief,south,age,pension,pagree,threecat
1,0,1,0,0,1,0,44,0,1,0
1,1,2,0,0,1,0,45,0,1,0
1,2,3,0,0,1,0,46,0,1,0
1,3,4,0,0,1,0,47,0,1,0
1,4,5,0,0,1,0,48,0,1,0
1,5,6,0,0,1,0,49,0,1,0
1,6,7,1,0,1,0,50,0,1,1
2,0,1,0,0,0,1,50,0,1,0
2,1,2,0,0,0,1,51,0,1,0
2,2,3,1,0,0,1,52,0,1,1
3,0,1,0,0,0,0,57,0,1,0
3,1,2,0,0,0,0,58,0,1,0
3,2,3,0,0,0,0,59,0,1,0
3,3,4,0,0,0,0,60,0,1,0
3,4,5,0,0,0,0,61,0,1,0
3,5,6,0,0,0,0,62,0,1,0
3,6,7,0,0,0,0,63,0,1,0
3,7,8,0,0,0,0,64,0,1,0
3,8,9,0,0,0,0,65,0,1,0
3,9,10,0,0,0,0,66,0,1,0
3,10,11,0,0,0,0,67,0,1,0
3,11,12,0,0,0,0,68,0,0,0
3,12,13,0,0,0,0,69,0,0,0
3,13,14,0,0,0,0,70,0,0,0
3,14,15,0,0,0,0,71,0,0,0
3,15,16,0,0,0,0,72,0,0,0
3,16,17,0,0,0,0,73,0,0,0
3,17,18,0,0,0,0,74,0,0,0
3,18,19,0,0,0,0,75,0,0,0
3,19,20,0,0,0,0,76,0,0,0
3,20,21,0,1,0,0,77,0,0,2
4,0,1,0,0,0,0,47,0,1,0
4,1,2,0,0,0,0,48,0,1,0
4,2,3,0,0,0,0,49,0,1,0
4,3,4,0,0,0,0,50,0,1,0
4,4,5,0,0,0,0,51,0,1,0
4,5,6,0,0,0,0,52,0,1,0
4,6,7,0,0,0,0,53,0,1,0
4,7,8,0,0,0,0,54,0,1,0
4,8,9,0,0,0,0,55,0,1,0
4,9,10,0,1,0,0,56,0,1,2
5,0,1,0,0,0,1,58,0,1,0
5,1,2,0,0,0,1,59,0,1,0
5,2,3,0,0,0,1,60,0,1,0
5,3,4,0,0,0,1,61,0,1,0
5,4,5,0,0,0,1,62,0,1,0
5,5,6,0,0,0,1,63,0,1,0
5,6,7,1,0,0,1,64,0,1,1
6,0,1,0,0,0,1,38,0,1,0
6,1,2,0,0,0,1,39,0,1,0
6,2,3,0,0,0,1,40,0,1,0
6,3,4,0,0,0,1,41,0,1,0
6,4,5,0,0,0,1,42,0,1,0
6,5,6,0,0,0,1,43,0,1,0
6,6,7,0,0,0,1,44,0,1,0
6,7,8,0,0,0,1,45,0,1,0
6,8,9,0,0,0,1,46,0,1,0
6,9,10,0,1,0,1,47,0,1,2
7,0,1,0,0,0,1,59,0,1,0
7,1,2,1,0,0,1,60,0,1,1
8,0,1,0,0,0,0,47,0,1,0
8,1,2,0,0,0,0,48,0,1,0
8,2,3,0,0,0,0,49,0,1,0
8,3,4,0,0,0,0,50,0,1,0
8,4,5,0,0,0,0,51,0,1,0
8,5,6,0,0,0,0,52,0,1,0
8,6,7,0,0,0,0,53,0,1,0
8,7,8,0,0,0,0,54,0,0,0
8,8,9,0,0,0,0,55,0,0,0
8,9,10,0,0,0,0,56,0,0,0
8,10,11,0,0,0,0,57,0,0,0
8,11,12,0,0,0,0,58,0,0,0
8,12,13,0,0,0,0,59,0,0,0
8,13,14,0,1,0,0,60,0,0,2
9,0,1,0,0,0,1,54,0,1,0
9,1,2,0,0,0,1,55,0,1,0
9,2,3,0,0,0,1,56,0,1,0
9,3,4,0,0,0,1,57,0,1,0
9,4,5,0,0,0,1,58,0,1,0
9,5,6,0,0,0,1,59,0,0,0
9,6,7,0,0,0,1,60,0,0,0
9,7,8,0,0,0,1,61,0,0,0
9,8,9,0,0,0,1,62,0,0,0
9,9,10,0,0,0,1,63,0,0,0
9,10,11,0,0,0,1,64,0,0,0
9,11,12,0,0,0,1,65,0,0,0
9,12,13,0,0,0,1,66,0,0,0
9,13,14,0,0,0,1,67,0,0,0
9,14,15,0,0,0,1,68,0,0,0
9,15,16,0,1,0,1,69,0,0,2
10,0,1,0,0,1,0,50,0,1,0
10,1,2,0,0,1,0,51,0,1,0
10,2,3,0,0,1,0,52,0,1,0
10,3,4,0,0,1,0,53,0,1,0
10,4,5,1,0,1,0,54,0,1,1
11,0,1,0,0,0,1,36,0,1,0
11,1,2,0,0,0,1,37,0,1,0
11,2,3,0,0,0,1,38,0,1,0
11,3,4,0,0,0,1,39,0,1,0
11,4,5,0,0,0,1,40,0,0,0
11,5,6,0,0,0,1,41,0,0,0
11,6,7,0,0,0,1,42,0,0,0
11,7,8,0,0,0,1,43,0,0,0
11,8,9,0,0,0,1,44,0,0,0
11,9,10,0,0,0,1,45,0,0,0
11,10,11,0,0,0,1,46,0,0,0
11,11,12,0,0,0,1,47,0,0,0
11,12,13,0,0,0,1,48,0,0,0
11,13,14,0,0,0,1,49,0,0,0
11,14,15,0,0,0,1,50,0,0,0
11,15,16,0,0,0,1,51,0,0,0
11,16,17,0,0,0,1,52,0,0,0
11,17,18,0,0,0,1,53,0,0,0
11,18,19,0,0,0,1,54,0,0,0
11,19,20,0,0,0,1,55,0,0,0
11,20,21,0,0,0,1,56,0,0,0
11,21,22,0,0,0,1,57,0,0,0
11,22,23,0,0,0,1,58,0,0,0
11,23,24,0,0,0,1,59,0,0,0
11,24,25,0,0,0,1,60,0,0,0
11,25,26,0,0,0,1,61,0,0,0
11,26,27,0,0,0,1,62,0,0,0
11,27,28,0,0,0,1,63,0,0,0
11,28,29,0,0,0,1,64,0,0,0
11,29,30,0,0,0,1,65,0,0,0
11,30,31,0,0,0,1,66,0,0,0
11,31,32,0,0,0,1,67,0,0,0
11,32,33,0,1,0,1,68,0,0,2
12,0,1,0,0,0,1,45,0,1,0
12,1,2,0,0,0,1,46,0,0,0
12,2,3,0,0,0,1,47,0,0,0
12,3,4,0,0,0,1,48,0,0,0
12,4,5,1,0,0,1,49,0,0,1
13,0,1,0,0,1,1,45,0,0,0
13,1,2,0,0,1,1,46,0,0,0
13,2,3,0,0,1,1,47,0,0,0
13,3,4,0,0,1,1,48,0,0,0
13,4,5,0,0,1,1,49,0,0,0
13,5,6,0,0,1,1,50,0,0,0
13,6,7,0,0,1,1,51,0,0,0
13,7,8,0,0,1,1,52,0,0,0
13,8,9,0,0,1,1,53,0,0,0
13,9,10,0,0,1,1,54,0,0,0
13,10,11,0,0,1,1,55,0,0,0
13,11,12,0,0,1,1,56,0,0,0
13,12,13,0,0,1,1,57,0,0,0
13,13,14,0,0,1,1,58,0,0,0
13,14,15,0,0,1,1,59,0,0,0
13,15,16,0,0,1,1,60,0,0,0
13,16,17,0,0,1,1,61,0,0,0
13,17,18,0,0,1,1,62,0,0,0
13,18,19,0,0,1,1,63,0,0,0
13,19,20,0,0,1,1,64,0,0,0
13,20,21,0,0,1,1,65,0,0,0
13,21,22,0,0,1,1,66,0,0,0
13,22,23,0,0,1,1,67,0,0,0
13,23,24,0,0,1,1,68,0,0,0
13,24,25,0,0,1,1,69,0,0,0
13,25,26,0,0,1,1,70,0,0,0
13,26,27,0,0,1,1,71,0,0,0
13,27,28,0,0,1,1,72,0,0,0
13,28,29,0,0,1,1,73,0,0,0
13,29,30,0,0,1,1,74,0,0,0
13,30,31,0,0,1,1,75,0,0,0
13,31,32,0,0,1,1,76,0,0,0
13,32,33,0,0,1,1,77,0,0,0
13,33,34,0,0,1,1,78,0,0,0
13,34,35,0,1,1,1,79,0,0,2
14,0,1,0,0,0,1,32,0,1,0
14,1,2,0,0,0,1,33,0,1,0
14,2,3,0,0,0,1,34,0,1,0
14,3,4,0,0,0,1,35,0,1,0
14,4,5,0,0,0,1,36,0,1,0
14,5,6,0,0,0,1,37,0,1,0
14,6,7,0,0,0,1,38,0,1,0
14,7,8,0,0,0,1,39,0,1,0
14,8,9,0,0,0,1,40,0,1,0
14,9,10,0,0,0,1,41,0,1,0
14,10,11,0,0,0,1,42,0,1,0
14,11,12,0,0,0,1,43,0,1,0
14,12,13,0,0,0,1,44,0,1,0
14,13,14,0,0,0,1,45,0,1,0
14,14,15,0,0,0,1,46,0,1,0
14,15,16,0,0,0,1,47,0,1,0
14,16,17,0,0,0,1,48,0,1,0
14,17,18,0,0,0,1,49,0,1,0
14,18,19,0,0,0,1,50,0,1,0
14,19,20,0,0,0,1,51,0,1,0
14,20,21,0,0,0,1,52,0,1,0
14,21,22,0,0,0,1,53,0,1,0
14,22,23,0,0,0,1,54,0,1,0
14,23,24,0,0,0,1,55,0,1,0
14,24,25,0,0,0,1,56,0,1,0
14,25,26,0,0,0,1,57,0,1,0
14,26,27,0,0,0,1,58,0,1,0
14,27,28,0,0,0,1,59,0,1,0
14,28,29,0,0,0,1,60,0,1,0
14,29,30,0,0,0,1,61,0,1,0
14,30,31,0,1,0,1,62,0,1,2
15,0,1,0,0,0,0,49,0,1,0
15,1,2,0,0,0,0,50,0,1,0
15,2,3,0,0,0,0,51,0,1,0
15,3,4,0,0,0,0,52,0,1,0
15,4,5,0,0,0,0,53,0,1,0
15,5,6,0,0,0,0,54,0,1,0
15,6,7,0,0,0,0,55,0,1,0
15,7,8,0,0,0,0,56,0,1,0
15,8,9,0,0,0,0,57,0,1,0
15,9,10,0,0,0,0,58,0,1,0
15,10,11,0,0,0,0,59,0,1,0
15,11,12,0,0,0,0,61,0,1,0
15,12,13,0,0,0,0,61,0,1,0
15,13,14,0,0,0,0,62,0,1,0
15,14,15,0,0,0,0,63,0,1,0
15,15,16,0,0,0,0,64,0,1,0
15,16,17,0,1,0,0,65,0,1,2
16,0,1,0,0,0,1,42,0,1,0
16,1,2,0,0,0,1,43,0,1,0
16,2,3,0,0,0,1,44,0,1,0
16,3,4,0,0,0,1,45,0,1,0
16,4,5,0,0,0,1,46,0,1,0
16,5,6,0,0,0,1,47,0,1,0
16,6,7,0,0,0,1,48,0,1,0
16,7,8,0,0,0,1,49,0,1,0
16,8,9,0,0,0,1,50,0,1,0
16,9,10,0,0,0,1,51,0,1,0
16,10,11,0,0,0,1,52,0,1,0
16,11,12,0,0,0,1,53,0,1,0
16,12,13,0,0,0,1,54,0,1,0
16,13,14,0,0,0,1,55,0,1,0
16,14,15,0,0,0,1,56,0,1,0
16,15,16,0,0,0,1,57,0,1,0
16,16,17,0,0,0,1,58,0,1,0
16,17,18,0,0,0,1,59,0,1,0
16,18,19,0,0,0,1,60,0,1,0
16,19,20,0,1,0,1,61,0,1,2
17,0,1,0,0,0,1,58,0,1,0
17,1,2,0,0,0,1,59,0,1,0
17,2,3,0,0,0,1,60,0,1,0
17,3,4,0,0,0,1,61,0,1,0
17,4,5,0,0,0,1,62,0,1,0
17,5,6,0,0,0,1,63,0,1,0
17,6,7,0,0,0,1,64,0,1,0
17,7,8,0,0,0,1,65,0,1,0
17,8,9,0,0,0,1,66,0,1,0
17,9,10,0,0,0,1,67,0,1,0
17,10,11,0,0,0,1,68,0,1,0
17,11,12,0,0,0,1,69,0,1,0
17,12,13,0,0,0,1,70,0,1,0
17,13,14,0,0,0,1,71,0,1,0
17,14,15,0,0,0,1,72,0,1,0
17,15,16,0,0,0,1,73,0,1,0
17,16,17,0,0,0,1,74,0,1,0
17,17,18,0,0,0,1,75,0,1,0
17,18,19,0,0,0,1,76,0,1,0
17,19,20,0,0,0,1,77,0,1,0
17,20,21,0,0,0,1,78,0,1,0
17,21,22,0,0,0,1,79,0,1,0
17,22,23,0,0,0,1,80,0,1,0
17,23,24,0,0,0,1,81,0,1,0
17,24,25,1,0,0,1,82,0,1,1
18,0,1,0,0,0,0,32,0,1,0
18,1,2,0,0,0,0,33,0,1,0
18,2,3,0,0,0,0,34,0,1,0
18,3,4,0,0,0,0,35,0,1,0
18,4,5,0,0,0,0,36,0,1,0
18,5,6,0,0,0,0,37,0,1,0
18,6,7,0,0,0,0,38,0,1,0
18,7,8,0,0,0,0,39,0,1,0
18,8,9,0,0,0,0,40,0,1,0
18,9,10,0,0,0,0,41,0,1,0
18,10,11,0,0,0,0,42,0,1,0
18,11,12,0,0,0,0,43,0,1,0
18,12,13,0,0,0,0,44,0,1,0
18,13,14,0,0,0,0,45,0,1,0
18,14,15,0,0,0,0,46,0,1,0
18,15,16,0,0,0,0,47,0,1,0
18,16,17,0,0,0,0,48,0,1,0
18,17,18,0,0,0,0,49,0,1,0
18,18,19,0,0,0,0,50,0,1,0
18,19,20,0,0,0,0,51,0,1,0
18,20,21,0,0,0,0,52,0,1,0
18,21,22,0,0,0,0,53,0,1,0
18,22,23,0,0,0,0,54,0,1,0
18,23,24,0,0,0,0,55,0,1,0
18,24,25,0,0,0,0,56,0,1,0
18,25,26,0,0,0,0,57,0,1,0
18,26,27,0,0,0,0,58,0,1,0
18,27,28,0,0,0,0,59,0,1,0
18,28,29,0,0,0,0,60,0,1,0
18,29,30,0,0,0,0,61,0,0,0
18,30,31,0,0,0,0,62,0,0,0
18,31,32,0,0,0,0,63,0,0,0
18,32,33,0,0,0,0,64,0,0,0
18,33,34,0,1,0,0,65,0,1,2
19,0,1,0,0,0,0,55,0,1,0
19,1,2,0,0,0,0,56,0,1,0
19,2,3,0,0,0,0,57,0,1,0
19,3,4,0,0,0,0,58,0,1,0
19,4,5,0,0,0,0,59,0,1,0
19,5,6,0,0,0,0,60,0,1,0
19,6,7,0,0,0,0,61,0,1,0
19,7,8,0,0,0,0,62,0,1,0
19,8,9,0,0,0,0,63,0,1,0
19,9,10,0,0,0,0,64,0,1,0
19,10,11,0,0,0,0,65,0,1,0
19,11,12,0,0,0,0,66,0,1,0
19,12,13,0,0,0,0,67,0,1,0
19,13,14,0,0,0,0,68,0,1,0
19,14,15,0,0,0,0,69,0,1,0
19,15,16,0,0,0,0,70,0,1,0
19,16,17,0,0,0,0,71,0,1,0
19,17,18,0,0,0,0,72,0,1,0
19,18,19,0,0,0,0,73,0,0,0
19,19,20,0,0,0,0,74,0,0,0
19,20,21,0,1,0,0,75,0,0,2
20,0,1,0,0,0,1,49,0,1,0
20,1,2,0,0,0,1,50,0,1,0
20,2,3,0,1,0,1,51,0,1,2
21,0,1,0,0,0,0,44,0,1,0
21,1,2,0,0,0,0,45,0,1,0
21,2,3,0,0,0,0,46,0,1,0
21,3,4,0,0,0,0,47,0,1,0
21,4,5,0,0,0,0,48,0,1,0
21,5,6,0,0,0,0,49,0,1,0
21,6,7,0,0,0,0,50,0,1,0
21,7,8,0,0,0,0,51,0,1,0
21,8,9,0,0,0,0,52,0,1,0
21,9,10,0,0,0,0,53,0,1,0
21,10,11,0,0,0,0,54,0,1,0
21,11,12,0,0,0,0,55,0,0,0
21,12,13,0,0,0,0,56,0,0,0
21,13,14,0,0,0,0,57,0,0,0
21,14,15,0,0,0,0,58,0,0,0
21,15,16,0,0,0,0,59,0,1,0
21,16,17,0,0,0,0,60,0,1,0
21,17,18,0,0,0,0,61,0,1,0
21,18,19,0,0,0,0,62,0,1,0
21,19,20,0,0,0,0,63,0,0,0
21,20,21,0,0,0,0,64,0,0,0
21,21,22,0,0,0,0,65,0,0,0
21,22,23,0,0,0,0,66,0,0,0
21,23,24,0,0,0,0,67,0,1,0
21,24,25,0,0,0,0,68,0,1,0
21,25,26,0,0,0,0,69,0,1,0
21,26,27,0,0,0,0,70,0,1,0
21,27,28,0,0,0,0,71,0,1,0
21,28,29,0,0,0,0,72,0,1,0
21,29,30,0,0,0,0,73,0,1,0
21,30,31,0,0,0,0,74,0,1,0
21,31,32,0,1,0,0,75,0,0,2
22,0,1,0,0,0,0,50,0,1,0
22,1,2,0,0,0,0,51,0,1,0
22,2,3,0,0,0,0,52,0,1,0
22,3,4,0,0,0,0,53,0,1,0
22,4,5,0,0,0,0,54,0,1,0
22,5,6,0,0,0,0,55,0,1,0
22,6,7,0,0,0,0,56,0,1,0
22,7,8,0,0,0,0,57,0,1,0
22,8,9,0,0,0,0,58,0,1,0
22,9,10,0,0,0,0,59,0,1,0
22,10,11,0,0,0,0,60,0,1,0
22,11,12,0,0,0,0,61,0,0,0
22,12,13,0,0,0,0,62,0,0,0
22,13,14,0,0,0,0,63,0,0,0
22,14,15,0,1,0,0,64,0,0,2
23,0,1,0,0,0,1,45,0,1,0
23,1,2,0,0,0,1,46,0,1,0
23,2,3,0,0,0,1,47,0,1,0
23,3,4,0,0,0,1,48,0,1,0
23,4,5,0,0,0,1,49,0,1,0
23,5,6,0,0,0,1,50,0,1,0
23,6,7,0,0,0,1,51,0,0,0
23,7,8,0,0,0,1,52,0,0,0
23,8,9,0,0,0,1,53,0,0,0
23,9,10,0,0,0,1,54,0,0,0
23,10,11,0,0,0,1,55,0,1,0
23,11,12,0,0,0,1,56,0,1,0
23,12,13,0,0,0,1,57,0,1,0
23,13,14,0,0,0,1,58,0,1,0
23,14,15,0,0,0,1,59,0,0,0
23,15,16,0,0,0,1,60,0,0,0
23,16,17,0,0,0,1,61,0,0,0
23,17,18,0,0,0,1,62,0,0,0
23,18,19,0,0,0,1,63,0,1,0
23,19,20,0,0,0,1,64,0,1,0
23,20,21,0,0,0,1,65,0,1,0
23,21,22,0,0,0,1,66,0,1,0
23,22,23,0,0,0,1,67,0,1,0
23,23,24,0,0,0,1,68,0,1,0
23,24,25,0,0,0,1,69,0,1,0
23,25,26,0,0,0,1,70,0,1,0
23,26,27,0,0,0,1,71,0,0,0
23,27,28,0,0,0,1,72,0,0,0
23,28,29,0,0,0,1,73,0,0,0
23,29,30,0,0,0,1,74,0,0,0
23,30,31,0,0,0,1,75,0,0,0
23,31,32,0,0,0,1,76,0,1,0
23,32,33,0,1,0,1,77,0,1,2
24,0,1,0,0,1,1,59,0,1,0
24,1,2,0,0,1,1,60,0,1,0
24,2,3,0,0,1,1,61,0,1,0
24,3,4,0,0,1,1,62,0,1,0
24,4,5,0,0,1,1,63,0,1,0
24,5,6,0,0,1,1,64,0,0,0
24,6,7,0,0,1,1,65,0,0,0
24,7,8,0,0,1,1,66,0,0,0
24,8,9,0,0,1,1,67,0,0,0
24,9,10,0,0,1,1,68,0,1,0
24,10,11,0,0,1,1,69,0,1,0
24,11,12,0,0,1,1,70,0,1,0
24,12,13,0,0,1,1,71,0,1,0
24,13,14,0,0,1,1,72,0,0,0
24,14,15,0,0,1,1,73,0,0,0
24,15,16,0,0,1,1,74,0,0,0
24,16,17,0,0,1,1,75,0,0,0
24,17,18,0,0,1,1,76,0,1,0
24,18,19,0,0,1,1,77,0,1,0
24,19,20,0,0,1,1,78,0,1,0
24,20,21,0,0,1,1,79,0,1,0
24,21,22,0,0,1,1,80,0,1,0
24,22,23,0,0,1,1,81,0,1,0
24,23,24,0,0,1,1,82,0,1,0
24,24,25,0,0,1,1,83,0,1,0
24,25,26,0,0,1,1,84,0,0,0
24,26,27,0,0,1,1,85,0,0,0
24,27,28,0,0,1,1,86,0,0,0
24,28,29,0,1,1,1,87,0,0,2
25,0,1,0,0,0,1,52,0,1,0
25,1,2,0,0,0,1,53,0,1,0
25,2,3,0,0,0,1,54,0,1,0
25,3,4,0,0,0,1,55,0,1,0
25,4,5,0,0,0,1,56,0,1,0
25,5,6,0,1,0,1,57,0,0,2
26,6,7,0,0,0,1,58,0,1,0
26,7,8,0,0,0,1,59,0,1,0
26,8,9,0,0,0,1,60,0,1,0
26,9,10,0,0,0,1,61,0,1,0
26,10,11,0,0,0,1,62,0,0,0
26,11,12,0,0,0,1,63,0,0,0
26,12,13,0,0,0,1,64,0,0,0
26,13,14,0,0,0,1,65,0,0,0
26,14,15,0,0,0,1,66,0,1,0
26,15,16,0,0,0,1,67,0,1,0
26,16,17,0,0,0,1,68,0,1,0
26,17,18,0,0,0,1,69,0,1,0
26,18,19,0,0,0,1,70,0,0,0
26,19,20,0,0,0,1,71,0,0,0
26,20,21,0,0,0,1,72,0,0,0
26,21,22,0,0,0,1,73,0,0,0
26,22,23,0,0,0,1,74,0,1,0
26,23,24,0,0,0,1,75,0,1,0
26,24,25,0,0,0,1,76,0,1,0
26,25,26,0,0,0,1,77,0,1,0
26,26,27,0,0,0,1,78,0,1,0
26,27,28,0,0,0,1,79,0,1,0
26,28,29,0,0,0,1,80,0,1,0
26,29,30,0,0,0,1,81,0,1,0
26,30,31,0,0,0,1,82,0,0,0
26,31,32,0,0,0,1,83,0,0,0
26,32,33,0,0,0,1,84,0,0,0
26,33,34,0,0,0,1,85,0,0,0
26,34,35,0,1,0,1,86,0,0,2
27,0,1,0,0,0,1,57,0,1,0
27,1,2,0,0,0,1,58,0,1,0
27,2,3,0,0,0,1,59,0,1,0
27,3,4,0,0,0,1,60,0,0,0
27,4,5,0,0,0,1,61,0,0,0
27,5,6,0,0,0,1,62,0,0,0
27,6,7,0,0,0,1,63,0,0,0
27,7,8,0,0,0,1,64,0,1,0
27,8,9,0,0,0,1,65,0,1,0
27,9,10,0,0,0,1,66,0,1,0
27,10,11,0,0,0,1,67,0,1,0
27,11,12,0,0,0,1,68,0,0,0
27,12,13,0,0,0,1,69,0,0,0
27,13,14,0,0,0,1,70,0,0,0
27,14,15,0,1,0,1,71,0,0,2
28,0,1,0,0,0,1,57,0,0,0
28,1,2,0,0,0,1,58,0,0,0
28,2,3,0,0,0,1,59,0,0,0
28,3,4,0,0,0,1,60,0,1,0
28,4,5,0,0,0,1,61,0,1,0
28,5,6,0,0,0,1,62,0,1,0
28,6,7,0,0,0,1,63,0,1,0
28,7,8,0,0,0,1,64,0,0,0
28,8,9,0,0,0,1,65,0,0,0
28,9,10,0,0,0,1,66,0,0,0
28,10,11,0,0,0,1,67,0,0,0
28,11,12,0,0,0,1,68,0,1,0
28,12,13,0,0,0,1,69,0,1,0
28,13,14,0,0,0,1,70,0,1,0
28,14,15,0,0,0,1,71,0,1,0
28,15,16,0,0,0,1,72,0,1,0
28,16,17,0,0,0,1,73,0,1,0
28,17,18,0,0,0,1,74,0,1,0
28,18,19,0,1,0,1,75,0,1,2
29,0,1,0,0,0,0,52,0,1,0
29,1,2,0,0,0,0,53,0,1,0
29,2,3,0,0,0,0,54,0,1,0
29,3,4,0,0,0,0,55,0,1,0
29,4,5,0,0,0,0,56,0,0,0
29,5,6,0,0,0,0,57,0,0,0
29,6,7,0,0,0,0,58,0,0,0
29,7,8,0,0,0,0,59,0,0,0
29,8,9,0,0,0,0,60,0,1,0
29,9,10,0,0,0,0,61,0,1,0
29,10,11,0,0,0,0,62,0,1,0
29,11,12,0,0,0,0,63,0,1,0
29,12,13,0,0,0,0,64,0,1,0
29,13,14,0,0,0,0,65,0,1,0
29,14,15,0,0,0,0,66,0,1,0
29,15,16,0,0,0,0,67,0,1,0
29,16,17,0,0,0,0,68,0,0,0
29,17,18,0,0,0,0,69,0,0,0
29,18,19,0,0,0,0,70,0,0,0
29,19,20,0,0,0,0,71,0,0,0
29,20,21,0,0,0,0,72,0,0,0
29,21,22,0,0,0,0,73,0,1,0
29,22,23,0,0,0,0,74,0,1,0
29,23,24,0,0,0,0,75,0,1,0
29,24,25,0,0,0,0,76,0,0,0
29,25,26,0,0,0,0,77,1,0,0
29,26,27,0,0,0,0,78,1,0,0
29,27,28,1,0,0,0,79,1,0,1
30,0,1,0,0,0,0,55,0,1,0
30,1,2,0,0,0,0,56,0,1,0
30,2,3,0,0,0,0,57,0,1,0
30,3,4,0,0,0,0,58,0,1,0
30,4,5,0,0,0,0,59,0,0,0
30,5,6,0,0,0,0,60,0,0,0
30,6,7,0,1,0,0,61,0,0,2
31,0,1,0,0,0,0,52,0,1,0
31,1,2,0,0,0,0,53,0,1,0
31,2,3,0,0,0,0,54,0,1,0
31,3,4,0,0,0,0,55,0,0,0
31,4,5,0,0,0,0,56,0,0,0
31,5,6,0,0,0,0,57,0,0,0
31,6,7,0,0,0,0,58,0,0,0
31,7,8,0,0,0,0,59,0,1,0
31,8,9,0,0,0,0,60,0,1,0
31,9,10,0,0,0,0,61,0,1,0
31,10,11,0,0,0,0,62,0,1,0
31,11,12,0,0,0,0,63,0,1,0
31,12,13,0,0,0,0,64,0,1,0
31,13,14,0,0,0,0,65,0,1,0
31,14,15,0,0,0,0,66,0,1,0
31,15,16,0,0,0,0,67,0,0,0
31,16,17,0,0,0,0,68,0,0,0
31,17,18,0,0,0,0,69,0,0,0
31,18,19,0,0,0,0,70,0,0,0
31,19,20,0,0,0,0,71,0,0,0
31,20,21,0,0,0,0,72,0,1,0
31,21,22,0,0,0,0,73,0,1,0
31,22,23,0,0,0,0,74,0,1,0
31,23,24,0,0,0,0,75,0,0,0
31,24,25,1,0,0,0,76,1,0,1
32,0,1,0,0,0,0,41,0,1,0
32,1,2,0,0,0,0,42,0,1,0
32,2,3,0,0,0,0,43,0,0,0
32,3,4,0,0,0,0,44,0,0,0
32,4,5,0,0,0,0,45,0,0,0
32,5,6,0,0,0,0,46,0,0,0
32,6,7,1,0,0,0,47,0,0,1
33,0,1,0,0,0,1,41,0,1,0
33,1,2,0,0,0,1,42,0,1,0
33,2,3,0,0,0,1,43,0,1,0
33,3,4,0,0,0,1,44,0,1,0
33,4,5,0,0,0,1,45,0,1,0
33,5,6,0,0,0,1,46,0,1,0
33,6,7,0,0,0,1,47,0,1,0
33,7,8,0,0,0,1,48,0,1,0
33,8,9,1,0,0,1,49,0,0,1
34,0,1,0,0,0,0,54,0,1,0
34,1,2,0,0,0,0,55,0,1,0
34,2,3,0,0,0,0,56,0,1,0
34,3,4,0,0,0,0,57,0,0,0
34,4,5,0,0,0,0,58,0,0,0
34,5,6,0,0,0,0,59,0,0,0
34,6,7,0,0,0,0,60,0,0,0
34,7,8,0,0,0,0,61,0,0,0
34,8,9,0,0,0,0,62,0,1,0
34,9,10,0,0,0,0,63,0,1,0
34,10,11,0,0,0,0,64,0,1,0
34,11,12,0,0,0,0,65,0,0,0
34,12,13,0,0,0,0,66,0,0,0
34,13,14,0,0,0,0,67,0,0,0
34,14,15,0,0,0,0,68,0,0,0
34,15,16,0,0,0,0,69,0,0,0
34,16,17,0,0,0,0,70,1,0,0
34,17,18,0,0,0,0,71,1,0,0
34,18,19,0,0,0,0,72,1,0,0
34,19,20,0,0,0,0,73,1,0,0
34,20,21,0,0,0,0,74,1,0,0
34,21,22,0,0,0,0,75,1,0,0
34,22,23,0,0,0,0,76,1,0,0
34,23,24,0,1,0,0,77,1,0,2
35,0,1,0,0,0,0,57,0,1,0
35,1,2,0,0,0,0,58,0,1,0
35,2,3,0,0,0,0,59,0,1,0
35,3,4,0,0,0,0,60,0,1,0
35,4,5,0,0,0,0,61,0,0,0
35,5,6,0,0,0,0,62,0,0,0
35,6,7,0,0,0,0,63,0,0,0
35,7,8,0,0,0,0,64,0,1,0
35,8,9,0,0,0,0,65,0,1,0
35,9,10,0,0,0,0,66,0,1,0
35,10,11,0,0,0,0,67,0,1,0
35,11,12,0,0,0,0,68,0,1,0
35,12,13,0,0,0,0,69,0,1,0
35,13,14,0,0,0,0,70,1,1,0
35,14,15,0,0,0,0,71,1,1,0
35,15,16,0,0,0,0,72,1,1,0
35,16,17,0,0,0,0,73,1,1,0
35,17,18,0,0,0,0,74,1,1,0
35,18,19,0,0,0,0,75,1,1,0
35,19,20,1,0,0,0,76,1,1,1
36,0,1,0,0,0,0,46,0,1,0
36,1,2,0,0,0,0,47,0,1,0
36,2,3,0,0,0,0,48,0,1,0
36,3,4,0,0,0,0,49,0,1,0
36,4,5,0,0,0,0,50,0,0,0
36,5,6,0,0,0,0,51,0,0,0
36,6,7,0,0,0,0,52,0,0,0
36,7,8,0,0,0,0,53,0,1,0
36,8,9,0,0,0,0,54,0,1,0
36,9,10,0,0,0,0,55,0,1,0
36,10,11,0,0,0,0,56,0,1,0
36,11,12,0,0,0,0,57,0,1,0
36,12,13,0,0,0,0,58,0,1,0
36,13,14,0,0,0,0,59,0,1,0
36,14,15,0,0,0,0,60,0,1,0
36,15,16,0,0,0,0,61,0,1,0
36,16,17,0,0,0,0,62,0,1,0
36,17,18,0,0,0,0,63,0,1,0
36,18,19,0,0,0,0,64,0,1,0
36,19,20,0,0,0,0,65,0,1,0
36,20,21,0,0,0,0,66,0,1,0
36,21,22,0,0,0,0,67,0,1,0
36,22,23,0,0,0,0,68,0,1,0
36,23,24,0,0,0,0,69,0,0,0
36,24,25,0,0,0,0,70,1,0,0
36,25,26,0,0,0,0,71,1,0,0
36,26,27,0,0,0,0,72,1,0,0
36,27,28,0,0,0,0,73,1,1,0
36,28,29,0,1,0,0,74,1,1,2
37,0,1,0,0,0,0,47,0,1,0
37,1,2,0,0,0,0,48,0,1,0
37,2,3,0,0,0,0,49,0,1,0
37,3,4,0,0,0,0,50,0,1,0
37,4,5,0,0,0,0,51,0,0,0
37,5,6,0,0,0,0,52,0,0,0
37,6,7,0,0,0,0,53,0,0,0
37,7,8,0,0,0,0,54,0,1,0
37,8,9,0,0,0,0,55,0,1,0
37,9,10,0,0,0,0,56,0,1,0
37,10,11,0,0,0,0,57,0,1,0
37,11,12,0,0,0,0,58,0,1,0
37,12,13,0,0,0,0,59,0,1,0
37,13,14,0,0,0,0,60,0,1,0
37,14,15,0,0,0,0,61,0,1,0
37,15,16,1,0,0,0,62,0,1,1
38,0,1,0,0,0,0,46,0,0,0
38,1,2,0,0,0,0,47,0,0,0
38,2,3,0,0,0,0,48,0,0,0
38,3,4,0,0,0,0,49,0,1,0
38,4,5,0,0,0,0,50,0,1,0
38,5,6,0,0,0,0,51,0,1,0
38,6,7,0,0,0,0,52,0,0,0
38,7,8,0,0,0,0,53,0,0,0
38,8,9,0,0,0,0,54,0,0,0
38,9,10,0,0,0,0,55,0,0,0
38,10,11,0,0,0,0,56,0,0,0
38,11,12,0,0,0,0,57,0,0,0
38,12,13,0,0,0,0,58,0,0,0
38,13,14,0,0,0,0,59,0,0,0
38,14,15,0,0,0,0,60,0,0,0
38,15,16,0,0,0,0,61,0,0,0
38,16,17,0,0,0,0,62,0,0,0
38,17,18,0,0,0,0,63,0,0,0
38,18,19,0,0,0,0,64,0,0,0
38,19,20,0,0,0,0,65,0,0,0
38,20,21,0,0,0,0,66,0,0,0
38,21,22,0,0,0,0,67,0,0,0
38,22,23,0,0,0,0,68,0,1,0
38,23,24,0,0,0,0,69,0,1,0
38,24,25,0,0,0,0,70,1,1,0
38,25,26,0,0,0,0,71,1,1,0
38,26,27,0,0,0,0,72,1,0,0
38,27,28,0,0,0,0,73,1,0,0
38,28,29,0,0,0,0,74,1,0,0
38,29,30,0,0,0,0,75,1,0,0
38,30,31,0,0,0,0,76,1,1,0
38,31,32,0,0,0,0,77,1,1,0
38,32,33,0,0,0,0,78,1,1,0
38,33,34,0,0,0,0,79,1,1,0
38,34,35,1,0,0,0,80,1,0,1
39,0,1,0,0,1,0,56,0,1,0
39,1,2,0,0,1,0,57,0,1,0
39,2,3,0,0,1,0,58,0,0,0
39,3,4,0,0,1,0,59,0,0,0
39,4,5,0,0,1,0,60,0,0,0
39,5,6,0,0,1,0,61,0,1,0
39,6,7,0,0,1,0,62,0,1,0
39,7,8,0,0,1,0,63,0,1,0
39,8,9,0,0,1,0,64,0,1,0
39,9,10,0,1,1,0,65,0,1,2
40,0,1,0,0,0,0,61,0,1,0
40,1,2,0,0,0,0,62,0,1,0
40,2,3,0,0,0,0,63,0,1,0
40,3,4,0,0,0,0,64,0,1,0
40,4,5,0,0,0,0,65,0,1,0
40,5,6,0,0,0,0,66,0,1,0
40,6,7,0,0,0,0,67,0,1,0
40,7,8,0,0,0,0,68,0,1,0
40,8,9,0,0,0,0,69,0,1,0
40,9,10,0,0,0,0,70,1,1,0
40,10,11,1,0,0,0,71,1,1,1
41,0,1,0,0,0,0,57,0,1,0
41,1,2,0,0,0,0,58,0,1,0
41,2,3,0,0,0,0,59,0,1,0
41,3,4,0,0,0,0,60,0,1,0
41,4,5,0,0,0,0,61,0,1,0
41,5,6,0,0,0,0,62,0,1,0
41,6,7,0,0,0,0,63,0,1,0
41,7,8,0,0,0,0,64,0,1,0
41,8,9,0,0,0,0,65,0,1,0
41,9,10,0,0,0,0,66,0,1,0
41,10,11,0,0,0,0,67,0,1,0
41,11,12,0,0,0,0,68,0,1,0
41,12,13,0,0,0,0,69,0,1,0
41,13,14,0,0,0,0,70,1,1,0
41,14,15,0,0,0,0,71,1,1,0
41,15,16,0,0,0,0,72,1,0,0
41,16,17,0,0,0,0,73,1,0,0
41,17,18,0,0,0,0,74,1,0,0
41,18,19,0,0,0,0,75,1,0,0
41,19,20,0,0,0,0,76,1,1,0
41,20,21,0,0,0,0,77,1,1,0
41,21,22,0,0,0,0,78,1,1,0
41,22,23,0,1,0,0,79,1,1,2
42,0,1,0,0,0,0,62,0,1,0
42,1,2,0,0,0,0,63,0,1,0
42,2,3,0,0,0,0,64,0,1,0
42,3,4,0,0,0,0,65,0,1,0
42,4,5,0,0,0,0,66,0,1,0
42,5,6,0,0,0,0,67,0,1,0
42,6,7,0,0,0,0,68,0,1,0
42,7,8,0,0,0,0,69,0,1,0
42,8,9,0,0,0,0,70,0,1,0
42,9,10,1,0,0,0,71,1,1,1
43,0,1,0,0,1,0,57,0,1,0
43,1,2,0,0,1,0,58,0,1,0
43,2,3,0,0,1,0,59,0,1,0
43,3,4,0,0,1,0,60,0,1,0
43,4,5,0,0,1,0,61,0,1,0
43,5,6,0,0,1,0,62,0,1,0
43,6,7,0,0,1,0,63,0,1,0
43,7,8,0,0,1,0,64,0,1,0
43,8,9,0,0,1,0,65,0,1,0
43,9,10,0,0,1,0,66,0,1,0
43,10,11,0,0,1,0,67,0,1,0
43,11,12,0,0,1,0,68,0,0,0
43,12,13,0,0,1,0,69,0,0,0
43,13,14,0,0,1,0,70,1,0,0
43,14,15,0,1,1,0,71,1,0,2
44,0,1,0,0,0,1,44,0,1,0
44,1,2,0,0,0,1,45,0,1,0
44,2,3,0,0,0,1,46,0,1,0
44,3,4,0,0,0,1,47,0,1,0
44,4,5,0,0,0,1,48,0,1,0
44,5,6,0,0,0,1,49,0,1,0
44,6,7,0,0,0,1,50,0,1,0
44,7,8,0,0,0,1,51,0,1,0
44,8,9,0,0,0,1,52,0,0,0
44,9,10,0,0,0,1,53,0,0,0
44,10,11,0,0,0,1,54,0,0,0
44,11,12,0,0,0,1,55,0,0,0
44,12,13,0,0,0,1,56,0,1,0
44,13,14,0,0,0,1,57,0,1,0
44,14,15,0,0,0,1,58,0,1,0
44,15,16,0,0,0,1,59,0,1,0
44,16,17,0,0,0,1,60,0,0,0
44,17,18,0,0,0,1,61,0,0,0
44,18,19,0,0,0,1,62,0,0,0
44,19,20,0,0,0,1,63,0,0,0
44,20,21,0,0,0,1,64,0,1,0
44,21,22,0,0,0,1,65,0,1,0
44,22,23,0,0,0,1,66,0,1,0
44,23,24,0,0,0,1,67,0,1,0
44,24,25,0,0,0,1,68,0,1,0
44,25,26,0,0,0,1,69,0,1,0
44,26,27,0,0,0,1,70,1,1,0
44,27,28,0,0,0,1,71,1,1,0
44,28,29,0,0,0,1,72,1,1,0
44,29,30,0,0,0,1,73,1,1,0
44,30,31,0,0,0,1,74,1,1,0
44,31,32,0,0,0,1,75,1,1,0
44,32,33,0,0,0,1,76,1,1,0
44,33,34,0,0,0,1,77,1,1,0
44,34,35,0,1,0,1,78,1,1,2
45,0,1,0,0,0,1,56,0,1,0
45,1,2,0,0,0,1,57,0,1,0
45,2,3,0,0,0,1,58,0,1,0
45,3,4,0,0,0,1,59,0,1,0
45,4,5,0,0,0,1,60,0,0,0
45,5,6,0,0,0,1,61,0,0,0
45,6,7,0,1,0,1,62,0,0,2
46,0,1,0,0,0,0,56,0,1,0
46,1,2,0,0,0,0,57,0,1,0
46,2,3,0,0,0,0,58,0,1,0
46,3,4,0,0,0,0,59,0,1,0
46,4,5,0,0,0,0,60,0,0,0
46,5,6,0,0,0,0,61,0,0,0
46,6,7,0,0,0,0,62,0,0,0
46,7,8,0,0,0,0,63,0,0,0
46,8,9,0,1,0,0,64,0,1,2
47,0,1,0,0,0,0,53,0,1,0
47,1,2,0,0,0,0,54,0,1,0
47,2,3,0,0,0,0,55,0,1,0
47,3,4,0,0,0,0,56,0,0,0
47,4,5,0,0,0,0,57,0,0,0
47,5,6,0,0,0,0,58,0,0,0
47,6,7,0,0,0,0,59,0,0,0
47,7,8,0,0,0,0,60,0,1,0
47,8,9,0,0,0,0,61,0,1,0
47,9,10,0,0,0,0,62,0,1,0
47,10,11,0,0,0,0,63,0,1,0
47,11,12,0,0,0,0,64,0,0,0
47,12,13,0,0,0,0,65,0,0,0
47,13,14,0,0,0,0,66,0,0,0
47,14,15,0,0,0,0,67,0,0,0
47,15,16,0,0,0,0,68,0,1,0
47,16,17,0,0,0,0,69,0,1,0
47,17,18,0,0,0,0,70,1,1,0
47,18,19,0,0,0,0,71,1,1,0
47,19,20,0,0,0,0,72,1,1,0
47,20,21,1,0,0,0,73,1,1,1
48,0,1,0,0,0,0,62,0,1,0
48,1,2,0,0,0,0,63,0,1,0
48,2,3,0,0,0,0,64,0,1,0
48,3,4,0,0,0,0,65,0,0,0
48,4,5,0,0,0,0,66,0,0,0
48,5,6,0,0,0,0,67,0,0,0
48,6,7,0,0,0,0,68,0,0,0
48,7,8,0,0,0,0,69,0,1,0
48,8,9,0,0,0,0,70,0,1,0
48,9,10,0,0,0,0,71,1,1,0
48,10,11,0,0,0,0,72,1,1,0
48,11,12,0,1,0,0,73,1,0,2
49,0,1,0,0,0,1,62,0,1,0
49,1,2,0,0,0,1,63,0,0,0
49,2,3,0,0,0,1,64,0,0,0
49,3,4,0,0,0,1,65,0,0,0
49,4,5,0,0,0,1,66,0,0,0
49,5,6,0,1,0,1,67,0,1,2
50,0,1,0,0,1,0,55,0,1,0
50,1,2,0,0,1,0,56,0,0,0
50,2,3,0,0,1,0,57,0,0,0
50,3,4,0,0,1,0,58,0,0,0
50,4,5,0,0,1,0,59,0,0,0
50,5,6,0,0,1,0,60,0,1,0
50,6,7,0,0,1,0,61,0,1,0
50,7,8,0,0,1,0,62,0,1,0
50,8,9,0,0,1,0,63,0,1,0
50,9,10,0,0,1,0,64,0,0,0
50,10,11,0,0,1,0,65,0,0,0
50,11,12,0,0,1,0,66,0,0,0
50,12,13,0,0,1,0,67,0,0,0
50,13,14,0,0,1,0,68,0,0,0
50,14,15,0,0,1,0,69,0,0,0
50,15,16,0,0,1,0,70,1,0,0
50,16,17,0,0,1,0,71,1,0,0
50,17,18,0,0,1,0,72,1,0,0
50,18,19,0,0,1,0,73,1,0,0
50,19,20,0,0,1,0,74,1,0,0
50,20,21,0,0,1,0,75,1,0,0
50,21,22,0,0,1,0,76,1,0,0
50,22,23,0,1,1,0,77,1,0,2
51,0,1,0,0,0,0,52,0,1,0
51,1,2,0,0,0,0,53,0,1,0
51,2,3,0,0,0,0,54,0,1,0
51,3,4,0,0,0,0,55,0,0,0
51,4,5,0,0,0,0,56,0,0,0
51,5,6,0,0,0,0,57,0,0,0
51,6,7,0,0,0,0,58,0,0,0
51,7,8,0,0,0,0,59,0,1,0
51,8,9,0,0,0,0,60,0,1,0
51,9,10,0,0,0,0,61,0,1,0
51,10,11,0,0,0,0,62,0,1,0
51,11,12,0,0,0,0,63,0,1,0
51,12,13,0,0,0,0,64,0,1,0
51,13,14,0,0,0,0,65,0,1,0
51,14,15,0,0,0,0,66,0,1,0
51,15,16,0,0,0,0,67,0,1,0
51,16,17,0,0,0,0,68,0,1,0
51,17,18,0,0,0,0,69,0,1,0
51,18,19,0,0,0,0,70,1,1,0
51,19,20,0,0,0,0,71,1,1,0
51,20,21,0,1,0,0,72,1,1,2
52,0,1,0,0,0,0,54,0,1,0
52,1,2,0,0,0,0,55,0,1,0
52,2,3,0,0,0,0,56,0,0,0
52,3,4,0,0,0,0,57,0,0,0
52,4,5,0,0,0,0,58,0,0,0
52,5,6,0,0,0,0,59,0,0,0
52,6,7,0,0,0,0,60,0,1,0
52,7,8,0,0,0,0,61,0,1,0
52,8,9,0,0,0,0,62,0,1,0
52,9,10,0,0,0,0,63,0,1,0
52,10,11,0,0,0,0,64,0,1,0
52,11,12,0,0,0,0,65,0,1,0
52,12,13,0,0,0,0,66,0,1,0
52,13,14,0,0,0,0,67,0,1,0
52,14,15,0,0,0,0,68,0,1,0
52,15,16,1,0,0,0,69,0,1,1
53,0,1,0,0,0,0,60,0,1,0
53,1,2,0,0,0,0,61,0,0,0
53,2,3,0,0,0,0,62,0,0,0
53,3,4,0,0,0,0,63,0,0,0
53,4,5,0,0,0,0,64,0,0,0
53,5,6,0,0,0,0,65,0,1,0
53,6,7,0,0,0,0,66,0,1,0
53,7,8,0,0,0,0,67,0,1,0
53,8,9,0,0,0,0,68,0,1,0
53,9,10,0,0,0,0,69,0,1,0
53,10,11,0,0,0,0,70,1,1,0
53,11,12,1,0,0,0,71,1,1,1
54,0,1,0,0,0,1,60,0,0,0
54,1,2,0,0,0,1,61,0,0,0
54,2,3,0,1,0,1,62,0,0,2
55,0,1,0,0,0,1,48,0,1,0
55,1,2,0,0,0,1,49,0,1,0
55,2,3,0,0,0,1,50,0,1,0
55,3,4,0,0,0,1,51,0,0,0
55,4,5,0,0,0,1,52,0,0,0
55,5,6,0,0,0,1,53,0,0,0
55,6,7,0,0,0,1,54,0,0,0
55,7,8,0,0,0,1,55,0,0,0
55,8,9,0,0,0,1,56,0,0,0
55,9,10,0,0,0,1,57,0,0,0
55,10,11,0,0,0,1,58,0,0,0
55,11,12,0,0,0,1,59,0,0,0
55,12,13,0,0,0,1,60,0,0,0
55,13,14,0,0,0,1,61,0,0,0
55,14,15,0,0,0,1,62,0,0,0
55,15,16,0,0,0,1,63,0,0,0
55,16,17,0,0,1,1,64,0,0,0
55,17,18,0,0,1,1,65,0,0,0
55,18,19,0,0,1,1,66,0,0,0
55,19,20,0,0,1,1,67,0,1,0
55,20,21,0,0,1,1,68,0,1,0
55,21,22,0,0,1,1,69,0,1,0
55,22,23,0,0,1,1,70,1,1,0
55,23,24,0,0,1,1,71,1,1,0
55,24,25,0,0,1,1,72,1,1,0
55,25,26,0,0,1,1,73,1,1,0
55,26,27,0,0,1,1,74,1,1,0
55,27,28,0,1,1,1,75,1,0,2
56,0,1,0,0,0,0,57,0,1,0
56,1,2,0,0,0,0,58,0,0,0
56,2,3,0,0,0,0,59,0,0,0
56,3,4,0,0,0,0,60,0,0,0
56,4,5,0,0,0,0,61,0,0,0
56,5,6,0,0,0,0,62,0,0,0
56,6,7,0,0,0,0,63,0,0,0
56,7,8,0,0,0,0,64,0,0,0
56,8,9,0,0,0,0,65,0,0,0
56,9,10,0,0,0,0,66,0,0,0
56,10,11,0,0,0,0,67,0,0,0
56,11,12,0,0,0,0,68,0,0,0
56,12,13,0,0,0,0,69,0,0,0
56,13,14,0,1,0,0,70,1,0,2
57,0,1,0,0,0,0,54,0,1,0
57,1,2,0,0,0,0,55,0,1,0
57,2,3,0,0,0,0,56,0,1,0
57,3,4,0,0,0,0,57,0,1,0
57,4,5,0,0,0,0,58,0,1,0
57,5,6,0,0,0,0,59,0,1,0
57,6,7,0,0,0,0,60,0,1,0
57,7,8,0,0,0,0,61,0,1,0
57,8,9,0,0,0,0,62,0,1,0
57,9,10,0,0,0,0,63,0,1,0
57,10,11,0,0,0,0,64,0,1,0
57,11,12,0,0,0,0,65,0,1,0
57,12,13,0,0,0,0,66,0,1,0
57,13,14,0,0,0,0,67,0,1,0
57,14,15,0,0,0,0,68,0,1,0
57,15,16,0,0,0,0,69,0,0,0
57,16,17,0,0,0,0,70,1,0,0
57,17,18,0,0,0,0,71,1,0,0
57,18,19,0,0,0,0,72,1,0,0
57,19,20,0,0,0,0,73,1,0,0
57,20,21,0,0,0,0,74,1,0,0
57,21,22,0,0,0,0,75,1,0,0
57,22,23,0,0,0,0,76,1,0,0
57,23,24,0,0,0,0,77,1,1,0
57,24,25,0,0,0,0,78,1,1,0
57,25,26,0,0,0,0,79,1,1,0
57,26,27,0,0,0,0,80,1,1,0
57,27,28,1,0,0,0,81,1,1,1
58,0,1,0,0,0,0,61,0,1,0
58,1,2,0,0,0,0,62,0,1,0
58,2,3,0,0,0,0,63,0,1,0
58,3,4,0,0,0,0,64,0,1,0
58,4,5,0,0,0,0,65,0,1,0
58,5,6,0,0,0,0,66,0,1,0
58,6,7,0,0,0,0,67,0,1,0
58,7,8,0,0,0,0,68,0,1,0
58,8,9,0,0,0,0,69,0,1,0
58,9,10,0,0,0,0,70,1,1,0
58,10,11,0,0,0,0,71,1,1,0
58,11,12,0,0,0,0,72,1,0,0
58,12,13,0,0,0,0,73,1,0,0
58,13,14,0,0,0,0,74,1,0,0
58,14,15,0,0,0,0,75,1,0,0
58,15,16,0,0,0,0,76,1,0,0
58,16,17,0,0,0,0,77,1,0,0
58,17,18,0,0,0,0,78,1,0,0
58,18,19,0,0,0,0,79,1,0,0
58,19,20,0,0,0,0,80,1,1,0
58,20,21,0,0,0,0,81,1,1,0
58,21,22,0,0,0,0,82,1,1,0
58,22,23,0,0,0,0,83,1,1,0
58,23,24,0,0,0,0,84,1,1,0
58,24,25,0,0,0,0,85,1,1,0
58,25,26,0,0,0,0,86,1,1,0
58,26,27,0,0,0,0,87,1,1,0
58,27,28,0,0,0,0,88,1,1,0
58,28,29,0,0,0,0,89,1,1,0
58,29,30,0,0,0,0,90,1,1,0
58,30,31,1,0,0,0,91,1,1,1
59,0,1,0,0,0,0,53,0,1,0
59,1,2,0,0,0,0,54,0,1,0
59,2,3,0,0,0,0,55,0,1,0
59,3,4,0,0,0,0,56,0,1,0
59,4,5,0,0,0,0,57,0,1,0
59,5,6,0,0,0,0,58,0,1,0
59,6,7,0,0,0,0,59,0,1,0
59,7,8,0,0,0,0,60,0,1,0
59,8,9,0,0,0,0,61,0,1,0
59,9,10,0,0,0,0,62,0,1,0
59,10,11,0,0,0,0,63,0,0,0
59,11,12,0,0,0,0,64,0,0,0
59,12,13,0,0,0,0,65,0,0,0
59,13,14,0,0,0,0,66,0,0,0
59,14,15,0,0,0,0,67,0,0,0
59,15,16,0,0,0,0,68,0,0,0
59,16,17,0,0,0,0,69,0,0,0
59,17,18,0,0,0,0,70,1,0,0
59,18,19,0,0,0,0,71,1,1,0
59,19,20,1,0,0,0,72,1,1,1
60,0,1,0,0,0,0,52,0,1,0
60,1,2,0,0,0,0,53,0,1,0
60,2,3,0,0,0,0,54,0,1,0
60,3,4,0,0,0,0,55,0,1,0
60,4,5,1,0,0,0,56,0,1,1
61,0,1,0,0,0,1,66,0,0,0
61,1,2,0,0,0,1,67,0,0,0
61,2,3,0,0,0,1,68,0,0,0
61,3,4,0,0,0,1,69,0,1,0
61,4,5,0,1,0,1,70,0,1,2
62,0,1,0,0,0,0,48,0,1,0
62,1,2,0,0,0,0,49,0,1,0
62,2,3,0,0,0,0,50,0,1,0
62,3,4,0,0,0,0,51,0,0,0
62,4,5,0,0,0,0,52,0,0,0
62,5,6,0,0,0,0,53,0,0,0
62,6,7,1,0,0,0,54,0,0,1
63,0,1,0,0,0,0,51,0,1,0
63,1,2,0,0,0,0,52,0,1,0
63,2,3,0,0,0,0,53,0,0,0
63,3,4,0,0,0,0,54,0,0,0
63,4,5,0,0,0,0,55,0,0,0
63,5,6,0,0,0,0,56,0,0,0
63,6,7,0,0,0,0,57,0,0,0
63,7,8,0,0,0,0,58,0,0,0
63,8,9,0,0,0,0,59,0,0,0
63,9,10,0,0,0,0,60,0,0,0
63,10,11,0,0,0,0,61,0,1,0
63,11,12,0,0,0,0,62,0,1,0
63,12,13,0,0,0,0,63,0,1,0
63,13,14,0,0,0,0,64,0,1,0
63,14,15,0,0,0,0,65,0,1,0
63,15,16,0,0,0,0,66,0,1,0
63,16,17,0,0,0,0,67,0,1,0
63,17,18,0,0,0,0,68,0,1,0
63,18,19,0,0,0,0,69,0,1,0
63,19,20,0,0,0,0,70,1,1,0
63,20,21,0,0,0,0,71,1,1,0
63,21,22,0,0,0,0,72,1,1,0
63,22,23,0,0,0,0,73,1,0,0
63,23,24,0,0,0,0,74,1,0,0
63,24,25,0,0,0,0,75,1,0,0
63,25,26,0,0,0,0,76,1,0,0
63,26,27,1,0,0,0,77,1,0,1
64,0,1,0,0,0,1,53,0,0,0
64,1,2,0,0,0,1,54,0,0,0
64,2,3,0,0,0,1,55,0,1,0
64,3,4,0,0,0,1,56,0,1,0
64,4,5,0,0,0,1,57,0,1,0
64,5,6,0,1,0,1,58,0,1,2
65,0,1,0,0,0,0,54,0,1,0
65,1,2,0,0,0,0,55,0,0,0
65,2,3,0,0,0,0,56,0,0,0
65,3,4,0,0,0,0,57,0,0,0
65,4,5,0,0,0,0,58,0,0,0
65,5,6,0,0,0,0,59,0,0,0
65,6,7,0,0,0,0,60,0,0,0
65,7,8,0,0,0,0,61,0,0,0
65,8,9,0,0,0,0,62,0,0,0
65,9,10,0,0,0,0,63,0,1,0
65,10,11,1,0,0,0,64,0,1,1
66,0,1,0,0,0,1,52,0,1,0
66,1,2,0,0,0,1,53,0,1,0
66,2,3,0,0,0,1,54,0,1,0
66,3,4,0,0,0,1,55,0,1,0
66,4,5,0,0,0,1,56,0,1,0
66,5,6,0,0,0,1,57,0,1,0
66,6,7,0,0,0,1,58,0,1,0
66,7,8,0,0,0,1,59,0,0,0
66,8,9,0,0,0,1,60,0,0,0
66,9,10,0,0,0,1,61,0,0,0
66,10,11,0,0,0,1,62,0,0,0
66,11,12,0,0,0,1,63,0,0,0
66,12,13,0,0,0,1,64,0,0,0
66,13,14,0,0,0,1,65,0,0,0
66,14,15,0,0,0,1,66,0,0,0
66,15,16,0,0,0,1,67,0,0,0
66,16,17,0,0,0,1,68,0,0,0
66,17,18,0,0,0,1,69,0,0,0
66,18,19,0,0,0,1,70,1,0,0
66,19,20,0,0,0,1,71,1,1,0
66,20,21,0,0,0,1,72,1,1,0
66,21,22,0,0,0,1,73,1,1,0
66,22,23,0,0,0,1,74,1,1,0
66,23,24,0,0,0,1,75,1,1,0
66,24,25,0,0,0,1,76,1,1,0
66,25,26,0,0,0,1,77,1,1,0
66,26,27,0,0,0,1,78,1,1,0
66,27,28,1,0,0,1,79,1,1,1
67,0,1,0,0,0,0,59,0,1,0
67,1,2,0,0,0,0,60,0,1,0
67,2,3,0,0,0,0,61,0,1,0
67,3,4,0,0,0,0,62,0,1,0
67,4,5,0,0,0,0,63,0,1,0
67,5,6,0,0,0,0,64,0,0,0
67,6,7,0,0,0,0,65,0,0,0
67,7,8,0,0,0,0,66,0,0,0
67,8,9,0,0,0,0,67,0,0,0
67,9,10,0,0,0,0,68,0,0,0
67,10,11,0,0,0,0,69,0,0,0
67,11,12,0,0,0,0,70,1,0,0
67,12,13,0,0,0,0,71,1,0,0
67,13,14,0,0,0,0,72,1,0,0
67,14,15,0,0,0,0,73,1,0,0
67,15,16,0,0,0,0,74,1,0,0
67,16,17,0,0,0,0,75,1,0,0
67,17,18,0,0,0,0,76,1,1,0
67,18,19,0,0,0,0,77,1,1,0
67,19,20,0,0,0,0,78,1,1,0
67,20,21,0,0,0,0,79,1,1,0
67,21,22,0,0,0,0,80,1,1,0
67,22,23,0,0,0,0,81,1,1,0
67,23,24,1,0,0,0,82,1,1,1
68,0,1,0,0,0,0,59,0,1,0
68,1,2,0,0,0,0,60,0,1,0
68,2,3,0,0,0,0,61,0,1,0
68,3,4,0,0,0,0,62,0,1,0
68,4,5,0,0,0,0,63,0,1,0
68,5,6,0,0,0,0,64,0,0,0
68,6,7,1,0,0,0,65,0,0,1
69,0,1,0,0,1,0,63,0,1,0
69,1,2,0,0,1,0,64,0,1,0
69,2,3,0,0,1,0,65,0,1,0
69,3,4,0,0,1,0,66,0,1,0
69,4,5,0,0,1,0,67,0,1,0
69,5,6,0,0,1,0,68,0,1,0
69,6,7,0,0,1,0,69,0,1,0
69,7,8,0,0,1,0,70,0,1,0
69,8,9,0,0,1,0,71,0,1,0
69,9,10,1,0,1,0,72,1,1,1
70,0,1,0,0,0,0,60,0,1,0
70,1,2,0,0,0,0,61,0,1,0
70,2,3,0,0,0,0,62,0,1,0
70,3,4,0,0,0,0,63,0,1,0
70,4,5,0,0,0,0,64,0,1,0
70,5,6,0,0,0,0,65,0,1,0
70,6,7,0,0,0,0,66,0,1,0
70,7,8,0,0,0,0,67,0,1,0
70,8,9,0,0,0,0,68,0,1,0
70,9,10,0,0,0,0,69,0,1,0
70,10,11,0,0,0,0,70,1,1,0
70,11,12,0,0,0,0,71,1,0,0
70,12,13,0,0,0,0,72,1,0,0
70,13,14,0,0,0,0,73,1,0,0
70,14,15,0,0,0,0,74,1,0,0
70,15,16,0,0,0,0,75,1,0,0
70,16,17,1,0,0,0,76,1,0,1
71,0,1,0,0,0,0,56,0,0,0
71,1,2,0,0,0,0,57,0,0,0
71,2,3,0,0,0,0,58,0,0,0
71,3,4,0,0,0,0,59,0,0,0
71,4,5,0,0,0,0,60,0,0,0
71,5,6,0,0,0,0,61,0,0,0
71,6,7,0,0,0,0,62,0,0,0
71,7,8,0,0,0,0,63,0,0,0
71,8,9,0,0,0,0,64,0,0,0
71,9,10,0,0,0,0,65,0,0,0
71,10,11,0,0,0,0,66,0,1,0
71,11,12,0,0,0,0,67,0,1,0
71,12,13,0,0,0,0,68,0,1,0
71,13,14,0,0,0,0,69,0,1,0
71,14,15,0,0,0,0,70,1,1,0
71,15,16,0,0,0,0,71,1,1,0
71,16,17,0,1,0,0,72,1,1,2
72,0,1,0,0,0,1,57,0,1,0
72,1,2,0,0,0,1,58,0,1,0
72,2,3,0,0,0,1,59,0,1,0
72,3,4,0,0,0,1,60,0,1,0
72,4,5,0,0,0,1,61,0,1,0
72,5,6,0,0,0,1,62,0,1,0
72,6,7,0,0,0,1,63,0,1,0
72,7,8,0,1,0,1,64,0,1,2
73,0,1,0,0,0,0,52,0,1,0
73,1,2,0,0,0,0,53,0,1,0
73,2,3,0,0,0,0,54,0,1,0
73,3,4,0,0,0,0,55,0,1,0
73,4,5,0,0,0,0,56,0,1,0
73,5,6,0,0,0,0,57,0,1,0
73,6,7,0,0,0,0,58,0,1,0
73,7,8,0,0,0,0,59,0,1,0
73,8,9,0,0,0,0,60,0,0,0
73,9,10,0,0,0,0,61,0,0,0
73,10,11,0,0,0,0,62,0,0,0
73,11,12,0,0,0,0,63,0,0,0
73,12,13,0,0,0,0,64,0,0,0
73,13,14,0,0,0,0,65,0,0,0
73,14,15,0,0,0,0,66,1,0,0
73,15,16,0,0,0,0,67,1,0,0
73,16,17,0,0,1,0,68,1,0,0
73,17,18,0,0,1,0,69,1,0,0
73,18,19,0,0,1,0,70,1,0,0
73,19,20,0,0,1,0,71,1,0,0
73,20,21,0,0,1,0,72,1,0,0
73,21,22,0,1,1,0,73,1,0,2
74,7,8,0,0,1,0,67,0,1,0
74,8,9,0,0,1,0,68,0,1,0
74,9,10,0,0,1,0,69,0,1,0
74,10,11,0,0,1,0,70,1,0,0
74,11,12,0,0,1,0,71,1,0,0
74,12,13,0,0,1,0,72,1,0,0
74,13,14,0,0,1,0,73,1,0,0
74,14,15,0,0,1,0,74,1,0,0
74,15,16,0,0,1,0,75,1,0,0
74,16,17,0,0,1,0,76,1,0,0
74,17,18,0,0,1,0,77,1,0,0
74,18,19,1,0,1,0,78,1,0,1
75,0,1,0,0,0,0,55,0,1,0
75,1,2,0,0,0,0,56,0,1,0
75,2,3,0,0,0,0,57,0,1,0
75,3,4,0,0,0,0,58,0,0,0
75,4,5,0,0,0,0,59,0,0,0
75,5,6,0,0,0,0,60,0,0,0
75,6,7,0,0,0,0,61,0,0,0
75,7,8,0,0,0,0,62,0,0,0
75,8,9,0,0,0,0,63,0,0,0
75,9,10,0,0,0,0,64,0,0,0
75,10,11,0,0,0,0,65,0,0,0
75,11,12,0,0,0,0,66,0,0,0
75,12,13,0,0,0,0,67,1,0,0
75,13,14,0,0,0,0,68,1,0,0
75,14,15,0,0,0,0,69,1,0,0
75,15,16,1,0,0,0,70,1,0,1
76,0,1,0,0,0,0,61,0,0,0
76,1,2,0,0,0,0,62,0,1,0
76,2,3,0,0,0,0,63,0,1,0
76,3,4,0,0,0,0,64,0,1,0
76,4,5,0,0,0,0,65,0,1,0
76,5,6,0,0,0,0,66,0,1,0
76,6,7,0,1,0,0,67,0,1,2
77,0,1,0,0,0,1,51,0,1,0
77,1,2,0,0,0,1,52,0,1,0
77,2,3,0,0,0,1,53,0,1,0
77,3,4,0,0,0,1,54,0,1,0
77,4,5,0,0,0,1,55,0,1,0
77,5,6,0,0,0,1,56,0,1,0
77,6,7,0,0,0,1,57,0,1,0
77,7,8,0,0,0,1,58,0,1,0
77,8,9,0,0,0,1,59,0,1,0
77,9,10,0,0,0,1,60,0,1,0
77,10,11,0,0,0,1,61,0,1,0
77,11,12,0,0,0,1,62,0,1,0
77,12,13,0,0,0,1,63,0,1,0
77,13,14,0,0,0,1,64,0,1,0
77,14,15,0,0,0,1,65,1,1,0
77,15,16,0,0,0,1,66,1,1,0
77,16,17,0,0,0,1,67,1,0,0
77,17,18,0,0,0,1,68,1,0,0
77,18,19,0,0,0,1,69,1,0,0
77,19,20,0,0,0,1,70,1,0,0
77,20,21,0,0,0,1,71,1,0,0
77,21,22,0,0,0,1,72,1,0,0
77,22,23,0,0,0,1,73,1,0,0
77,23,24,0,0,0,1,74,1,0,0
77,24,25,0,0,0,1,75,1,1,0
77,25,26,0,0,0,1,76,1,1,0
77,26,27,0,0,0,1,77,1,1,0
77,27,28,0,0,0,1,78,1,1,0
77,28,29,0,0,0,1,79,1,1,0
77,29,30,0,0,0,1,80,1,1,0
77,30,31,0,0,0,1,81,1,1,0
77,31,32,0,0,0,1,82,1,1,0
77,32,33,0,0,0,1,83,1,0,0
77,33,34,0,0,0,1,84,1,0,0
77,34,35,1,0,0,1,85,1,0,1
78,0,1,0,0,0,1,53,0,1,0
78,1,2,0,0,0,1,54,0,1,0
78,2,3,0,0,0,1,55,0,1,0
78,3,4,0,0,0,1,56,0,1,0
78,4,5,0,0,0,1,57,0,1,0
78,5,6,0,0,0,1,58,0,1,0
78,6,7,0,0,0,1,59,0,1,0
78,7,8,0,0,0,1,60,0,1,0
78,8,9,0,0,0,1,61,0,1,0
78,9,10,0,0,0,1,62,0,1,0
78,10,11,0,0,0,1,63,0,1,0
78,11,12,0,0,0,1,64,0,1,0
78,12,13,0,0,0,1,65,0,1,0
78,13,14,0,0,0,1,66,1,1,0
78,14,15,0,0,0,1,67,1,1,0
78,15,16,0,0,0,1,68,1,0,0
78,16,17,0,0,0,1,69,1,0,0
78,17,18,0,0,0,1,70,1,0,0
78,18,19,0,0,0,1,71,1,0,0
78,19,20,1,0,0,1,72,1,0,1
79,0,1,0,0,0,0,56,0,1,0
79,1,2,0,0,0,0,57,0,1,0
79,2,3,0,0,0,0,58,0,1,0
79,3,4,0,0,0,0,59,0,1,0
79,4,5,0,0,0,0,60,0,1,0
79,5,6,0,0,0,0,61,0,1,0
79,6,7,0,0,0,0,62,0,1,0
79,7,8,0,0,0,0,63,0,1,0
79,8,9,0,0,0,0,64,0,1,0
79,9,10,0,0,0,0,65,0,1,0
79,10,11,0,0,0,0,66,0,1,0
79,11,12,0,0,0,0,67,0,1,0
79,12,13,0,0,0,0,68,1,1,0
79,13,14,0,0,0,0,69,1,1,0
79,14,15,0,0,0,0,70,1,0,0
79,15,16,0,0,0,0,71,1,0,0
79,16,17,0,0,0,0,72,1,0,0
79,17,18,0,0,0,0,73,1,0,0
79,18,19,0,0,0,0,74,1,0,0
79,19,20,0,0,0,0,75,1,0,0
79,20,21,0,0,0,0,76,1,0,0
79,21,22,0,0,0,0,77,1,0,0
79,22,23,0,0,0,0,78,1,1,0
79,23,24,1,0,0,0,79,1,1,1
80,0,1,0,0,0,0,40,0,1,0
80,1,2,0,0,0,0,41,0,1,0
80,2,3,0,0,0,0,42,0,1,0
80,3,4,0,0,0,0,43,0,1,0
80,4,5,0,0,0,0,44,0,1,0
80,5,6,0,0,0,0,45,0,1,0
80,6,7,0,0,0,0,46,0,1,0
80,7,8,0,0,0,0,47,0,1,0
80,8,9,0,0,0,0,48,0,1,0
80,9,10,0,0,0,0,49,0,1,0
80,10,11,0,0,0,0,50,0,1,0
80,11,12,0,0,0,0,51,0,1,0
80,12,13,0,0,0,0,52,0,1,0
80,13,14,0,0,0,0,53,0,1,0
80,14,15,0,0,0,0,54,0,0,0
80,15,16,0,0,0,0,55,0,0,0
80,16,17,0,0,0,0,56,0,0,0
80,17,18,0,0,0,0,57,0,0,0
80,18,19,0,0,0,0,58,0,0,0
80,19,20,0,0,0,0,59,0,0,0
80,20,21,0,0,0,0,60,1,0,0
80,21,22,0,0,0,0,61,1,0,0
80,22,23,0,0,0,0,62,1,1,0
80,23,24,0,0,0,0,63,1,1,0
80,24,25,0,0,0,0,64,1,1,0
80,25,26,0,0,0,0,65,1,1,0
80,26,27,0,0,0,0,66,1,1,0
80,27,28,0,0,0,0,67,1,1,0
80,28,29,0,0,0,0,68,1,1,0
80,29,30,0,0,0,0,69,1,1,0
80,30,31,0,0,0,0,70,1,0,0
80,31,32,0,0,0,0,71,1,0,0
80,32,33,0,0,0,0,72,1,0,0
80,33,34,0,0,0,0,73,1,0,0
80,34,35,0,0,0,0,74,1,0,0
80,35,36,0,0,0,0,75,1,0,0
80,36,37,1,0,0,0,76,1,0,1
81,0,1,0,0,0,0,49,0,1,0
81,1,2,0,0,0,0,50,0,1,0
81,2,3,0,0,0,0,51,0,1,0
81,3,4,0,0,0,0,52,0,1,0
81,4,5,0,0,0,0,53,0,1,0
81,5,6,0,0,0,0,54,0,1,0
81,6,7,0,0,0,0,55,0,1,0
81,7,8,0,0,0,0,56,0,1,0
81,8,9,0,0,0,0,57,0,1,0
81,9,10,0,1,0,0,58,0,1,2
82,0,1,0,0,0,1,62,0,1,0
82,1,2,1,0,0,1,63,0,1,1
83,0,1,0,0,0,0,49,0,1,0
83,1,2,0,0,0,0,50,0,1,0
83,2,3,0,0,0,0,51,0,1,0
83,3,4,0,0,0,0,52,0,1,0
83,4,5,0,0,0,0,53,0,1,0
83,5,6,0,0,0,0,54,0,1,0
83,6,7,0,0,0,0,55,0,1,0
83,7,8,0,0,0,0,56,0,1,0
83,8,9,0,0,0,0,57,0,1,0
83,9,10,0,0,0,0,58,0,1,0
83,10,11,0,0,0,0,59,0,1,0
83,11,12,0,0,0,0,60,0,1,0
83,12,13,0,0,0,0,61,0,0,0
83,13,14,0,1,0,0,62,0,0,2
84,0,1,0,0,0,0,48,0,1,0
84,1,2,0,0,0,0,49,0,1,0
84,2,3,0,0,0,0,50,0,1,0
84,3,4,0,0,0,0,51,0,1,0
84,4,5,0,0,0,0,52,0,1,0
84,5,6,0,0,0,0,53,0,1,0
84,6,7,0,1,0,0,54,0,1,2
85,0,1,0,0,0,0,57,0,0,0
85,1,2,0,0,0,0,58,0,0,0
85,2,3,0,0,0,0,59,0,0,0
85,3,4,0,0,0,0,60,0,0,0
85,4,5,0,0,0,0,61,0,0,0
85,5,6,0,0,0,0,62,0,0,0
85,6,7,0,0,0,0,63,0,0,0
85,7,8,0,0,0,0,64,0,0,0
85,8,9,0,0,0,0,65,0,1,0
85,9,10,0,0,0,0,66,0,1,0
85,10,11,0,0,0,0,67,0,1,0
85,11,12,0,0,0,0,68,1,1,0
85,12,13,0,0,0,0,69,1,1,0
85,13,14,1,0,0,0,70,1,1,1
86,0,1,0,0,1,1,56,0,1,0
86,1,2,0,0,1,1,57,0,1,0
86,2,3,0,0,1,1,58,0,1,0
86,3,4,0,0,1,1,59,0,1,0
86,4,5,0,0,1,1,60,0,1,0
86,5,6,0,0,1,1,61,0,1,0
86,6,7,0,0,1,1,62,0,1,0
86,7,8,0,1,1,1,63,0,0,2
87,0,1,0,0,0,1,49,0,1,0
87,1,2,0,0,0,1,50,0,1,0
87,2,3,0,0,0,1,51,0,1,0
87,3,4,0,0,0,1,52,0,1,0
87,4,5,0,0,0,1,53,0,0,0
87,5,6,0,0,0,1,54,0,0,0
87,6,7,0,0,0,1,55,0,0,0
87,7,8,0,0,0,1,56,0,0,0
87,8,9,0,0,0,1,57,0,0,0
87,9,10,0,0,0,1,58,0,0,0
87,10,11,0,0,0,1,59,0,0,0
87,11,12,0,0,0,1,60,0,0,0
87,12,13,0,0,0,1,61,0,1,0
87,13,14,0,0,0,1,62,0,1,0
87,14,15,0,0,0,1,63,0,1,0
87,15,16,0,0,0,1,64,1,1,0
87,16,17,0,0,0,1,65,1,1,0
87,17,18,0,0,0,1,66,1,1,0
87,18,19,1,0,0,1,67,1,1,1
88,0,1,0,0,0,0,58,0,1,0
88,1,2,0,0,0,0,59,0,1,0
88,2,3,0,0,0,0,60,0,1,0
88,3,4,0,0,0,0,61,0,1,0
88,4,5,0,0,0,0,62,0,0,0
88,5,6,0,0,0,0,63,0,0,0
88,6,7,0,0,0,0,64,0,0,0
88,7,8,1,0,0,0,65,0,0,1
89,0,1,0,0,1,0,62,0,1,0
89,1,2,0,0,1,0,63,0,1,0
89,2,3,0,0,1,0,64,0,1,0
89,3,4,0,0,1,0,65,0,1,0
89,4,5,0,0,1,0,66,0,1,0
89,5,6,0,0,1,0,67,0,1,0
89,6,7,0,0,1,0,68,0,1,0
89,7,8,0,0,1,0,69,0,1,0
89,8,9,0,0,1,0,70,0,0,0
89,9,10,0,0,1,0,71,1,0,0
89,10,11,0,0,1,0,72,1,0,0
89,11,12,0,0,1,0,73,1,0,0
89,12,13,0,0,1,0,74,1,0,0
89,13,14,0,0,1,0,75,1,0,0
89,14,15,0,0,1,0,76,1,0,0
89,15,16,0,0,1,0,77,1,0,0
89,16,17,1,0,1,0,78,1,1,1
90,0,1,0,0,0,0,55,0,1,0
90,1,2,0,0,0,0,56,0,1,0
90,2,3,0,0,0,0,57,0,1,0
90,3,4,0,0,0,0,58,0,1,0
90,4,5,0,0,0,0,59,0,1,0
90,5,6,0,0,0,0,60,0,1,0
90,6,7,0,0,0,0,61,0,0,0
90,7,8,0,0,0,0,62,0,0,0
90,8,9,0,0,0,0,63,0,0,0
90,9,10,0,0,0,0,64,0,0,0
90,10,11,0,0,0,0,65,0,0,0
90,11,12,0,0,0,0,66,0,0,0
90,12,13,0,0,0,0,67,1,0,0
90,13,14,0,0,0,0,68,1,0,0
90,14,15,0,0,0,0,69,1,1,0
90,15,16,0,0,0,0,70,1,1,0
90,16,17,1,0,0,0,71,1,1,1
91,0,1,0,0,0,0,50,0,0,0
91,1,2,0,0,0,0,51,0,0,0
91,2,3,0,0,0,0,52,0,0,0
91,3,4,0,0,0,0,53,0,0,0
91,4,5,0,0,0,0,54,0,0,0
91,5,6,0,0,0,0,55,0,1,0
91,6,7,0,0,0,0,56,0,1,0
91,7,8,0,0,0,0,57,0,1,0
91,8,9,0,0,0,0,58,0,1,0
91,9,10,0,0,0,0,59,0,1,0
91,10,11,0,0,0,0,60,0,1,0
91,11,12,0,0,0,0,61,0,1,0
91,12,13,0,0,0,0,62,0,1,0
91,13,14,0,0,0,0,63,0,0,0
91,14,15,0,0,0,0,64,0,0,0
91,15,16,0,0,0,0,65,1,0,0
91,16,17,0,0,0,0,66,1,0,0
91,17,18,0,0,0,0,67,1,0,0
91,18,19,0,0,0,0,68,1,0,0
91,19,20,0,0,0,0,69,1,0,0
91,20,21,0,0,0,0,70,1,0,0
91,21,22,0,0,0,0,71,1,1,0
91,22,23,0,0,0,0,72,1,1,0
91,23,24,0,0,0,0,73,1,1,0
91,24,25,0,0,0,0,74,1,1,0
91,25,26,0,0,0,0,75,1,0,0
91,26,27,0,0,0,0,76,1,0,0
91,27,28,0,0,0,0,77,1,0,0
91,28,29,0,0,0,0,78,1,0,0
91,29,30,0,0,0,0,79,1,0,0
91,30,31,0,0,0,0,80,1,0,0
91,31,32,0,0,0,0,81,1,0,0
91,32,33,0,0,0,0,82,1,0,0
91,33,34,1,0,0,0,83,1,0,1
92,0,1,0,0,0,0,56,0,1,0
92,1,2,0,0,0,0,57,0,1,0
92,2,3,0,0,0,0,58,0,1,0
92,3,4,0,0,0,0,59,0,1,0
92,4,5,0,0,0,0,60,0,0,0
92,5,6,1,0,0,0,61,0,0,1
93,0,1,0,0,0,0,43,0,1,0
93,1,2,0,0,0,0,44,0,1,0
93,2,3,0,0,0,0,45,0,1,0
93,3,4,0,0,0,0,46,0,0,0
93,4,5,0,0,0,0,47,0,0,0
93,5,6,0,0,0,0,48,0,0,0
93,6,7,0,0,0,0,49,0,0,0
93,7,8,0,0,0,0,50,0,0,0
93,8,9,0,0,0,0,51,0,0,0
93,9,10,0,0,0,0,52,0,0,0
93,10,11,0,0,0,0,53,0,0,0
93,11,12,0,0,0,0,54,0,1,0
93,12,13,0,0,0,0,55,0,1,0
93,13,14,0,0,0,0,56,0,1,0
93,14,15,0,0,0,0,57,0,1,0
93,15,16,0,0,0,0,58,0,1,0
93,16,17,0,0,0,0,59,0,1,0
93,17,18,0,0,0,0,60,0,1,0
93,18,19,0,0,0,0,61,1,1,0
93,19,20,0,0,0,0,62,1,0,0
93,20,21,0,0,0,0,63,1,0,0
93,21,22,0,0,0,0,64,1,0,0
93,22,23,0,0,0,0,65,1,0,0
94,0,1,0,0,0,0,44,0,1,0
94,1,2,0,0,0,0,45,0,1,0
94,2,3,0,0,0,0,46,0,1,0
94,3,4,0,0,0,0,47,0,1,0
94,4,5,0,0,0,0,48,0,1,0
94,5,6,0,0,0,0,49,0,1,0
94,6,7,0,0,0,0,50,0,1,0
94,7,8,0,0,0,0,51,0,0,0
94,8,9,0,0,0,0,52,0,0,0
94,9,10,0,0,0,0,53,0,0,0
94,10,11,0,0,0,0,54,0,0,0
94,11,12,0,0,0,0,55,0,0,0
94,12,13,0,0,0,0,56,0,0,0
94,13,14,0,0,0,0,57,0,0,0
94,14,15,0,0,0,0,58,0,0,0
94,15,16,0,0,0,0,59,0,1,0
94,16,17,0,0,0,0,60,0,1,0
94,17,18,0,0,0,0,61,0,1,0
94,18,19,0,0,0,0,62,1,1,0
94,19,20,0,0,0,0,63,0,0,0
94,20,21,0,0,0,0,64,0,0,0
94,21,22,0,0,0,0,65,1,0,0
94,22,23,0,0,0,0,66,1,0,0
94,23,24,0,0,0,0,67,1,0,0
94,24,25,0,0,0,0,68,1,0,0
94,25,26,0,0,0,0,69,1,0,0
94,26,27,0,0,0,0,70,1,0,0
94,27,28,0,0,0,0,71,1,0,0
94,28,29,0,0,0,0,72,1,0,0
94,29,30,0,0,0,0,73,1,0,0
94,30,31,1,0,0,0,74,1,0,1
95,0,1,0,0,0,0,54,0,1,0
95,1,2,0,0,0,0,55,0,1,0
95,2,3,0,0,0,0,56,0,1,0
95,3,4,1,0,0,0,57,0,1,1
96,0,1,0,0,0,1,55,0,1,0
96,1,2,0,0,0,1,56,0,1,0
96,2,3,0,0,0,1,57,0,1,0
96,3,4,0,0,0,1,58,0,1,0
96,4,5,1,0,0,1,59,0,0,1
97,0,1,0,0,0,0,59,0,1,0
97,1,2,0,0,0,0,60,0,1,0
97,2,3,0,0,0,0,61,0,0,0
97,3,4,0,0,0,0,62,0,0,0
97,4,5,0,0,0,0,63,0,0,0
97,5,6,0,0,0,0,64,0,0,0
97,6,7,0,0,0,0,65,0,0,0
97,7,8,0,0,0,0,66,0,0,0
97,8,9,0,0,0,0,67,0,0,0
97,9,10,0,0,0,0,68,0,0,0
97,10,11,0,0,0,0,69,1,1,0
97,11,12,0,0,0,0,70,1,1,0
97,12,13,0,0,0,0,71,1,1,0
97,13,14,0,0,0,0,72,1,1,0
97,14,15,0,0,0,0,73,1,0,0
97,15,16,0,0,0,0,74,1,0,0
97,16,17,0,0,0,0,75,1,0,0
97,17,18,0,0,0,0,76,1,0,0
97,18,19,0,0,0,0,77,1,0,0
97,19,20,0,0,0,0,78,1,0,0
97,20,21,0,0,0,0,79,1,0,0
97,21,22,0,0,0,0,80,1,0,0
97,22,23,0,0,0,0,81,1,0,0
97,23,24,1,0,0,0,82,1,0,1
98,0,1,0,0,1,0,61,0,1,0
98,1,2,0,0,1,0,62,0,1,0
98,2,3,0,0,1,0,63,0,1,0
98,3,4,0,0,1,0,64,0,1,0
98,4,5,0,0,1,0,65,0,1,0
98,5,6,0,0,1,0,66,0,1,0
98,6,7,0,0,1,0,67,0,1,0
98,7,8,0,0,1,0,68,0,1,0
98,8,9,0,0,1,0,69,0,0,0
98,9,10,0,0,1,0,70,1,0,0
98,10,11,0,0,1,0,71,1,0,0
98,11,12,0,0,1,0,72,1,0,0
98,12,13,0,0,1,0,73,1,1,0
98,13,14,0,0,1,0,74,1,1,0
98,14,15,0,0,1,0,75,1,1,0
98,15,16,0,0,1,0,76,1,1,0
98,16,17,1,0,1,0,77,1,1,1
99,0,1,0,0,0,0,61,0,1,0
99,1,2,0,0,0,0,62,0,1,0
99,2,3,0,0,0,0,63,0,1,0
99,3,4,0,0,0,0,64,0,1,0
99,4,5,0,0,0,0,65,0,1,0
99,5,6,0,0,0,0,66,0,1,0
99,6,7,0,0,0,0,67,0,1,0
99,7,8,0,0,0,0,68,0,0,0
99,8,9,0,0,0,0,69,0,0,0
99,9,10,0,0,0,0,70,1,0,0
99,10,11,0,0,0,0,71,1,0,0
99,11,12,0,0,0,0,72,1,1,0
99,12,13,0,0,0,0,73,1,1,0
99,13,14,0,0,0,0,74,1,1,0
99,14,15,0,0,0,0,75,1,1,0
99,15,16,0,0,0,0,76,1,1,0
99,16,17,0,0,0,0,77,1,1,0
99,17,18,0,0,0,0,78,1,1,0
99,18,19,0,0,0,0,79,1,1,0
99,19,20,0,0,0,0,80,1,1,0
99,20,21,0,0,0,0,81,1,1,0
99,21,22,0,0,0,0,82,1,1,0
99,22,23,0,0,0,0,83,1,1,0
99,23,24,1,0,0,0,84,1,0,1
100,0,1,0,0,0,1,64,0,0,0
100,1,2,0,0,0,1,65,0,0,0
100,2,3,0,0,0,1,66,0,0,0
100,3,4,0,0,0,1,67,0,0,0
100,4,5,0,0,0,1,68,0,0,0
100,5,6,0,0,0,1,69,0,1,0
100,6,7,0,0,0,1,70,0,1,0
100,7,8,0,0,0,1,71,0,1,0
100,8,9,0,0,0,1,72,1,1,0
100,9,10,0,0,0,1,73,1,0,0
100,10,11,0,0,0,1,74,1,0,0
100,11,12,0,0,0,1,75,1,0,0
100,12,13,0,0,0,1,76,1,0,0
100,13,14,0,0,0,1,77,1,0,0
100,14,15,1,0,0,1,78,1,0,1
101,0,1,0,0,0,0,47,0,1,0
101,1,2,0,0,0,0,48,0,1,0
101,2,3,0,0,0,0,49,0,1,0
101,3,4,0,0,0,0,50,0,1,0
101,4,5,0,0,0,0,51,0,1,0
101,5,6,0,0,0,0,52,0,1,0
101,6,7,0,0,0,0,53,0,0,0
101,7,8,0,0,0,0,54,0,0,0
101,8,9,0,0,0,0,55,0,0,0
101,9,10,0,0,0,0,56,0,0,0
101,10,11,0,0,0,0,57,0,1,0
101,11,12,0,0,0,0,58,0,1,0
101,12,13,0,0,0,0,59,0,1,0
101,13,14,0,0,0,0,60,0,1,0
101,14,15,0,0,0,0,61,0,1,0
101,15,16,0,0,1,0,62,0,1,0
101,16,17,0,0,1,0,63,0,1,0
101,17,18,0,0,1,0,64,0,1,0
101,18,19,0,0,1,0,65,1,1,0
101,19,20,0,0,1,0,66,1,1,0
101,20,21,0,0,1,0,67,1,1,0
101,21,22,0,0,1,0,68,1,1,0
101,22,23,0,0,1,0,69,1,0,0
101,23,24,0,0,1,0,70,1,0,0
102,0,1,0,0,0,0,55,0,1,0
102,1,2,0,0,0,0,56,0,1,0
102,2,3,0,0,0,0,57,0,0,0
102,3,4,0,0,0,0,58,0,0,0
102,4,5,0,0,0,0,59,0,0,0
102,5,6,0,0,0,0,60,0,0,0
102,6,7,0,0,0,0,61,0,1,0
102,7,8,0,0,0,0,62,0,1,0
102,8,9,0,0,0,0,63,0,1,0
102,9,10,0,0,0,0,64,0,1,0
102,10,11,0,0,0,0,65,0,1,0
102,11,12,0,0,0,0,66,0,1,0
102,12,13,0,0,0,0,67,1,1,0
102,13,14,0,0,0,0,68,1,1,0
102,14,15,0,0,0,0,69,1,1,0
102,15,16,0,0,0,0,70,1,1,0
102,16,17,0,0,0,0,71,1,1,0
102,17,18,0,0,0,0,72,1,1,0
102,18,19,0,0,0,0,73,1,0,0
102,19,20,0,0,0,0,74,1,0,0
103,0,1,0,0,0,0,51,0,1,0
103,1,2,0,0,0,0,52,0,1,0
103,2,3,0,0,0,0,53,0,1,0
103,3,4,0,0,0,0,54,0,1,0
103,4,5,0,0,0,0,55,0,1,0
103,5,6,0,0,0,0,56,0,1,0
103,6,7,0,0,0,0,57,0,1,0
103,7,8,0,0,0,0,58,0,1,0
103,8,9,0,0,0,0,59,0,1,0
103,9,10,0,0,0,0,60,0,1,0
103,10,11,0,0,0,0,61,0,1,0
103,11,12,0,0,0,0,62,0,1,0
103,12,13,0,0,0,0,63,0,0,0
103,13,14,0,0,0,0,64,0,0,0
104,0,1,0,0,0,0,50,0,1,0
104,1,2,0,0,0,0,51,0,1,0
104,2,3,0,0,0,0,52,0,1,0
104,3,4,0,0,0,0,53,0,1,0
104,4,5,0,0,0,0,54,0,1,0
104,5,6,0,0,0,0,55,0,1,0
104,6,7,0,0,0,0,56,0,1,0
104,7,8,0,0,0,0,57,0,0,0
104,8,9,0,0,0,0,58,0,0,0
105,0,1,0,0,0,0,51,0,1,0
105,1,2,0,0,0,0,52,0,1,0
105,2,3,0,0,0,0,53,0,1,0
105,3,4,0,0,0,0,54,0,1,0
105,4,5,0,0,0,0,55,0,1,0
105,5,6,0,0,0,0,56,0,1,0
105,6,7,0,0,0,0,57,0,0,0
105,7,8,0,0,0,0,58,0,0,0
106,0,1,0,0,0,0,51,0,1,0
106,1,2,0,0,0,0,52,0,1,0
106,2,3,0,0,0,0,53,0,1,0
106,3,4,0,0,0,0,54,0,0,0
106,4,5,0,0,0,0,55,0,0,0
107,0,1,0,0,0,0,43,0,1,0
107,1,2,0,0,0,0,44,0,1,0
107,2,3,0,0,0,0,45,0,0,0
107,3,4,0,0,0,0,46,0,0,0
108,0,1,0,0,0,0,60,0,1,0
108,1,2,0,0,0,0,61,0,1,0
109,0,1,0,0,0,0,56,0,1,0
