countryid,year,sftprev,sftpeth,sftpreg,sftpgen,poldurab,unuurbpc,ciob,cioc,POLITY,SumEvents
AFG,1957,0,0,0,0,57,6.82,9,0,-10,0
AFG,1962,0,0,0,0,62,7.99,12,1,-10,0
AFG,1967,0,0,0,0,2,9.35,12,2,-7,0
AFG,1972,0,0,0,0,7,11.03,13,2,-7,0
AFG,1977,0,0,0,0,12,13.27,14,4,-7,0
AFG,1982,1,1,1,1,17,15.65,13,3,-7,20
AFG,1987,1,1,1,1,22,16.91,16,4,-7,41
AFG,1992,1,1,1,1,0,18.25,16,4,0,61
AFG,1997,1,1,1,1,1,19.89,16,5,-7,61
ALB,1957,0,0,0,0,11,25.13,7,4,-9,0
ALB,1962,0,0,0,0,16,30.61,8,4,-9,0
ALB,1967,0,0,0,0,21,31.23,9,4,-9,0
ALB,1972,0,0,0,0,26,31.75,8,2,-9,0
ALB,1977,0,0,0,0,31,32.77,9,2,-9,0
ALB,1982,0,0,0,0,36,33.79,8,2,-9,0
ALB,1987,0,0,0,0,41,34.76,10,3,-9,0
ALB,1992,0,0,0,0,0,35.75,9,3,5,0
ALB,1997,1,0,1,0,0,37.21,22,4,6,5
ALG,1962,1,1,0,1,,30.44,5,0,,35.5
ALG,1967,0,0,0,0,4,37.63,14,2,-9,35.5
ALG,1972,0,0,0,0,9,39.5,18,7,-9,19.5
ALG,1977,0,0,0,0,14,40.33,20,12,-9,0
ALG,1982,0,0,0,0,19,43.37,22,12,-9,0
ALG,1987,0,0,0,0,24,47.53,25,13,-9,0
ALG,1992,1,0,1,0,0,51.73,24,9,-7,8
ALG,1997,1,0,1,0,2,55.67,25,8,-3,28
ANG,1977,1,1,1,1,2,17.79,1,0,-7,48
ANG,1982,1,1,1,1,7,20.89,10,2,-7,53
ANG,1987,1,1,1,1,12,24.19,15,2,-7,58
ANG,1992,1,1,1,1,0,27.58,17,2,0,60
ANG,1997,1,1,1,1,0,30.96,20,0,0,54
ARG,1957,0,0,0,0,0,69.63,17,4,-1,4
ARG,1962,0,0,0,0,5,73.61,18,7,-1,4
ARG,1967,0,0,0,0,1,76.11,20,7,-9,7
ARG,1972,0,0,0,0,6,78.39,24,8,-9,3
ARG,1977,0,0,1,1,1,80.73,26,7,-9,17.5
ARG,1982,0,0,0,0,6,82.87,27,5,-8,18
ARG,1987,0,0,0,0,4,84.79000000000001,32,9,8,18
ARG,1992,0,0,0,0,9,86.52,30,5,8,3.5
ARG,1997,0,0,0,0,14,88.08,34,5,8,0
ARM,1992,0,0,0,0,1,67.45999999999999,0,0,7,0
ARM,1997,0,0,0,0,1,68.59999999999999,18,2,-6,3
AUL,1957,0,0,0,0,56,77.98,17,8,10,0
AUL,1962,0,0,0,0,61,80.61,10,10,10,0
AUL,1967,0,0,0,0,66,82.95999999999999,21,9,10,0
AUL,1972,0,0,0,0,71,85.18000000000001,24,15,10,0
AUL,1977,0,0,0,0,76,85.92,29,16,10,0
AUL,1982,0,0,0,0,81,85.76000000000001,29,20,10,0
AUL,1987,0,0,0,0,86,85.45999999999999,33,21,10,0
AUL,1992,0,0,0,0,91,85.09,31,18,10,0
AUL,1997,0,0,0,0,96,84.69,34,16,10,0
AUS,1957,0,0,0,0,11,64.36,19,5,10,0
AUS,1962,0,0,0,0,16,64.92,22,7,10,0
AUS,1967,0,0,0,0,21,65.17,23,8,10,0
AUS,1972,0,0,0,0,26,65.37,26,8,10,0
AUS,1977,0,0,0,0,31,65.19,29,7,10,0
AUS,1982,0,0,0,0,36,64.94,29,5,10,0
AUS,1987,0,0,0,0,41,64.73,34,6,10,0
AUS,1992,0,0,0,0,46,64.53,34,10,10,0
AUS,1997,0,0,0,0,51,64.33,32,12,10,0
AZE,1992,0,1,1,0,0,54.43,0,0,1,4
AZE,1997,0,1,1,0,2,55.65,18,6,-6,15
BAH,1972,0,0,0,0,1,78.67,0,0,-10,0
BAH,1977,0,0,0,0,2,79.23,7,2,-10,1
BAH,1982,0,0,0,0,7,80.51000000000001,10,1,-10,1
BAH,1987,0,0,0,0,12,84.16,11,1,-10,1
BAH,1992,0,0,0,0,17,87.58,13,5,-10,0
BAH,1997,0,0,0,0,22,90.34,21,5,-9,0
BEL,1957,0,0,0,0,57,91.98,20,9,10,0
BEL,1962,0,0,0,0,62,92.45999999999999,23,12,10,0
BEL,1967,0,0,0,0,67,93.36,25,13,10,0
BEL,1972,0,0,0,0,72,94.31,27,13,10,0
BEL,1977,0,0,0,0,77,94.92,28,16,10,0
BEL,1982,0,0,0,0,82,95.43000000000001,31,16,10,0
BEL,1987,0,0,0,0,87,96.01000000000001,37,17,10,0
BEL,1992,0,0,0,0,92,96.54000000000001,36,16,10,0
BEL,1997,0,0,0,0,97,96.98999999999999,37,17,10,0
BEN,1962,0,0,0,0,2,9.27,8,0,2,0
BEN,1967,0,0,1,0,2,12.52,10,0,-7,3
BEN,1972,0,0,1,0,0,16.69,15,2,-7,7
BEN,1977,0,0,0,0,5,21.91,15,4,-7,7
BEN,1982,0,0,0,0,10,27.34,15,5,-7,4
BEN,1987,0,0,0,0,15,30.8,19,6,-7,0
BEN,1992,0,0,0,0,1,34.49,21,7,9,0
BEN,1997,0,0,0,0,6,38.37,19,6,9,0
BFO,1962,0,0,0,0,2,4.7,7,0,-7,0
BFO,1967,0,0,0,0,7,5.2,14,0,-7,0
BFO,1972,0,0,0,0,2,5.75,15,1,-4,0
BFO,1977,0,0,0,0,0,6.35,14,4,0,0
BFO,1982,0,0,0,0,2,8.470000000000001,16,5,-7,1
BFO,1987,0,0,0,0,7,11.4,19,5,-7,1
BFO,1992,0,0,0,0,1,13.56,21,6,-5,1
BFO,1997,0,0,0,0,6,15.88,21,6,-4,0
BHU,1957,0,0,0,0,50,2.29,0,0,-8,0
BHU,1962,0,0,0,0,55,2.5,0,0,-8,0
BHU,1967,0,0,0,0,60,2.78,0,1,-8,0
BHU,1972,0,0,0,0,65,3.1,2,1,-8,0
BHU,1977,0,0,0,0,70,3.45,1,2,-8,0
BHU,1982,0,0,0,0,75,3.89,3,2,-8,0
BHU,1987,0,0,0,0,80,4.45,6,3,-8,0
BHU,1992,0,0,0,0,85,5.15,8,3,-8,0
BHU,1997,0,0,0,0,90,6.03,11,2,-8,0
BLR,1992,0,0,0,0,1,66.84999999999999,0,0,7,0
BLR,1997,0,0,0,0,1,71.05,18,3,-7,2
BNG,1972,0,0,0,0,0,7.61,0,0,8,4
BNG,1977,0,0,0,0,2,9.279999999999999,13,8,-7,12
BNG,1982,0,0,0,0,0,11.3,19,9,-7,12
BNG,1987,0,0,0,0,5,13.36,21,12,-5,8
BNG,1992,0,0,0,0,1,15.67,21,11,6,0
BNG,1997,0,0,0,0,6,18.3,22,11,6,0
BOL,1957,0,0,0,0,1,38.51,12,1,-3,0
BOL,1962,0,0,0,0,6,39.25,14,1,-3,0
BOL,1967,0,0,0,0,11,40,14,2,-4,0
BOL,1972,0,0,0,0,1,40.75,18,1,-7,0
BOL,1977,0,0,0,0,6,41.51,19,2,-7,0
BOL,1982,0,0,0,0,0,45.45,18,2,8,0
BOL,1987,0,0,0,0,5,50.52,22,3,9,0
BOL,1992,0,0,0,0,10,55.58,25,2,9,0
BOL,1997,0,0,0,0,15,60.53,27,3,9,0
BOS,1992,0,1,1,1,0,39.34,0,0,0,0
BOS,1997,0,0,0,0,1,41.08,14,1,1,0
BOT,1967,0,0,0,0,1,3.9,0,0,8,0
BOT,1972,0,0,0,0,6,8.43,7,3,8,0
BOT,1977,0,0,0,0,11,11.95,7,6,8,0
BOT,1982,0,0,0,0,16,15.1,11,6,8,0
BOT,1987,0,0,0,0,21,25.19,15,6,8,0
BOT,1992,0,0,0,0,26,41.53,16,4,8,0
BOT,1997,0,0,0,0,31,59.96,17,3,8,0
BRA,1957,0,0,0,0,11,40.37,18,3,5,0
BRA,1962,0,0,0,0,16,44.94,21,3,5,0
BRA,1967,0,0,0,0,2,50.37,23,4,-9,2
BRA,1972,0,0,0,0,7,55.82,23,3,-9,2
BRA,1977,0,0,0,0,3,61.15,26,5,-4,2
BRA,1982,0,0,0,0,8,66.23,29,8,-3,0
BRA,1987,0,0,0,0,2,70.66,32,8,8,0
BRA,1992,0,0,0,0,7,74.70999999999999,33,8,8,0
BRA,1997,0,0,0,0,12,78.37,35,8,8,0
BUI,1962,0,0,0,0,1,2.03,2,0,0,0
BUI,1967,0,0,1,1,1,2.2,13,0,-7,8.5
BUI,1972,0,0,1,1,6,2.38,15,1,-7,14.5
BUI,1977,0,0,0,0,11,3.22,16,3,-7,17.5
BUI,1982,0,0,0,0,16,4.34,17,3,-7,9
BUI,1987,0,0,0,0,21,5.22,19,3,-7,3
BUI,1992,0,1,1,1,0,6.27,19,3,0,20
BUI,1997,0,1,1,1,1,7.52,18,2,-5,40
BUL,1957,0,0,0,0,10,31.73,11,6,-7,0
BUL,1962,0,0,0,0,15,38.56,13,7,-7,0
BUL,1967,0,0,0,0,20,45.88,13,7,-7,0
BUL,1972,0,0,0,0,25,51.8,20,8,-7,0
BUL,1977,0,0,0,0,30,57.53,21,10,-7,0
BUL,1982,0,0,0,0,35,61.17,23,10,-7,0
BUL,1987,0,0,0,0,40,64.52,24,10,-7,0
BUL,1992,0,0,0,0,2,66.48,24,10,8,0
BUL,1997,0,0,0,0,7,68.27,27,9,8,0
CAM,1957,0,0,0,0,8,10.24,8,2,-9,0
CAM,1962,0,0,0,0,13,10.28,11,2,-9,0
CAM,1967,0,0,0,0,18,10.83,12,3,-9,0
CAM,1972,1,0,0,1,1,11.7,15,3,-5,9
CAM,1977,1,0,0,1,6,10.3,12,3,-7,31.5
CAM,1982,0,0,0,0,11,12.37,13,2,-7,38
CAM,1987,0,0,0,0,16,14.8,15,1,-7,29
CAM,1992,0,0,0,0,0,17.49,15,1,0,6.5
CAM,1997,0,0,1,0,0,20.4,15,3,-7,3
CAN,1957,0,0,0,0,57,64.97,17,9,10,0
CAN,1962,0,0,0,0,62,68.91,20,12,10,0
CAN,1967,0,0,0,0,67,72.89,20,12,10,0
CAN,1972,0,0,0,0,72,75.65000000000001,24,17,10,0
CAN,1977,0,0,0,0,77,75.61,25,18,10,0
CAN,1982,0,0,0,0,82,75.66,28,19,10,0
CAN,1987,0,0,0,0,87,76.34999999999999,31,18,10,0
CAN,1992,0,0,0,0,92,76.58,33,16,10,0
CAN,1997,0,0,0,0,97,76.68000000000001,31,17,10,0
CAO,1962,0,0,0,0,1,13.87,11,0,-6,0
CAO,1967,0,0,0,0,6,16.4,15,1,-7,0
CAO,1972,0,0,0,0,11,20.3,22,3,-8,0
CAO,1977,0,0,0,0,16,26.87,23,6,-8,0
CAO,1982,0,0,0,0,21,31.42,23,6,-7,0
CAO,1987,0,0,0,0,26,35.73,26,6,-8,0
CAO,1992,0,0,0,0,31,40.29,27,6,-7,0
CAO,1997,0,0,0,0,36,44.73,28,8,-7,0
CEN,1962,0,0,0,0,0,22.68,9,0,-7,0
CEN,1967,0,0,0,0,5,26.7,15,0,-7,0
CEN,1972,0,0,0,0,10,30.15,16,2,-7,0
CEN,1977,0,0,0,0,15,33.67,15,4,-7,0
CEN,1982,0,0,0,0,20,35.07,16,5,-7,0
CEN,1987,0,0,0,0,25,36.26,18,3,-7,0
CEN,1992,0,0,0,0,30,37.48,20,3,-6,0
CEN,1997,0,0,0,0,4,39.12,19,2,6,0
CHA,1962,0,0,0,0,0,6.82,10,0,-9,0
CHA,1967,0,1,1,0,5,9,13,0,-9,6
CHA,1972,0,1,1,0,10,11.79,16,1,-9,16
CHA,1977,0,1,1,0,15,15.57,16,3,-7,26
CHA,1982,0,1,1,0,0,18.82,16,5,0,38
CHA,1987,0,1,1,0,2,19.91,19,5,-7,40
CHA,1992,0,1,1,0,7,21.05,18,5,-6,40
CHA,1997,0,0,0,0,4,22.23,20,6,-2,30
CHL,1957,0,0,0,0,2,63.26,13,1,5,0
CHL,1962,0,0,0,0,7,67.84,18,3,5,0
CHL,1967,0,0,0,0,12,71.7,17,3,6,0
CHL,1972,0,0,0,0,17,75.23,20,4,6,0
CHL,1977,0,0,0,0,4,78.39,23,5,-7,8
CHL,1982,0,0,0,0,9,81.23999999999999,23,5,-7,8
CHL,1987,0,0,0,0,14,82.62,29,5,-6,8
CHL,1992,0,0,0,0,2,83.27,27,4,8,0
CHL,1997,0,0,0,0,7,83.90000000000001,29,6,8,0
CHN,1957,1,1,0,1,8,14.18,12,3,-8,8
CHN,1962,1,1,0,1,13,16.01,15,3,-8,16
CHN,1967,1,1,0,1,18,17.57,15,5,-9,24
CHN,1972,1,1,0,1,23,17.4,18,3,-8,37.5
CHN,1977,0,0,0,0,28,17.3,13,3,-7,40
CHN,1982,0,0,0,0,33,19.61,16,6,-7,29
CHN,1987,0,0,0,0,38,22.59,22,7,-7,10.5
CHN,1992,1,1,0,0,43,26.2,24,9,-7,6
CHN,1997,1,1,0,0,48,30.22,29,11,-7,11
COL,1957,0,0,0,0,0,42.55,12,1,7,0
COL,1962,0,0,0,0,5,48.2,18,1,7,0
COL,1967,0,0,0,0,10,53.52,16,2,7,0
COL,1972,0,0,0,0,15,57.2,21,2,7,0
COL,1977,0,0,0,0,20,60.71,23,1,8,0
COL,1982,0,0,0,0,25,63.93,23,2,8,0
COL,1987,1,0,0,0,30,67.03,28,5,8,6
COL,1992,1,0,0,0,35,69.98,28,3,9,16
COL,1997,1,0,0,0,40,72.62,30,4,7,27
COM,1977,0,0,0,0,1,21.24,1,1,-4,0
COM,1982,0,0,0,0,6,23.22,8,4,-6,0
COM,1987,0,0,0,0,11,25.48,10,4,-7,0
COM,1992,0,0,0,0,2,27.9,11,4,4,0
COM,1997,0,0,0,0,1,30.45,13,4,4,4
CON,1962,0,0,0,0,1,31.86,10,0,4,0
CON,1967,0,0,0,0,4,32.35,13,0,-7,1
CON,1972,0,0,0,0,9,32.84,15,1,-7,1
CON,1977,0,0,0,0,14,34.85,15,2,-7,1
CON,1982,0,0,0,0,19,41.02,18,3,-8,0
CON,1987,0,0,0,0,24,47.49,22,4,-8,0
CON,1992,0,0,0,0,0,53.36,23,3,5,0
CON,1997,1,0,1,0,0,58.41,21,2,-6,3
COS,1957,0,0,0,0,57,35.03,10,0,10,0
COS,1962,0,0,0,0,62,36.55,14,0,10,0
COS,1967,0,0,0,0,67,38.11,14,1,10,0
COS,1972,0,0,0,0,72,39.69,15,1,10,0
COS,1977,0,0,0,0,77,41.34,16,1,10,0
COS,1982,0,0,0,0,82,43.1,20,3,10,0
COS,1987,0,0,0,0,87,44.88,22,3,10,0
COS,1992,0,0,0,0,92,46.95,21,1,10,0
COS,1997,0,0,0,0,97,49.3,23,1,10,0
CRO,1992,0,1,0,0,1,54.04,0,0,1,8
CRO,1997,0,0,0,0,6,55.78,22,1,-1,20
CUB,1957,1,0,1,0,2,52.13,17,2,-9,1
CUB,1962,0,0,0,0,1,54.85,16,1,-7,11
CUB,1967,0,0,0,0,6,57.55,16,3,-7,11
CUB,1972,0,0,0,0,11,60.2,20,3,-7,10
CUB,1977,0,0,0,0,16,64.23,22,5,-7,0
CUB,1982,0,0,0,0,21,68.11,22,7,-7,0
CUB,1987,0,0,0,0,26,70.98999999999999,27,7,-7,0
CUB,1992,0,0,0,0,31,73.48,28,7,-7,0
CUB,1997,0,0,0,0,36,75.83,30,4,-7,0
CYP,1962,0,0,0,0,0,35.63,9,0,0,0
CYP,1967,0,1,1,0,0,38.19,12,3,0,20
CYP,1972,0,0,0,0,4,40.76,17,5,7,22
CYP,1977,0,0,0,0,3,43.38,22,7,10,24
CYP,1982,0,0,0,0,8,46.04,21,8,10,4
CYP,1987,0,0,0,0,13,48.71,26,9,10,2
CYP,1992,0,0,0,0,18,51.4,29,8,10,0
CYP,1997,0,0,0,0,23,54.07,31,7,10,0
CZE,1957,0,0,0,0,9,43.3,13,6,-7,0
CZE,1962,0,0,0,0,14,45.77,13,9,-7,0
CZE,1967,0,0,0,0,19,48.85,16,9,-7,0
CZE,1972,0,0,0,0,24,52.03,22,10,-7,1
CZE,1977,0,0,0,0,29,57.82,23,10,-7,1
CZE,1982,0,0,0,0,34,63.62,21,10,-7,1
CZE,1987,0,0,0,0,39,64.45,24,10,-7,0
CZE,1992,0,0,0,0,2,64.94,24,9,8,0
CZR,1997,0,0,0,0,4,65.42,30,8,10,0
DEN,1957,0,0,0,0,42,69.62,21,7,10,0
DEN,1962,0,0,0,0,47,73.68000000000001,23,9,10,0
DEN,1967,0,0,0,0,52,77.05,24,9,10,0
DEN,1972,0,0,0,0,57,79.72,28,9,10,0
DEN,1977,0,0,0,0,62,81.81999999999999,30,10,10,0
DEN,1982,0,0,0,0,67,83.72,30,14,10,0
DEN,1987,0,0,0,0,72,84.31999999999999,36,15,10,0
DEN,1992,0,0,0,0,77,84.77,35,15,10,0
DEN,1997,0,0,0,0,82,85.20999999999999,36,14,10,0
DJI,1977,0,0,0,0,0,68.48999999999999,0,0,-8,0
DJI,1982,0,0,0,0,5,73.61,8,2,-8,0
DJI,1987,0,0,0,0,10,77.45999999999999,11,3,-8,0
DJI,1992,0,0,0,0,15,80.25,11,4,-7,0
DJI,1997,0,0,0,0,20,82.14,12,4,-6,0
DOM,1957,0,0,0,0,25,26.86,16,1,-9,0
DOM,1962,1,0,1,0,0,30.23,17,1,0,6
DOM,1967,0,0,0,0,1,35.09,19,1,-3,20
DOM,1972,0,0,0,0,6,40.27,18,2,-3,20
DOM,1977,0,0,0,0,11,45.34,23,2,-3,14
DOM,1982,0,0,0,0,4,50.5,21,1,6,0
DOM,1987,0,0,0,0,9,54.65,25,2,6,0
DOM,1992,0,0,0,0,14,58.32,24,2,6,0
DOM,1997,0,0,0,0,1,61.91,24,3,8,0
DRV,1957,0,0,0,0,3,,10,3,-9,40
DRV,1962,0,1,0,0,8,,4,3,-8,37
DRV,1967,0,1,0,0,13,,3,3,-8,27
DRV,1972,0,1,0,0,18,,7,4,-7,29
ECU,1957,0,0,0,0,8,31.26,14,2,2,0
ECU,1962,0,0,0,0,1,34.43,17,1,-1,0
ECU,1967,0,0,0,0,6,37.19,18,3,-1,0
ECU,1972,0,0,1,0,0,39.53,17,3,-5,3
ECU,1977,0,0,0,0,5,42.36,19,4,-5,3
ECU,1982,0,0,0,0,3,46.96,21,4,9,3
ECU,1987,0,0,0,0,8,51.22,26,5,8,0
ECU,1992,0,0,0,0,13,55.09,29,4,9,0
ECU,1997,0,0,0,0,18,58.91,29,1,8,0
EGY,1957,0,0,0,0,4,34.84,17,0,-7,0
EGY,1962,0,0,0,0,9,37.86,20,1,-7,0
EGY,1967,0,0,0,0,14,40.68,20,5,-7,0
EGY,1972,0,0,0,0,19,42.21,25,7,-7,0
EGY,1977,0,0,0,0,24,43.45,27,9,-6,0
EGY,1982,0,0,0,0,29,43.84,29,7,-5,0
EGY,1987,1,0,0,0,34,43.89,33,12,-5,4
EGY,1992,1,0,0,0,39,43.94,32,13,-3,13
EGY,1997,1,0,0,0,44,44.63,35,13,-3,26
EQG,1972,0,0,0,0,3,26.73,3,0,-7,0
EQG,1977,0,0,0,0,8,27.06,5,1,-7,0
EQG,1982,0,0,0,0,13,27.4,9,0,-7,0
EQG,1987,0,0,0,0,18,29.79,11,0,-7,0
EQG,1992,0,0,0,0,23,35.75,12,0,-7,0
EQG,1997,0,0,0,0,28,42.18,12,1,-5,0
ERI,1997,0,0,0,0,6,17.09,13,0,-2,32
EST,1992,0,0,0,0,1,71.8,0,0,8,0
EST,1997,0,0,0,0,6,72.98999999999999,17,1,8,0
ETH,1957,0,0,0,0,11,5.44,9,0,-9,0
ETH,1962,1,1,1,1,16,6.43,10,0,-9,2
ETH,1967,1,1,1,1,21,7.59,10,0,-9,7
ETH,1972,1,1,1,1,26,8.6,11,1,-9,12
ETH,1977,1,1,1,1,31,9.5,16,2,-7,17.5
ETH,1982,1,1,1,1,36,10.48,17,3,-7,22
ETH,1987,1,1,1,1,41,11.67,20,3,-8,31
ETH,1992,1,1,1,1,0,13.44,20,2,0,41.5
ETI,1997,0,0,0,0,2,15.41,20,1,1,35
FIN,1957,0,0,0,0,13,34.99,17,5,10,0
FIN,1962,0,0,0,0,18,38.08,21,6,10,0
FIN,1967,0,0,0,0,23,43.94,23,6,10,0
FIN,1972,0,0,0,0,28,50.27,28,7,10,0
FIN,1977,0,0,0,0,33,58.26,29,7,10,0
FIN,1982,0,0,0,0,38,59.83,33,9,10,0
FIN,1987,0,0,0,0,43,59.81,36,12,10,0
FIN,1992,0,0,0,0,48,61.43,36,13,10,0
FIN,1997,0,0,0,0,53,63.16,36,15,10,0
FJI,1972,0,0,0,0,2,34.76,6,2,9,0
FJI,1977,0,0,0,0,7,36.72,10,3,9,0
FJI,1982,0,0,0,0,12,37.77,13,4,9,0
FJI,1987,0,0,0,0,0,38.52,18,5,-3,0
FJI,1992,0,0,0,0,2,39.28,19,2,4,0
FJI,1997,0,0,0,0,7,40.55,19,2,4,0
FRN,1957,0,0,0,0,11,59.31,23,13,10,0
FRN,1962,0,0,0,0,4,62.39,23,17,5,0
FRN,1967,0,0,0,0,9,67.14,26,16,5,0
FRN,1972,0,0,0,0,3,71.03,27,18,8,0
FRN,1977,0,0,0,0,8,73.02,30,18,8,0
FRN,1982,0,0,0,0,13,73.31,31,17,8,0
FRN,1987,0,0,0,0,18,73.65000000000001,36,20,9,0
FRN,1992,0,0,0,0,23,74.02,35,20,8,0
FRN,1997,0,0,0,0,28,74.67,38,20,9,0
GAB,1962,0,0,0,0,1,17.4,12,0,-7,0
GAB,1967,0,0,0,0,6,20.88,16,0,-7,0
GAB,1972,0,0,0,0,11,24.8,18,2,-9,0
GAB,1977,0,0,0,0,16,29.19,18,7,-9,0
GAB,1982,0,0,0,0,21,34,21,7,-9,0
GAB,1987,0,0,0,0,26,39.17,25,7,-9,0
GAB,1992,0,0,0,0,1,44.59,26,6,-3,0
GAB,1997,0,0,0,0,6,50.14,26,7,-3,0
GAM,1967,0,0,0,0,2,13.6,3,2,8,0
GAM,1972,0,0,0,0,7,15.04,4,3,8,0
GAM,1977,0,0,0,0,12,16.97,9,5,8,0
GAM,1982,0,0,0,0,17,19.6,12,6,7,0
GAM,1987,0,0,0,0,22,22.54,13,7,8,0
GAM,1992,0,0,0,0,27,25.7,16,7,8,0
GAM,1997,0,0,0,0,3,29.03,16,7,-5,1
GDR,1957,0,0,0,0,8,,9,7,-8,0
GDR,1962,0,0,0,0,13,,6,8,-9,0
GDR,1967,0,0,0,0,18,,6,6,-9,0
GDR,1972,0,0,0,0,23,,8,6,-9,0
GDR,1977,0,0,0,0,28,,16,7,-9,0
GDR,1982,0,0,0,0,33,,18,8,-9,0
GDR,1987,0,0,0,0,38,,21,8,-9,0
GER,1992,0,0,0,0,43,85.3,31,21,10,0
GER,1997,0,0,0,0,48,86.5,38,18,10,0
GFR,1957,0,0,0,0,8,,21,9,10,0
GFR,1962,0,0,0,0,13,,21,11,10,0
GFR,1967,0,0,0,0,18,,26,11,10,0
GFR,1972,0,0,0,0,23,,29,12,10,0
GFR,1977,0,0,0,0,28,,31,12,10,0
GFR,1982,0,0,0,0,33,,30,17,10,0
GFR,1987,0,0,0,0,38,,37,18,10,0
GHA,1957,0,0,0,0,,18.53,7,2,,0
GHA,1962,0,0,0,0,2,23.25,14,2,-9,0
GHA,1967,0,0,0,0,7,26.08,14,7,-7,0
GHA,1972,0,0,1,0,0,28.97,18,8,-7,1
GHA,1977,0,0,0,0,5,30.06,19,11,-7,1
GHA,1982,0,0,0,0,1,31.17,22,9,-7,7
GHA,1987,0,0,0,0,6,32.3,26,9,-7,6
GHA,1992,0,0,0,0,0,33.87,26,7,1,6
GHA,1997,0,0,0,0,1,35.89,24,6,5,0
GNB,1977,0,0,0,0,3,15.95,3,2,-7,36
GNB,1982,0,0,0,0,8,16.94,8,2,-7,21
GNB,1987,0,0,0,0,13,18.43,11,3,-8,6
GNB,1992,0,0,0,0,18,20.03,12,3,-6,0
GNB,1997,0,0,0,0,3,21.73,13,4,5,0
GRC,1957,0,0,0,0,8,40.05,21,6,4,0
GRC,1962,0,0,0,0,13,42.89,33,7,4,0
GRC,1967,0,0,1,0,0,47.53,22,7,-7,1
GRC,1972,0,0,0,0,5,52.51,25,8,-7,1
GRC,1977,0,0,0,0,2,55.31,27,6,8,1
GRC,1982,0,0,0,0,7,57.73,31,7,8,0
GRC,1987,0,0,0,0,12,58.44,36,8,10,0
GRC,1992,0,0,0,0,17,58.84,36,10,10,0
GRC,1997,0,0,0,0,22,59.24,37,10,10,0
GRG,1992,1,1,0,0,0,56.04,0,0,4,6
GRG,1997,0,0,0,0,5,58.34,18,5,5,10
GUA,1957,0,0,0,0,3,30.95,13,0,-5,0
GUA,1962,0,0,0,0,8,32.44,15,1,-5,0
GUA,1967,1,1,1,1,1,33.97,15,1,3,4
GUA,1972,1,1,1,1,6,35.53,14,0,1,19
GUA,1977,1,1,1,1,3,36.71,18,0,-3,34
GUA,1982,1,1,1,1,8,37.4,19,0,-7,49
GUA,1987,1,1,1,1,1,37.73,23,1,3,52
GUA,1992,1,1,1,1,6,38,23,1,3,57
GUA,1997,0,0,0,0,1,38.87,24,1,8,48
GUI,1962,0,0,0,0,4,9.9,8,0,-9,0
GUI,1967,0,0,0,0,9,11.73,11,0,-9,0
GUI,1972,0,0,0,0,14,13.85,15,0,-9,0
GUI,1977,0,0,0,0,19,16.3,14,2,-9,0
GUI,1982,0,0,0,0,24,19.11,18,3,-9,0
GUI,1987,0,0,0,0,29,22.27,21,5,-7,0
GUI,1992,0,0,0,0,34,25.66,21,6,-5,0
GUI,1997,0,0,0,0,2,29.2,21,4,-1,0
GUY,1967,0,0,0,0,1,29.21,2,1,1,0
GUY,1972,0,0,0,0,6,29.43,13,3,1,0
GUY,1977,0,0,0,0,11,29.97,12,4,1,0
GUY,1982,0,0,0,0,2,30.52,14,6,-7,3
GUY,1987,0,0,0,0,7,31.6,16,7,-7,3
GUY,1992,0,0,0,0,0,33.22,16,4,6,3
GUY,1997,0,0,0,0,5,35.42,18,3,6,0
HAI,1957,0,0,0,0,7,13.79,14,0,-5,0
HAI,1962,0,0,0,0,4,15.59,17,0,-9,0
HAI,1967,0,0,0,0,9,17.58,17,1,-9,0
HAI,1972,0,0,0,0,14,19.76,16,0,-10,0
HAI,1977,0,0,0,0,19,21.73,19,1,-9,0
HAI,1982,0,0,0,0,24,23.71,21,3,-9,0
HAI,1987,0,0,0,0,0,26.09,24,3,0,0
HAI,1992,0,0,0,0,0,28.85,24,3,-7,1
HAI,1997,0,0,0,0,3,31.78,25,3,7,1
HON,1957,0,0,0,0,21,20.04,11,0,-1,0
HON,1962,0,0,0,0,26,22.75,14,0,-1,0
HON,1967,0,0,0,0,31,25.7,14,0,-1,0
HON,1972,0,0,0,0,36,28.9,15,0,-1,0
HON,1977,0,0,0,0,41,32.11,15,0,-1,0
HON,1982,0,0,0,0,0,34.87,18,0,6,0
HON,1987,0,0,0,0,5,37.74,22,1,6,0
HON,1992,0,0,0,0,10,40.69,22,1,7,0
HON,1997,0,0,0,0,15,43.77,22,1,7,0
HUN,1957,0,0,0,0,9,40.86,13,7,-7,3
HUN,1962,0,0,0,0,14,42.58,13,8,-7,3
HUN,1967,0,0,0,0,19,45.47,15,7,-7,3
HUN,1972,0,0,0,0,24,48.52,22,10,-7,0
HUN,1977,0,0,0,0,29,52.79,22,9,-7,0
HUN,1982,0,0,0,0,34,56.86,23,8,-7,0
HUN,1987,0,0,0,0,39,59.48,26,8,-7,0
HUN,1992,0,0,0,0,2,62.05,30,10,10,0
HUN,1997,0,0,0,0,7,64.55,34,7,10,0
IND,1957,0,1,0,0,7,17.6,16,11,9,15
IND,1962,0,1,0,0,12,17.95,20,14,9,14
IND,1967,0,1,0,0,17,18.8,22,16,9,15
IND,1972,0,1,0,0,22,19.75,26,18,9,15
IND,1977,0,1,0,0,27,21.31,28,19,8,15
IND,1982,0,1,0,0,32,23.06,31,19,8,15
IND,1987,0,1,0,0,37,24.32,33,21,8,15
IND,1992,0,1,0,0,42,25.54,32,18,8,17
IND,1997,0,1,0,0,47,26.79,35,17,8,15
INS,1957,1,0,0,1,7,13.46,16,5,-1,12
INS,1962,1,0,0,1,3,14.59,19,7,-5,18
INS,1967,0,0,0,0,8,15.79,17,6,-7,27.5
INS,1972,0,0,0,0,13,17.07,21,9,-7,21.5
INS,1977,0,0,0,1,18,19.36,22,12,-7,19.5
INS,1982,0,0,0,1,23,22.2,23,11,-7,22
INS,1987,0,0,0,1,28,26.15,26,15,-7,28.5
INS,1992,0,0,0,1,33,30.59,27,16,-7,21
INS,1997,1,1,0,0,38,35.42,29,17,-7,10
IRE,1957,0,0,0,0,35,43.87,12,3,10,0
IRE,1962,0,0,0,0,40,45.82,17,4,10,0
IRE,1967,0,0,0,0,45,48.71,17,4,10,0
IRE,1972,0,0,0,0,50,51.72,22,5,10,0
IRE,1977,0,0,0,0,55,53.63,21,7,10,0
IRE,1982,0,0,0,0,60,55.33,24,10,10,0
IRE,1987,0,0,0,0,65,56.27,30,11,10,0
IRE,1992,0,0,0,0,70,56.91,30,9,10,0
IRE,1997,0,0,0,0,75,57.5,30,11,10,0
IRN,1957,0,0,0,0,2,30.42,11,3,-10,8
IRN,1962,0,0,0,0,7,34.11,18,4,-10,8
IRN,1967,0,0,0,0,12,38.01,18,4,-10,7
IRN,1972,0,0,0,0,17,41.9,21,8,-10,2
IRN,1977,1,1,1,1,22,45.82,24,11,-10,4
IRN,1982,1,1,1,1,0,49.63,22,10,-6,20
IRN,1987,1,1,1,1,5,53.38,25,10,-6,24.5
IRN,1992,1,1,1,1,10,56.33,24,10,-6,27
IRN,1997,1,1,1,1,15,58.99,24,9,-6,9
IRQ,1957,0,0,0,0,33,37.63,10,2,-4,0
IRQ,1962,0,1,0,1,38,42.9,14,2,-5,6
IRQ,1967,0,1,0,1,43,50.65,14,5,-5,21
IRQ,1972,0,1,0,1,48,56.16,15,5,-7,30.5
IRQ,1977,0,0,0,0,53,61.38,21,8,-7,31
IRQ,1982,0,1,0,1,58,65.52,23,9,-9,25
IRQ,1987,0,1,0,1,63,68.77,25,10,-9,30.5
IRQ,1992,0,1,0,1,68,71.84,25,11,-9,42.5
IRQ,1997,0,1,0,1,73,74.52,25,10,-7,48.5
ISR,1957,0,0,0,0,8,71.19,17,2,10,8
ISR,1962,0,0,0,0,13,76.95999999999999,22,5,10,4
ISR,1967,0,1,0,0,18,80.94,22,5,9,1
ISR,1972,0,1,0,0,23,84.2,27,7,9,6
ISR,1977,0,1,0,0,28,86.64,25,6,9,11
ISR,1982,0,1,0,0,33,88.58,27,3,9,15
ISR,1987,0,1,0,0,38,89.8,32,5,9,16
ISR,1992,0,1,0,0,43,90.26000000000001,30,5,9,31
ISR,1997,0,1,0,0,48,90.70999999999999,33,6,9,42
ITA,1957,0,0,0,0,9,56.86,21,10,10,0
ITA,1962,0,0,0,0,14,59.36,25,14,10,0
ITA,1967,0,0,0,0,19,61.84,26,14,10,0
ITA,1972,0,0,0,0,24,64.27,27,14,10,0
ITA,1977,0,0,0,0,29,65.64,27,11,10,0
ITA,1982,0,0,0,0,34,66.64,31,15,10,0
ITA,1987,0,0,0,0,39,66.83,37,17,10,0
ITA,1992,0,0,0,0,44,66.73,36,16,10,0
ITA,1997,0,0,0,0,49,66.63,38,16,10,0
IVO,1962,0,0,0,0,2,19.3,9,0,-9,0
IVO,1967,0,0,0,0,7,23.11,18,0,-9,0
IVO,1972,0,0,0,0,12,27.41,19,3,-9,0
IVO,1977,0,0,0,0,17,32.09,22,4,-9,0
IVO,1982,0,0,0,0,22,34.77,24,7,-9,0
IVO,1987,0,0,0,0,27,37.56,26,6,-9,0
IVO,1992,0,0,0,0,32,40.43,29,4,-7,0
IVO,1997,0,0,0,0,4,43.44,31,5,-6,0
JAM,1962,0,0,0,0,3,33.77,1,0,10,0
JAM,1967,0,0,0,0,8,37.6,12,3,10,0
JAM,1972,0,0,0,0,13,41.52,13,4,10,0
JAM,1977,0,0,0,0,18,44.13,16,5,10,0
JAM,1982,0,0,0,0,23,46.77,20,7,10,0
JAM,1987,0,0,0,0,28,49.19,22,6,10,0
JAM,1992,0,0,0,0,33,51.45,22,4,10,0
JAM,1997,0,0,0,0,38,53.71,21,3,9,0
JOR,1957,0,0,1,0,0,38.63,10,0,-9,1
JOR,1962,0,0,0,0,5,42.74,13,0,-9,1
JOR,1967,1,0,0,0,10,46.29,15,1,-9,2
JOR,1972,0,0,0,0,15,50.54,18,2,-9,10
JOR,1977,0,0,0,0,20,55.31,20,4,-10,10
JOR,1982,0,0,0,0,25,59.94,19,5,-10,9
JOR,1987,0,0,0,0,30,64.06,24,5,-9,0
JOR,1992,0,0,0,0,3,67.98,24,7,-3,0
JOR,1997,0,0,0,0,8,71.36,25,6,-3,0
JPN,1957,0,0,0,0,5,55.5,18,8,10,0
JPN,1962,0,0,0,0,10,62.5,22,11,10,0
JPN,1967,0,0,0,0,15,67.3,23,12,10,0
JPN,1972,0,0,0,0,20,71.20999999999999,27,14,10,0
JPN,1977,0,0,0,0,25,75.69,31,14,10,0
JPN,1982,0,0,0,0,30,76.19,33,14,10,0
JPN,1987,0,0,0,0,35,76.68000000000001,36,15,10,0
JPN,1992,0,0,0,0,40,77.37,36,17,10,0
JPN,1997,0,0,0,0,45,78.05,37,17,10,0
KEN,1967,0,0,0,0,2,8.609999999999999,13,4,0,33
KEN,1972,0,0,0,0,3,10.3,18,8,-3,18
KEN,1977,0,0,0,0,3,12.92,20,8,-7,3
KEN,1982,0,0,0,0,8,16.07,22,10,-7,0
KEN,1987,0,0,0,0,13,19.77,26,11,-7,0
KEN,1992,0,1,0,0,18,24.08,24,7,-5,6
KEN,1997,0,0,0,0,23,28.59,25,8,-3,9
KUW,1962,0,0,0,0,,72.34999999999999,8,1,,0
KUW,1967,0,0,0,0,4,77.69,13,2,-9,0
KUW,1972,0,0,0,0,9,77.77,14,2,-8,0
KUW,1977,0,0,0,0,14,83.81,16,4,-10,0
KUW,1982,0,0,0,0,19,90.17,17,3,-8,0
KUW,1987,0,0,0,0,24,93.81999999999999,20,4,-10,0
KUW,1992,0,0,0,0,0,95.83,21,7,-7,0
KUW,1997,0,0,0,0,5,96.95999999999999,22,6,-7,0
KYR,1992,0,0,0,0,1,38.19,0,0,6,0
KYR,1997,0,0,0,0,1,38.8,12,4,2,2
KZK,1992,0,0,0,0,1,57.62,0,0,2,0
KZK,1997,0,0,0,0,2,59.59,16,5,-3,1
LAO,1957,0,0,0,0,0,7.59,8,1,0,0
LAO,1962,1,1,0,0,0,7.95,9,1,0,6
LAO,1967,1,1,0,0,0,8.32,11,1,0,26
LAO,1972,1,1,0,0,0,9.630000000000001,13,2,0,46
LAO,1977,1,1,0,0,2,11.38,12,4,-7,54
LAO,1982,0,0,0,0,7,13.37,11,4,-7,38
LAO,1987,0,0,0,0,12,15.6,13,4,-7,18
LAO,1992,0,0,0,0,17,18.06,13,4,-7,4
LAO,1997,0,0,0,0,22,20.69,14,4,-7,0
LAT,1992,0,0,0,0,1,71.23,0,0,8,0
LAT,1997,0,0,0,0,6,72.75,17,2,8,0
LBR,1957,0,0,0,0,57,15.59,8,1,-6,0
LBR,1962,0,0,0,0,62,18.63,9,1,-6,0
LBR,1967,0,0,0,0,67,22.11,11,1,-6,0
LBR,1972,0,0,0,0,72,26.03,12,3,-6,0
LBR,1977,0,0,0,0,77,30.35,15,4,-6,0
LBR,1982,0,0,0,0,82,34.98,16,4,-7,0
LBR,1987,0,0,0,0,87,39.28,17,5,-6,0
LBR,1992,1,0,1,0,0,42.09,19,2,0,14
LBR,1997,1,0,1,0,0,44.95,22,2,1,33
LEB,1957,0,0,0,0,13,30.47,14,1,2,0
LEB,1962,0,0,0,0,18,39.57,17,2,2,4
LEB,1967,0,1,1,0,23,49.45,18,4,2,10
LEB,1972,0,1,1,0,1,59.38,22,4,5,20
LEB,1977,0,1,1,0,0,66.98,23,8,0,32
LEB,1982,0,1,1,0,0,73.67,21,8,0,46
LEB,1987,0,1,1,0,0,79.43000000000001,24,9,0,56
LEB,1992,0,1,1,0,0,84.19,25,8,-3,56
LEB,1997,0,0,0,0,5,87.5,24,9,-3,36
LES,1967,0,0,0,0,1,6.35,0,0,9,0
LES,1972,0,0,0,0,2,8.550000000000001,8,1,-9,1
LES,1977,0,0,0,0,7,10.8,9,3,-7,1
LES,1982,0,0,0,0,12,13.4,12,5,-7,1
LES,1987,0,0,0,0,17,16.47,16,5,-7,0
LES,1992,0,0,0,0,22,20.09,18,2,-7,0
LES,1997,1,0,1,0,4,23.96,17,3,8,3
LIB,1957,0,0,0,0,6,20.58,9,0,-7,0
LIB,1962,0,0,0,0,11,22.73,11,3,-7,0
LIB,1967,0,0,0,0,16,27.39,12,4,-7,0
LIB,1972,0,0,0,0,21,45.33,15,5,-7,0
LIB,1977,0,0,0,0,26,60.86,17,7,-7,0
LIB,1982,0,0,0,0,31,69.31999999999999,18,6,-7,0
LIB,1987,0,0,0,0,36,76.65000000000001,22,7,-7,0
LIB,1992,0,0,0,0,41,81.84,21,8,-7,0
LIB,1997,0,0,0,0,46,85.34999999999999,23,7,-7,0
LIT,1992,0,0,0,0,1,68.77,0,0,10,0
LIT,1997,0,0,0,0,6,71.97,21,1,10,0
LUX,1957,0,0,0,0,37,60.57,14,4,,
LUX,1962,0,0,0,0,42,62.05,18,5,,
LUX,1967,0,0,0,0,47,62.95,18,4,,
LUX,1972,0,0,0,0,52,67.77,20,5,,
LUX,1977,0,0,0,0,57,73.70999999999999,21,8,,
LUX,1982,0,0,0,0,62,78.89,22,9,,
LUX,1987,0,0,0,0,67,82.94,29,11,,
LUX,1992,0,0,0,0,72,86.3,30,10,,
LUX,1997,0,0,0,0,77,89.08,30,9,,
MAA,1962,0,0,0,0,0,5.8,10,0,-4,0
MAA,1967,0,0,0,0,5,9,13,0,-7,0
MAA,1972,0,0,0,0,10,13.7,15,2,-7,0
MAA,1977,0,0,0,0,15,20.3,15,4,-7,0
MAA,1982,0,0,0,0,20,27.37,17,3,-7,0
MAA,1987,0,0,0,0,25,35,20,5,-7,0
MAA,1992,0,0,0,0,30,43.48,20,5,-6,0
MAA,1997,0,0,0,0,35,51.23,19,4,-6,0
MAC,1997,0,0,0,0,6,59.86,20,1,8,0
MAG,1962,0,0,0,0,1,10.64,11,1,-1,0
MAG,1967,0,0,0,0,6,12.38,19,1,-1,0
MAG,1972,0,0,1,0,11,14.1,19,2,-3,1
MAG,1977,0,0,0,0,2,16.09,21,5,-6,4
MAG,1982,0,0,0,0,7,18.3,22,3,-6,4
MAG,1987,0,0,0,0,12,20.77,24,5,-6,3
MAG,1992,0,0,0,0,0,23.48,24,4,9,0
MAG,1997,0,0,0,0,5,26.41,24,3,8,0
MAL,1957,0,0,0,0,0,23.42,2,3,10,38
MAL,1962,0,0,0,0,5,26.6,11,5,10,50
MAL,1967,0,0,0,0,10,29.91,12,7,10,32
MAL,1972,0,0,0,0,1,33.46,18,10,5,12
MAL,1977,0,0,0,0,6,37.65,21,13,5,0
MAL,1982,0,0,0,0,11,42.04,22,14,5,0
MAL,1987,0,0,0,0,16,45.86,24,16,5,0
MAL,1992,0,0,0,0,21,49.73,25,15,5,0
MAL,1997,0,0,0,0,26,53.6,28,14,4,0
MAS,1972,0,0,0,0,4,42.03,15,3,9,0
MAS,1977,0,0,0,0,9,43.44,17,7,9,0
MAS,1982,0,0,0,0,14,42.35,18,8,10,0
MAS,1987,0,0,0,0,19,41.36,20,9,10,0
MAS,1992,0,0,0,0,24,40.5,22,7,10,0
MAS,1997,0,0,0,0,29,40.5,22,6,10,0
MAW,1967,0,0,0,0,2,4.88,10,4,-9,0
MAW,1972,0,0,0,0,7,6.04,16,5,-9,0
MAW,1977,0,0,0,0,12,7.66,17,5,-9,0
MAW,1982,0,0,0,0,17,9.140000000000001,17,6,-9,0
MAW,1987,0,0,0,0,22,10.4,22,7,-9,0
MAW,1992,0,0,0,0,27,11.81,23,3,-9,0
MAW,1997,0,0,0,0,3,13.45,23,4,8,0
MEX,1957,0,0,0,0,27,46.68,16,5,-6,0
MEX,1962,0,0,0,0,32,50.75,20,8,-6,0
MEX,1967,0,0,0,0,37,54.93,19,7,-6,0
MEX,1972,0,0,0,0,42,59.02,20,8,-6,0
MEX,1977,0,0,0,0,47,62.76,23,7,-6,0
MEX,1982,0,0,0,0,4,66.34999999999999,24,7,-3,0
MEX,1987,0,0,0,0,9,69.55,27,9,-3,0
MEX,1992,0,0,0,0,4,72.45999999999999,28,5,0,0
MEX,1997,0,0,0,0,3,73.43000000000001,25,9,6,1
MLD,1992,0,1,0,0,0,47.77,0,0,5,4
MLD,1997,0,1,0,0,5,51.59,15,4,7,14
MLI,1962,0,0,0,0,2,11.07,10,0,-7,0
MLI,1967,0,0,0,0,7,12.6,11,0,-7,0
MLI,1972,0,0,0,0,12,14.31,13,1,-7,0
MLI,1977,0,0,0,0,17,16.21,13,5,-7,0
MLI,1982,0,0,0,0,22,18.46,15,4,-7,0
MLI,1987,0,0,0,0,27,21.01,18,4,-7,0
MLI,1992,0,1,0,0,0,23.8,19,7,7,5
MLI,1997,0,0,0,0,5,26.83,21,7,6,6
MON,1957,0,0,0,0,33,26.48,0,2,-7,0
MON,1962,0,0,0,0,38,35.68,2,3,-7,0
MON,1967,0,0,0,0,43,42.12,6,3,-7,0
MON,1972,0,0,0,0,48,45.05,8,3,-7,0
MON,1977,0,0,0,0,53,48.66,8,4,-7,0
MON,1982,0,0,0,0,58,52.08,8,4,-7,0
MON,1987,0,0,0,0,63,55.04,10,4,-7,0
MON,1992,0,0,0,0,2,57.96,13,5,2,0
MON,1997,0,0,0,0,4,60.8,15,4,9,0
MOR,1957,0,0,0,0,57,27.73,14,0,-5,12
MOR,1962,0,0,0,0,62,29.32,16,4,-5,12
MOR,1967,0,0,0,0,2,31.87,18,4,-9,15
MOR,1972,0,0,0,0,7,34.53,22,6,-9,3
MOR,1977,0,1,0,0,0,37.71,25,9,-5,6
MOR,1982,0,1,0,0,5,41.12,24,9,-5,8
MOR,1987,0,1,0,0,10,44.64,27,10,-5,13
MOR,1992,0,0,0,0,15,48.23,29,12,-4,12
MOR,1997,0,0,0,0,20,51.85,30,11,-4,7
MYA,1957,0,0,0,0,9,17.62,2,3,8,0
MYA,1962,1,1,1,1,0,19.23,13,3,-6,3
MYA,1967,1,1,1,1,5,20.97,14,3,-7,16
MYA,1972,1,1,1,1,10,22.83,13,3,-7,31
MYA,1977,1,1,1,1,15,23.92,14,3,-6,43
MYA,1982,1,1,1,1,20,23.97,13,2,-8,45
MYA,1987,1,1,1,1,25,24.02,13,2,-8,45
MYA,1992,1,1,1,1,30,24.64,15,2,-9,45
MYA,1997,1,1,1,1,35,25.85,19,4,-9,39
MZM,1977,1,0,0,0,1,8.619999999999999,0,2,-8,35
MZM,1982,1,0,0,0,6,13.11,9,1,-8,32
MZM,1987,1,0,0,0,11,19.44,11,2,-7,33
MZM,1992,1,0,0,0,16,26.63,14,1,-6,36
MZM,1997,0,0,0,0,3,33.84,18,3,6,30
NAM,1992,0,0,0,0,2,31.04,7,1,8,52
NAM,1997,0,0,0,0,7,35.99,17,1,8,32
NEP,1957,0,0,0,0,57,2.67,5,1,-7,0
NEP,1962,0,0,0,0,2,3.11,6,1,-9,0
NEP,1967,0,0,0,0,7,3.5,7,1,-9,0
NEP,1972,0,0,0,0,12,3.91,14,2,-9,0
NEP,1977,0,0,0,0,17,4.99,14,3,-9,0
NEP,1982,0,0,0,0,1,6.55,14,2,-2,0
NEP,1987,0,0,0,0,6,7.75,17,4,-2,0
NEP,1992,0,0,0,0,1,8.949999999999999,18,5,8,0
NEP,1997,0,0,0,0,6,10.31,18,4,8,0
NEW,1957,0,0,0,0,57,73.63,16,5,10,0
NEW,1962,0,0,0,0,62,76,18,6,10,0
NEW,1967,0,0,0,0,67,78.89,19,7,10,0
NEW,1972,0,0,0,0,72,81.11,19,10,10,0
NEW,1977,0,0,0,0,77,82.78,21,10,10,0
NEW,1982,0,0,0,0,82,83.43000000000001,22,12,10,0
NEW,1987,0,0,0,0,87,83.67,25,10,10,0
NEW,1992,0,0,0,0,92,84.73999999999999,24,10,10,0
NEW,1997,0,0,0,0,97,85.88,26,10,10,0
NIC,1957,0,0,0,0,21,37.22,13,0,-8,0
NIC,1962,0,0,0,0,26,39.56,15,0,-8,0
NIC,1967,0,0,0,0,31,42.74,15,0,-8,0
NIC,1972,0,0,0,0,36,47.01,17,0,-8,0
NIC,1977,0,0,0,0,41,50.3,19,0,-8,0
NIC,1982,1,1,1,0,1,53.4,20,2,-5,12
NIC,1987,1,1,1,0,3,56.45,24,3,-1,22
NIC,1992,0,0,0,0,2,59.38,25,3,6,27
NIC,1997,0,0,0,0,7,62.14,24,3,8,15
NIG,1962,0,0,0,0,2,14.38,13,3,8,0
NIG,1967,0,1,1,0,1,17.01,21,6,-7,9
NIG,1972,0,0,0,0,6,20,23,9,-7,15
NIG,1977,0,0,0,0,11,23.4,24,10,-7,15
NIG,1982,1,0,1,0,3,26.87,26,11,7,8
NIG,1987,0,0,0,0,3,30.73,29,12,-7,5
NIG,1992,0,0,0,0,8,35.01,27,9,-5,5
NIG,1997,0,0,0,0,13,39.55,28,11,-6,3
NIR,1962,0,0,0,0,3,5.79,9,0,-7,0
NIR,1967,0,0,0,0,8,6.81,13,0,-7,0
NIR,1972,0,0,0,0,13,8.51,14,1,-7,0
NIR,1977,0,0,0,0,18,10.63,15,4,-7,0
NIR,1982,0,0,0,0,23,12.6,17,6,-7,0
NIR,1987,0,0,0,0,28,14.26,20,6,-7,0
NIR,1992,0,0,0,0,0,16.1,20,5,0,0
NIR,1997,0,0,0,0,1,18.2,19,5,-6,1
NOR,1957,0,0,0,0,57,50.01,21,6,10,0
NOR,1962,0,0,0,0,62,49.91,23,7,10,0
NOR,1967,0,0,0,0,67,57.57,23,7,10,0
NOR,1972,0,0,0,0,72,65.40000000000001,26,8,10,0
NOR,1977,0,0,0,0,77,68.19,29,8,10,0
NOR,1982,0,0,0,0,82,70.55,32,10,10,0
NOR,1987,0,0,0,0,87,71.5,36,11,10,0
NOR,1992,0,0,0,0,92,72.34,36,11,10,0
NOR,1997,0,0,0,0,97,73.17,36,13,10,0
NTH,1957,0,0,0,0,40,83.88,22,9,10,0
NTH,1962,0,0,0,0,45,85.01000000000001,25,10,10,0
NTH,1967,0,0,0,0,50,85.56,26,9,10,0
NTH,1972,0,0,0,0,55,86.09999999999999,28,10,10,0
NTH,1977,0,0,0,0,60,88.40000000000001,30,11,10,0
NTH,1982,0,0,0,0,65,88.40000000000001,31,15,10,0
NTH,1987,0,0,0,0,70,88.53,37,16,10,0
NTH,1992,0,0,0,0,75,88.7,36,15,10,0
NTH,1997,0,0,0,0,80,88.97,36,17,10,0
OMA,1957,0,0,0,0,0,2.9,0,0,-10,0
OMA,1962,0,0,0,0,5,3.5,0,0,-10,0
OMA,1967,1,0,0,0,10,6.41,1,0,-10,0
OMA,1972,1,0,0,0,15,11.45,5,0,-10,4
OMA,1977,0,0,0,0,20,19.61,11,3,-10,4
OMA,1982,0,0,0,0,25,31.53,11,3,-10,4
OMA,1987,0,0,0,0,30,46.51,14,6,-10,0
OMA,1992,0,0,0,0,35,62.14,14,8,-9,0
OMA,1997,0,0,0,0,40,75.59999999999999,16,7,-9,0
PAK,1972,0,1,1,1,0,24.89,24,8,0,8
PAK,1977,0,1,1,1,0,26.4,26,7,-7,10.5
PAK,1982,0,0,0,0,5,28.07,29,5,-7,10.5
PAK,1987,0,1,0,0,2,29.81,32,8,-4,10.5
PAK,1992,0,1,0,0,4,31.88,30,10,8,10
PAK,1997,0,1,0,0,9,34.3,34,14,7,14
PAN,1957,0,0,0,0,1,38.47,8,1,4,0
PAN,1962,0,0,0,0,6,41.25,13,1,4,0
PAN,1967,0,0,0,0,11,44.43,13,2,4,0
PAN,1972,0,0,0,0,4,47.64,14,1,-7,2
PAN,1977,0,0,0,0,9,49.04,17,2,-7,2
PAN,1982,0,0,0,0,14,50.45,18,2,-5,2
PAN,1987,0,0,0,0,19,52.1,24,4,-6,0
PAN,1992,0,0,0,0,2,53.74,25,2,8,0
PAN,1997,0,0,0,0,7,55.64,24,2,9,0
PAR,1957,0,0,0,0,3,35.07,11,1,-9,0
PAR,1962,0,0,0,0,8,35.57,15,1,-9,0
PAR,1967,0,0,0,0,13,36.24,14,1,-8,0
PAR,1972,0,0,0,0,18,37.07,14,1,-8,0
PAR,1977,0,0,0,0,23,38.98,15,1,-8,0
PAR,1982,0,0,0,0,28,41.69,17,0,-8,0
PAR,1987,0,0,0,0,33,44.98,23,1,-8,0
PAR,1992,0,0,0,0,3,48.7,23,1,2,0
PAR,1997,0,0,0,0,4,52.42,27,1,7,0
PER,1957,0,0,0,0,24,40.79,14,0,4,0
PER,1962,0,0,0,0,29,46.28,17,1,5,0
PER,1967,0,0,0,0,34,51.87,18,2,5,0
PER,1972,0,0,0,0,4,57.41,22,3,-7,1
PER,1977,0,0,0,0,9,61.46,22,4,-7,1
PER,1982,1,0,1,0,2,64.56999999999999,23,6,7,2
PER,1987,1,0,1,0,7,66.86,29,7,7,13
PER,1992,1,0,1,0,0,68.90000000000001,28,5,-3,32
PER,1997,1,0,1,0,3,70.87,29,6,2,38
PHI,1957,0,0,0,0,7,28.7,13,1,5,0
PHI,1962,0,0,0,0,12,30.3,15,1,5,0
PHI,1967,0,0,0,0,17,31.6,16,3,5,0
PHI,1972,1,1,1,1,0,32.98,17,5,-9,7
PHI,1977,1,1,1,1,5,35.56,19,5,-9,19.5
PHI,1982,1,1,1,1,10,37.48,27,4,-7,34.5
PHI,1987,1,1,1,1,0,43.05,29,7,8,45.5
PHI,1992,1,1,1,1,5,48.8,30,7,9,50
PHI,1997,1,1,1,1,10,54.04,31,8,9,43
PKS,1957,0,0,0,0,1,19.71,15,5,8,12
PKS,1962,0,0,0,0,0,22.1,19,7,1,7
PKS,1967,0,0,0,0,5,23.54,20,8,1,3
PNG,1977,0,0,0,0,1,11.93,7,3,10,0
PNG,1982,0,0,0,0,6,13.05,13,7,10,0
PNG,1987,0,0,0,0,11,14,14,8,10,0
PNG,1992,0,0,0,0,16,14.99,19,5,10,5
PNG,1997,0,0,0,0,21,16.05,18,6,10,10
POL,1957,0,0,0,0,9,43.24,16,8,-7,0
POL,1962,0,0,0,0,14,47.9,17,9,-7,0
POL,1967,0,0,0,0,19,50.01,19,8,-7,0
POL,1972,0,0,0,0,24,52.32,22,10,-7,0
POL,1977,0,0,0,0,29,55.4,23,11,-7,0
POL,1982,0,0,0,0,34,58.1,23,12,-8,0
POL,1987,0,0,0,0,39,59.98,26,10,-6,0
POL,1992,0,0,0,0,1,61.83,26,13,8,0
POL,1997,0,0,0,0,6,63.65,32,9,9,0
POR,1957,0,0,0,0,27,20.58,20,6,-9,0
POR,1962,0,0,0,0,32,22.06,18,9,-9,0
POR,1967,0,0,0,0,37,23.92,21,8,-9,0
POR,1972,0,0,0,0,42,25.91,24,9,-9,0
POR,1977,0,0,0,0,1,27.66,27,9,9,0
POR,1982,0,0,0,0,6,29.44,28,7,10,0
POR,1987,0,0,0,0,11,31.41,34,8,10,0
POR,1992,0,0,0,0,16,33.47,33,13,10,0
POR,1997,0,0,0,0,21,35.59,36,14,10,0
PRK,1957,0,0,0,0,9,35.46,5,2,-8,0
PRK,1962,0,0,0,0,14,40.2,5,3,-8,0
PRK,1967,0,0,0,0,19,45.09,6,2,-9,0
PRK,1972,0,0,0,0,24,54.2,8,5,-9,0
PRK,1977,0,0,0,0,29,56.7,6,3,-9,0
PRK,1982,0,0,0,0,34,56.9,9,4,-9,0
PRK,1987,0,0,0,0,39,58.9,12,5,-9,0
PRK,1992,0,0,0,0,44,59.9,15,6,-9,0
PRK,1997,0,0,0,0,49,61.21,14,5,-9,0
QAT,1972,0,0,0,0,1,79.90000000000001,4,1,-10,0
QAT,1977,0,0,0,0,6,82.94,9,5,-10,0
QAT,1982,0,0,0,0,11,85.59999999999999,13,4,-10,0
QAT,1987,0,0,0,0,16,87.90000000000001,16,5,-10,0
QAT,1992,0,0,0,0,21,89.88,15,7,-10,0
QAT,1997,0,0,0,0,26,91.37,18,7,-10,0
ROK,1957,0,0,0,0,9,24.39,13,0,-4,0
ROK,1962,0,0,1,0,1,27.71,16,1,-7,2
ROK,1967,0,0,0,0,4,32.35,15,4,3,3
ROK,1972,0,0,0,0,9,40.71,21,6,1,3
ROK,1977,0,0,0,0,14,48.04,22,6,1,1
ROK,1982,0,0,0,0,1,56.86,26,7,1,1
ROK,1987,0,0,0,0,0,64.89,30,7,0,1
ROK,1992,0,0,0,0,4,73.84999999999999,33,9,9,1
ROK,1997,0,0,0,0,9,81.28,35,9,10,0
RUM,1957,0,0,0,0,9,30.6,13,7,-7,0
RUM,1962,0,0,0,0,14,34.21,15,8,-7,0
RUM,1967,0,0,0,0,19,37.7,18,7,-7,0
RUM,1972,0,0,0,0,24,41.83,22,7,-7,0
RUM,1977,0,0,0,0,29,46.17,24,7,-8,0
RUM,1982,0,0,0,0,34,49.08,23,9,-8,0
RUM,1987,0,0,0,0,39,51.35,36,10,-8,0
RUM,1992,0,0,0,0,2,53.61,26,11,5,3
RUM,1997,0,0,0,0,1,55.86,29,10,8,3
RUS,1992,0,1,0,0,1,74,26,13,6,2
RUS,1997,0,0,0,0,6,75.92,32,13,4,6
RVN,1957,0,0,0,0,2,,10,3,-3,30
RVN,1962,1,0,0,1,7,,13,3,-3,35
RVN,1967,1,0,0,1,12,,13,3,-3,39
RVN,1972,1,0,0,1,17,,15,4,-3,50.5
RWA,1962,0,0,0,0,2,2.4,3,0,-5,28
RWA,1967,0,0,0,0,7,2.77,13,0,-5,40
RWA,1972,0,0,0,0,12,3.19,13,1,-5,32
RWA,1977,0,0,0,0,17,4,14,3,-7,12
RWA,1982,0,0,0,0,22,4.71,15,3,-7,0
RWA,1987,0,0,0,0,27,5.01,18,2,-7,0
RWA,1992,0,1,1,1,0,5.33,19,1,0,8
RWA,1997,0,1,1,1,2,5.66,18,1,-6,23
SAF,1957,0,0,0,0,47,44.86,15,4,4,0
SAF,1962,0,0,0,0,52,46.64,16,3,4,0
SAF,1967,0,0,0,0,57,47.25,16,5,4,0
SAF,1972,0,0,0,0,62,47.81,18,6,4,0
SAF,1977,1,0,0,0,67,47.97,19,7,4,5
SAF,1982,0,0,0,0,72,48.14,18,7,4,5
SAF,1987,1,1,0,0,77,48.33,18,7,4,15
SAF,1992,1,1,0,0,82,48.83,19,6,5,22
SAF,1997,0,0,0,0,3,49.33,29,6,9,28
SAL,1957,0,0,0,0,7,37.42,12,0,-5,0
SAL,1962,0,0,0,0,12,38.35,13,0,-3,0
SAL,1967,0,0,0,0,3,38.91,14,0,0,0
SAL,1972,0,0,0,0,8,39.4,14,0,-1,0
SAL,1977,1,0,1,1,0,40.41,16,0,-6,2
SAL,1982,1,0,1,1,0,41.56,18,0,0,14
SAL,1987,1,0,1,1,3,42.71,20,1,8,29
SAL,1992,1,0,1,1,8,43.88,19,1,9,42
SAL,1997,0,0,0,0,13,45.05,21,1,9,30
SAU,1957,0,0,0,0,31,22.05,8,0,-10,0
SAU,1962,0,0,0,0,36,29.73,11,1,-10,0
SAU,1967,0,0,0,0,41,38.77,12,2,-10,0
SAU,1972,0,0,0,0,46,48.67,13,2,-10,0
SAU,1977,0,0,0,0,51,58.35,17,5,-10,0
SAU,1982,0,0,0,0,56,65.86,18,4,-10,0
SAU,1987,0,0,0,0,61,72.65000000000001,21,5,-10,0
SAU,1992,0,0,0,0,66,78.53,21,6,-10,0
SAU,1997,0,0,0,0,71,82.78,25,6,-10,0
SEN,1962,0,0,1,0,0,31.93,14,0,0,1
SEN,1967,0,0,0,0,3,32.67,16,0,-7,3
SEN,1972,0,0,0,0,8,33.42,19,1,-7,3
SEN,1977,0,0,0,0,13,34.18,19,6,-6,2
SEN,1982,0,0,0,0,1,35.9,20,8,1,0
SEN,1987,0,0,0,0,6,37.85,22,8,1,0
SEN,1992,0,1,0,0,11,40.36,23,10,1,2
SEN,1997,0,1,0,0,16,43.67,27,9,1,7
SIE,1962,0,0,0,0,1,11,8,1,6,0
SIE,1967,0,0,1,0,0,13.95,14,3,-7,1
SIE,1972,0,0,0,0,1,17.54,13,6,-6,4
SIE,1977,0,0,0,0,6,21.41,16,7,-6,4
SIE,1982,0,0,0,0,11,24.06,17,7,-7,3
SIE,1987,0,0,0,0,16,26.93,19,9,-7,0
SIE,1992,1,0,1,0,21,30,21,9,-7,4
SIE,1997,1,0,1,0,0,33.26,19,8,-7,22
SIN,1967,0,0,0,0,2,100,7,2,-2,0
SIN,1972,0,0,0,0,7,100,13,4,-2,0
SIN,1977,0,0,0,0,12,100,17,7,-2,0
SIN,1982,0,0,0,0,17,100,21,7,-2,0
SIN,1987,0,0,0,0,22,100,18,8,-2,0
SIN,1992,0,0,0,0,27,100,18,8,-2,0
SIN,1997,0,0,0,0,32,100,20,9,-2,0
SLO,1997,0,0,0,0,4,58.78,29,6,7,0
SLV,1992,0,0,0,0,1,50.47,0,0,10,0
SLV,1997,0,0,0,0,6,51.32,24,2,10,0
SOM,1962,0,0,0,0,2,17.31,7,0,7,0
SOM,1967,0,0,0,0,7,19.46,10,0,7,0
SOM,1972,0,0,0,0,3,20.35,11,0,-7,1
SOM,1977,0,0,0,0,8,21.27,11,2,-7,1
SOM,1982,0,0,0,0,13,22.22,12,2,-7,1
SOM,1987,0,0,0,0,18,23.2,17,3,-7,0
SOM,1992,1,1,1,1,0,24.21,17,5,0,18
SOM,1997,1,1,1,1,0,25.63,17,4,0,38
SPN,1957,0,0,0,0,18,54.22,20,6,-7,0
SPN,1962,0,0,0,0,23,56.57,23,11,-7,0
SPN,1967,0,0,0,0,28,61.28,24,11,-7,0
SPN,1972,0,0,0,0,33,66.04000000000001,27,12,-7,0
SPN,1977,0,0,0,0,0,69.56999999999999,30,13,0,0
SPN,1982,0,0,0,0,4,72.79000000000001,31,13,9,0
SPN,1987,0,0,0,0,9,74.20999999999999,34,14,10,0
SPN,1992,0,0,0,0,14,75.34999999999999,34,16,10,0
SPN,1997,0,0,0,0,19,76.45,37,16,10,0
SRI,1957,0,0,0,0,9,16.09,9,6,7,0
SRI,1962,0,0,0,0,14,17.92,12,6,7,0
SRI,1967,0,0,0,0,19,19.86,12,8,7,0
SRI,1972,0,0,0,0,24,21.87,16,9,8,1
SRI,1977,0,0,0,0,29,22.04,20,9,8,1
SRI,1982,0,0,0,0,34,21.57,24,10,6,1
SRI,1987,1,1,0,1,39,21.1,27,12,5,10
SRI,1992,1,1,0,1,44,21.26,27,10,5,21
SRI,1997,1,1,0,1,49,22.07,27,10,5,32
SUD,1957,0,1,1,1,3,8.08,10,1,8,3
SUD,1962,0,1,1,1,4,10.3,16,1,-7,18
SUD,1967,0,1,1,1,2,13.04,16,2,7,33
SUD,1972,0,1,1,1,1,16.38,17,2,-7,46.5
SUD,1977,0,0,0,0,6,18.94,21,4,-7,31.5
SUD,1982,0,0,0,0,11,19.96,21,4,-7,16.5
SUD,1987,0,1,1,1,1,22.37,24,5,7,18
SUD,1992,0,1,1,1,3,26.62,24,7,-7,39.5
SUD,1997,0,1,1,1,8,31.35,25,7,-7,60
SWA,1972,0,0,0,0,4,9.710000000000001,6,2,0,0
SWA,1977,0,0,0,0,4,14.01,9,3,-10,0
SWA,1982,0,0,0,0,9,17.85,12,5,-10,0
SWA,1987,0,0,0,0,14,21.81,14,6,-10,0
SWA,1992,0,0,0,0,19,26.36,18,2,-10,0
SWA,1997,0,0,0,0,24,31.07,19,2,-9,0
SWD,1957,0,0,0,0,40,69.31999999999999,21,6,10,0
SWD,1962,0,0,0,0,45,72.59,23,7,10,0
SWD,1967,0,0,0,0,50,77.06999999999999,23,7,10,0
SWD,1972,0,0,0,0,55,81.13,29,8,10,0
SWD,1977,0,0,0,0,60,82.73,30,8,10,0
SWD,1982,0,0,0,0,65,83.09,33,11,10,0
SWD,1987,0,0,0,0,70,83.09999999999999,35,13,10,0
SWD,1992,0,0,0,0,75,83.09999999999999,36,12,10,0
SWD,1997,0,0,0,0,80,83.09999999999999,36,16,10,0
SWZ,1957,0,0,0,0,57,47.66,20,6,10,0
SWZ,1962,0,0,0,0,62,51.02,19,7,10,0
SWZ,1967,0,0,0,0,67,52.82,22,7,10,0
SWZ,1972,0,0,0,0,72,54.46,27,7,10,0
SWZ,1977,0,0,0,0,77,55.75,29,6,10,0
SWZ,1982,0,0,0,0,82,57,29,8,10,0
SWZ,1987,0,0,0,0,87,58.34,33,9,10,0
SWZ,1992,0,0,0,0,92,59.69,35,11,10,0
SWZ,1997,0,0,0,0,97,61.02,37,10,10,0
SYR,1957,0,0,0,0,3,33.63,10,2,7,0
SYR,1962,0,0,1,0,1,36.76,9,1,-2,6
SYR,1967,0,0,0,0,4,40.01,16,1,-7,9
SYR,1972,0,0,0,0,9,43.35,18,7,-9,9
SYR,1977,0,0,0,0,14,45.06,22,9,-9,3
SYR,1982,0,0,0,1,19,46.71,20,7,-9,5.5
SYR,1987,0,0,0,0,24,48.44,21,8,-9,5.5
SYR,1992,0,0,0,0,29,50.2,24,9,-9,5.5
SYR,1997,0,0,0,0,34,52.22,24,9,-9,0
TAJ,1992,1,0,1,0,0,32.2,0,0,-6,4
TAJ,1997,1,0,1,0,5,32.2,13,5,-5,19
TAW,1957,0,0,0,0,8,,1,0,-8,0
TAW,1962,0,0,0,0,13,,0,0,-8,0
TAW,1967,0,0,0,0,18,,1,0,-8,0
TAW,1972,0,0,0,0,23,,2,1,-8,0
TAW,1977,0,0,0,0,28,,7,1,-7,0
TAW,1982,0,0,0,0,33,,5,1,-7,0
TAW,1987,0,0,0,0,0,,5,1,-1,0
TAW,1992,0,0,0,0,0,,5,1,7,0
TAW,1997,0,0,0,0,5,,5,2,9,0
TAZ,1962,0,0,0,0,,4.71,6,1,,0
TAZ,1967,0,0,0,0,4,5.25,14,4,-7,0
TAZ,1972,0,0,0,0,9,6.69,17,5,-7,0
TAZ,1977,0,0,0,0,14,10.08,19,7,-7,0
TAZ,1982,0,0,0,0,19,14.75,20,7,-7,0
TAZ,1987,0,0,0,0,24,17.6,24,7,-7,0
TAZ,1992,0,0,0,0,29,20.8,23,5,-6,0
TAZ,1997,0,0,0,0,2,24.24,25,5,1,0
THI,1957,0,0,1,0,2,11.47,13,4,-3,1
THI,1962,0,0,0,0,4,12.51,13,6,-7,1
THI,1967,0,1,1,0,9,12.86,14,7,-7,1
THI,1972,0,1,1,0,1,13.29,17,8,-7,1
THI,1977,0,1,1,0,0,15.1,19,8,0,5
THI,1982,0,1,1,0,4,17.04,21,8,2,6
THI,1987,0,0,0,0,9,17.87,25,9,2,5
THI,1992,0,1,1,0,0,18.72,26,11,9,3
THI,1997,0,1,1,0,5,19.95,29,12,9,12
TKM,1992,0,0,0,0,1,44.88,0,0,-9,0
TKM,1997,0,0,0,0,6,44.88,14,4,-9,0
TOG,1962,0,0,0,0,1,9.779999999999999,6,0,-6,0
TOG,1967,0,0,0,0,6,11.33,12,0,-7,0
TOG,1972,0,0,0,0,11,13.12,13,1,-7,0
TOG,1977,0,0,0,0,16,16.32,15,3,-7,0
TOG,1982,0,0,0,0,21,22.9,15,4,-7,0
TOG,1987,0,0,0,0,26,26.51,19,4,-7,0
TOG,1992,0,0,0,0,0,28.45,23,3,0,0
TOG,1997,0,0,0,0,4,30.71,23,3,-2,0
TRI,1962,0,0,0,0,0,64.47,1,0,8,0
TRI,1967,0,0,0,0,5,63.72,11,2,8,0
TRI,1972,0,0,0,0,10,63,14,5,8,0
TRI,1977,0,0,0,0,15,63,18,6,8,0
TRI,1982,0,0,0,0,20,63.09,21,7,8,0
TRI,1987,0,0,0,0,25,66.16,22,7,9,0
TRI,1992,0,0,0,0,30,69.09999999999999,22,4,9,0
TRI,1997,0,0,0,0,35,71.73999999999999,24,3,9,0
TUN,1957,0,0,0,0,,32.9,13,0,,9
TUN,1962,0,0,0,0,3,36.04,13,2,-9,9
TUN,1967,0,0,0,0,8,39.51,17,3,-9,6
TUN,1972,0,0,0,0,13,44.53,22,8,-9,0
TUN,1977,0,0,0,0,18,49.85,24,12,-9,0
TUN,1982,0,0,0,0,23,51.54,26,12,-8,0
TUN,1987,0,0,0,0,0,53.84,30,14,-5,0
TUN,1992,0,0,0,0,5,57.95,29,14,-5,0
TUN,1997,0,0,0,0,10,61.95,32,13,-3,0
TUR,1957,0,0,0,0,4,25.71,16,7,4,0
TUR,1962,0,0,0,0,1,29.74,20,7,10,0
TUR,1967,0,0,0,0,6,34.12,19,7,9,0
TUR,1972,0,0,0,0,1,38.42,22,8,-2,3
TUR,1977,0,0,0,0,4,41.6,23,11,9,3
TUR,1982,0,1,1,0,2,43.78,24,9,-5,6
TUR,1987,0,1,1,0,4,52.45,29,10,7,11
TUR,1992,0,1,1,0,9,61.18,30,12,9,21
TUR,1997,0,1,1,0,14,69.23999999999999,31,12,8,28
UAE,1972,0,0,0,0,1,57.18,0,0,-8,0
UAE,1977,0,0,0,0,6,65.40000000000001,9,4,-8,0
UAE,1982,0,0,0,0,11,71.48,14,5,-8,0
UAE,1987,0,0,0,0,16,76.87,19,6,-8,0
UAE,1992,0,0,0,0,21,80.91,20,6,-8,0
UAE,1997,0,0,0,0,26,83.84,22,6,-8,0
UGA,1962,0,0,0,0,0,5.07,1,1,7,0
UGA,1967,1,1,1,1,0,6.48,13,4,-6,3
UGA,1972,1,1,1,1,5,7.96,16,5,-7,12
UGA,1977,1,1,1,1,10,8.34,19,7,-7,27
UGA,1982,1,1,1,1,1,8.800000000000001,19,8,3,39.5
UGA,1987,1,1,1,1,1,9.92,22,9,-7,45.5
UGA,1992,1,1,1,1,6,11.16,21,7,-7,40.5
UGA,1997,1,1,1,1,4,12.54,21,7,-2,35
UK,1957,0,0,0,0,57,84.95,20,13,10,0
UK,1962,0,0,0,0,62,85.68000000000001,24,16,10,0
UK,1967,0,0,0,0,67,87.08,24,17,10,0
UK,1972,0,0,0,0,72,88.48,27,19,10,4
UK,1977,0,0,0,0,77,88.73999999999999,30,20,10,9
UK,1982,0,0,0,0,82,88.79000000000001,30,23,10,14
UK,1987,0,0,0,0,87,88.93000000000001,32,24,10,15
UK,1992,0,0,0,0,92,89.08,32,21,10,15
UK,1997,0,0,0,0,97,89.23,34,20,10,12
UKR,1992,0,0,0,0,1,67.53,10,0,6,0
UKR,1997,0,0,0,0,6,70.15000000000001,19,2,7,0
URU,1957,0,0,0,0,5,79.09999999999999,14,3,8,0
URU,1962,0,0,0,0,10,80.14,15,3,8,0
URU,1967,0,0,0,0,15,81.14,15,1,8,0
URU,1972,0,0,1,0,0,82.09999999999999,17,3,0,3
URU,1977,0,0,0,0,4,83.05,17,2,-8,4
URU,1982,0,0,0,0,9,85.23999999999999,18,2,-7,4
URU,1987,0,0,0,0,2,87.19,25,4,9,1
URU,1992,0,0,0,0,7,88.91,26,4,10,0
URU,1997,0,0,0,0,12,90.27,26,3,10,0
USS,1957,0,0,0,0,35,,12,6,-7,0
USS,1962,0,0,0,0,40,,13,8,-7,0
USS,1967,0,0,0,0,45,,17,8,-7,0
USS,1972,0,0,0,0,50,,20,10,-7,0
USS,1977,0,0,0,0,55,,20,11,-7,0
USS,1982,0,0,0,0,60,,23,13,-7,0
USS,1987,0,1,1,0,65,,25,13,-7,0
UZB,1992,0,0,0,0,1,40.57,0,0,-9,0
UZB,1997,0,0,0,0,6,41.14,16,2,-9,0
VEN,1957,0,0,0,0,17,54.09,16,1,-3,0
VEN,1962,0,0,0,0,4,61.2,16,3,6,0
VEN,1967,0,0,0,0,9,66.67,17,3,6,0
VEN,1972,0,0,0,0,2,71.56999999999999,17,4,9,0
VEN,1977,0,0,0,0,7,75.75,21,4,9,0
VEN,1982,0,0,0,0,12,79.42,21,5,9,0
VEN,1987,0,0,0,0,17,81.94,27,6,9,0
VEN,1992,0,0,0,0,22,83.98,25,5,8,0
VEN,1997,0,0,0,0,27,85.83,29,5,8,0
VIE,1977,0,0,0,0,23,18.78,18,8,-7,47
VIE,1982,0,0,0,0,28,19.25,15,7,-7,28
VIE,1987,0,0,0,0,33,19.56,18,6,-7,10.5
VIE,1992,0,0,0,0,38,19.73,18,6,-7,0
VIE,1997,0,0,0,0,43,19.44,21,6,-7,0
YAR,1957,0,0,0,0,9,,4,0,-6,0
YAR,1962,1,0,0,0,0,,5,0,0,4
YAR,1967,1,0,0,0,0,,7,0,-3,24
YAR,1972,0,0,0,0,5,,9,0,-3,32
YAR,1977,0,0,0,0,0,,10,2,-6,28
YAR,1982,0,0,0,0,5,,13,2,-6,8
YAR,1987,0,0,0,0,10,,16,3,-6,0
YEM,1992,0,0,1,0,0,28.9,17,7,0,5
YEM,1997,0,0,0,0,3,33.5,18,6,0,8
YGS,1992,0,0,0,0,39,53.19,31,7,-5,0
YGS,1997,0,0,0,0,44,56.61,24,1,-6,0
YPR,1967,0,0,0,0,0,,7,0,-5,0
YPR,1972,0,0,0,0,5,,9,0,-6,0
YPR,1977,0,0,0,0,10,,9,3,-7,0
YPR,1982,0,0,0,0,15,,10,4,-8,0
YPR,1987,0,0,0,0,20,,12,5,-7,2
YUG,1957,0,0,0,0,4,,15,2,-7,0
YUG,1962,0,0,0,0,9,,21,5,-7,0
YUG,1967,0,0,0,0,14,,21,6,-7,0
YUG,1972,0,0,0,0,19,,25,7,-7,0
YUG,1977,0,0,0,0,24,,28,8,-7,0
YUG,1982,0,0,0,0,29,,30,7,-5,1
YUG,1987,0,0,0,0,34,,31,6,-5,1
ZAI,1962,1,1,1,1,0,22.3,11,1,0,12
ZAI,1967,0,0,0,0,2,26.1,13,1,-9,23
ZAI,1972,0,0,0,0,7,30.3,17,3,-9,23
ZAI,1977,0,1,0,1,12,29.5,20,3,-9,12
ZAI,1982,0,0,0,0,17,28.72,21,6,-9,4
ZAI,1987,0,0,0,0,22,27.95,24,5,-9,5
ZAI,1992,1,1,1,0,27,27.95,25,3,-8,6
ZAI,1997,1,1,1,0,0,28.72,26,3,-7,15
ZAM,1967,0,0,0,0,3,23.32,9,3,2,0
ZAM,1972,0,0,1,0,0,30.17,15,5,-9,5
ZAM,1977,0,0,0,0,5,34.84,15,6,-9,5
ZAM,1982,0,0,0,0,10,39.82,18,8,-9,5
ZAM,1987,0,0,0,0,15,40.92,22,8,-9,0
ZAM,1992,0,0,0,0,1,41.97,22,4,6,0
ZAM,1997,0,0,0,0,1,43.03,23,4,1,1
ZIM,1967,0,0,0,0,44,14.42,5,0,4,0
ZIM,1972,1,1,1,0,49,16.93,8,0,4,0
ZIM,1977,1,1,1,0,54,19.56,2,0,4,7
ZIM,1982,1,1,1,0,59,22.27,17,5,5,16
ZIM,1987,1,1,1,0,0,25.21,20,6,-6,26
ZIM,1992,0,0,0,0,5,28.38,22,3,-6,19
ZIM,1997,0,0,0,0,10,31.78,23,5,-6,10
